ISO-10303-21;
HEADER;
FILE_DESCRIPTION(('Open CASCADE Model'),'2;1');
FILE_NAME('Open CASCADE Shape Model','2026-07-26T18:26:33',('Author'),(
    'Open CASCADE'),'Open CASCADE STEP processor 7.9','Open CASCADE 7.9'
  ,'Unknown');
FILE_SCHEMA(('AUTOMOTIVE_DESIGN { 1 0 10303 214 1 1 1 1 }'));
ENDSEC;
DATA;
#1 = APPLICATION_PROTOCOL_DEFINITION('international standard',
  'automotive_design',2000,#2);
#2 = APPLICATION_CONTEXT(
  'core data for automotive mechanical design processes');
#3 = SHAPE_DEFINITION_REPRESENTATION(#4,#10);
#4 = PRODUCT_DEFINITION_SHAPE('','',#5);
#5 = PRODUCT_DEFINITION('design','',#6,#9);
#6 = PRODUCT_DEFINITION_FORMATION('','',#7);
#7 = PRODUCT('876732cf-891f-11f1-9184-db0bafa99681',
  '876732cf-891f-11f1-9184-db0bafa99681','',(#8));
#8 = PRODUCT_CONTEXT('',#2,'mechanical');
#9 = PRODUCT_DEFINITION_CONTEXT('part definition',#2,'design');
#10 = SHAPE_REPRESENTATION('',(#11,#15,#19,#23,#27,#31,#35,#39,#43,#47),
  #51);
#11 = AXIS2_PLACEMENT_3D('',#12,#13,#14);
#12 = CARTESIAN_POINT('',(0.,0.,0.));
#13 = DIRECTION('',(0.,0.,1.));
#14 = DIRECTION('',(1.,0.,-0.));
#15 = AXIS2_PLACEMENT_3D('',#16,#17,#18);
#16 = CARTESIAN_POINT('',(0.,0.,0.));
#17 = DIRECTION('',(0.,0.,1.));
#18 = DIRECTION('',(1.,0.,-0.));
#19 = AXIS2_PLACEMENT_3D('',#20,#21,#22);
#20 = CARTESIAN_POINT('',(0.,0.,0.));
#21 = DIRECTION('',(0.,0.,1.));
#22 = DIRECTION('',(1.,0.,-0.));
#23 = AXIS2_PLACEMENT_3D('',#24,#25,#26);
#24 = CARTESIAN_POINT('',(0.,0.,0.));
#25 = DIRECTION('',(0.,0.,1.));
#26 = DIRECTION('',(1.,0.,-0.));
#27 = AXIS2_PLACEMENT_3D('',#28,#29,#30);
#28 = CARTESIAN_POINT('',(0.,0.,0.));
#29 = DIRECTION('',(0.,0.,1.));
#30 = DIRECTION('',(1.,0.,-0.));
#31 = AXIS2_PLACEMENT_3D('',#32,#33,#34);
#32 = CARTESIAN_POINT('',(0.,0.,0.));
#33 = DIRECTION('',(0.,0.,1.));
#34 = DIRECTION('',(1.,0.,-0.));
#35 = AXIS2_PLACEMENT_3D('',#36,#37,#38);
#36 = CARTESIAN_POINT('',(0.,0.,0.));
#37 = DIRECTION('',(0.,0.,1.));
#38 = DIRECTION('',(1.,0.,-0.));
#39 = AXIS2_PLACEMENT_3D('',#40,#41,#42);
#40 = CARTESIAN_POINT('',(0.,0.,0.));
#41 = DIRECTION('',(0.,0.,1.));
#42 = DIRECTION('',(1.,0.,-0.));
#43 = AXIS2_PLACEMENT_3D('',#44,#45,#46);
#44 = CARTESIAN_POINT('',(0.,0.,0.));
#45 = DIRECTION('',(0.,0.,1.));
#46 = DIRECTION('',(1.,0.,-0.));
#47 = AXIS2_PLACEMENT_3D('',#48,#49,#50);
#48 = CARTESIAN_POINT('',(0.,0.,0.));
#49 = DIRECTION('',(0.,0.,1.));
#50 = DIRECTION('',(1.,0.,-0.));
#51 = ( GEOMETRIC_REPRESENTATION_CONTEXT(3) 
GLOBAL_UNCERTAINTY_ASSIGNED_CONTEXT((#55)) GLOBAL_UNIT_ASSIGNED_CONTEXT(
(#52,#53,#54)) REPRESENTATION_CONTEXT('Context #1',
  '3D Context with UNIT and UNCERTAINTY') );
#52 = ( LENGTH_UNIT() NAMED_UNIT(*) SI_UNIT(.MILLI.,.METRE.) );
#53 = ( NAMED_UNIT(*) PLANE_ANGLE_UNIT() SI_UNIT($,.RADIAN.) );
#54 = ( NAMED_UNIT(*) SI_UNIT($,.STERADIAN.) SOLID_ANGLE_UNIT() );
#55 = UNCERTAINTY_MEASURE_WITH_UNIT(LENGTH_MEASURE(1.E-07),#52,
  'distance_accuracy_value','confusion accuracy');
#56 = PRODUCT_RELATED_PRODUCT_CATEGORY('part',$,(#7));
#57 = SHAPE_DEFINITION_REPRESENTATION(#58,#64);
#58 = PRODUCT_DEFINITION_SHAPE('','',#59);
#59 = PRODUCT_DEFINITION('design','',#60,#63);
#60 = PRODUCT_DEFINITION_FORMATION('','',#61);
#61 = PRODUCT('PCB','PCB','',(#62));
#62 = PRODUCT_CONTEXT('',#2,'mechanical');
#63 = PRODUCT_DEFINITION_CONTEXT('part definition',#2,'design');
#64 = ADVANCED_BREP_SHAPE_REPRESENTATION('',(#11,#65),#763);
#65 = MANIFOLD_SOLID_BREP('',#66);
#66 = CLOSED_SHELL('',(#67,#187,#263,#452,#501,#648,#655,#682,#709,#736)
  );
#67 = ADVANCED_FACE('',(#68),#82,.F.);
#68 = FACE_BOUND('',#69,.F.);
#69 = EDGE_LOOP('',(#70,#105,#133,#161));
#70 = ORIENTED_EDGE('',*,*,#71,.F.);
#71 = EDGE_CURVE('',#72,#74,#76,.T.);
#72 = VERTEX_POINT('',#73);
#73 = CARTESIAN_POINT('',(-10.,-16.,0.));
#74 = VERTEX_POINT('',#75);
#75 = CARTESIAN_POINT('',(-10.,-16.,1.6));
#76 = SURFACE_CURVE('',#77,(#81,#93),.PCURVE_S1.);
#77 = LINE('',#78,#79);
#78 = CARTESIAN_POINT('',(-10.,-16.,0.));
#79 = VECTOR('',#80,1.);
#80 = DIRECTION('',(0.,0.,1.));
#81 = PCURVE('',#82,#87);
#82 = PLANE('',#83);
#83 = AXIS2_PLACEMENT_3D('',#84,#85,#86);
#84 = CARTESIAN_POINT('',(-10.,-16.,0.));
#85 = DIRECTION('',(1.,0.,0.));
#86 = DIRECTION('',(0.,0.,1.));
#87 = DEFINITIONAL_REPRESENTATION('',(#88),#92);
#88 = LINE('',#89,#90);
#89 = CARTESIAN_POINT('',(0.,0.));
#90 = VECTOR('',#91,1.);
#91 = DIRECTION('',(1.,0.));
#92 = ( GEOMETRIC_REPRESENTATION_CONTEXT(2) 
PARAMETRIC_REPRESENTATION_CONTEXT() REPRESENTATION_CONTEXT('2D SPACE',''
  ) );
#93 = PCURVE('',#94,#99);
#94 = PLANE('',#95);
#95 = AXIS2_PLACEMENT_3D('',#96,#97,#98);
#96 = CARTESIAN_POINT('',(-10.,-16.,0.));
#97 = DIRECTION('',(0.,1.,0.));
#98 = DIRECTION('',(0.,0.,1.));
#99 = DEFINITIONAL_REPRESENTATION('',(#100),#104);
#100 = LINE('',#101,#102);
#101 = CARTESIAN_POINT('',(0.,0.));
#102 = VECTOR('',#103,1.);
#103 = DIRECTION('',(1.,0.));
#104 = ( GEOMETRIC_REPRESENTATION_CONTEXT(2) 
PARAMETRIC_REPRESENTATION_CONTEXT() REPRESENTATION_CONTEXT('2D SPACE',''
  ) );
#105 = ORIENTED_EDGE('',*,*,#106,.T.);
#106 = EDGE_CURVE('',#72,#107,#109,.T.);
#107 = VERTEX_POINT('',#108);
#108 = CARTESIAN_POINT('',(-10.,16.,0.));
#109 = SURFACE_CURVE('',#110,(#114,#121),.PCURVE_S1.);
#110 = LINE('',#111,#112);
#111 = CARTESIAN_POINT('',(-10.,-16.,0.));
#112 = VECTOR('',#113,1.);
#113 = DIRECTION('',(0.,1.,0.));
#114 = PCURVE('',#82,#115);
#115 = DEFINITIONAL_REPRESENTATION('',(#116),#120);
#116 = LINE('',#117,#118);
#117 = CARTESIAN_POINT('',(0.,0.));
#118 = VECTOR('',#119,1.);
#119 = DIRECTION('',(0.,-1.));
#120 = ( GEOMETRIC_REPRESENTATION_CONTEXT(2) 
PARAMETRIC_REPRESENTATION_CONTEXT() REPRESENTATION_CONTEXT('2D SPACE',''
  ) );
#121 = PCURVE('',#122,#127);
#122 = PLANE('',#123);
#123 = AXIS2_PLACEMENT_3D('',#124,#125,#126);
#124 = CARTESIAN_POINT('',(-10.,-16.,0.));
#125 = DIRECTION('',(0.,0.,1.));
#126 = DIRECTION('',(1.,0.,0.));
#127 = DEFINITIONAL_REPRESENTATION('',(#128),#132);
#128 = LINE('',#129,#130);
#129 = CARTESIAN_POINT('',(0.,0.));
#130 = VECTOR('',#131,1.);
#131 = DIRECTION('',(0.,1.));
#132 = ( GEOMETRIC_REPRESENTATION_CONTEXT(2) 
PARAMETRIC_REPRESENTATION_CONTEXT() REPRESENTATION_CONTEXT('2D SPACE',''
  ) );
#133 = ORIENTED_EDGE('',*,*,#134,.T.);
#134 = EDGE_CURVE('',#107,#135,#137,.T.);
#135 = VERTEX_POINT('',#136);
#136 = CARTESIAN_POINT('',(-10.,16.,1.6));
#137 = SURFACE_CURVE('',#138,(#142,#149),.PCURVE_S1.);
#138 = LINE('',#139,#140);
#139 = CARTESIAN_POINT('',(-10.,16.,0.));
#140 = VECTOR('',#141,1.);
#141 = DIRECTION('',(0.,0.,1.));
#142 = PCURVE('',#82,#143);
#143 = DEFINITIONAL_REPRESENTATION('',(#144),#148);
#144 = LINE('',#145,#146);
#145 = CARTESIAN_POINT('',(0.,-32.));
#146 = VECTOR('',#147,1.);
#147 = DIRECTION('',(1.,0.));
#148 = ( GEOMETRIC_REPRESENTATION_CONTEXT(2) 
PARAMETRIC_REPRESENTATION_CONTEXT() REPRESENTATION_CONTEXT('2D SPACE',''
  ) );
#149 = PCURVE('',#150,#155);
#150 = PLANE('',#151);
#151 = AXIS2_PLACEMENT_3D('',#152,#153,#154);
#152 = CARTESIAN_POINT('',(-10.,16.,0.));
#153 = DIRECTION('',(0.,1.,0.));
#154 = DIRECTION('',(0.,0.,1.));
#155 = DEFINITIONAL_REPRESENTATION('',(#156),#160);
#156 = LINE('',#157,#158);
#157 = CARTESIAN_POINT('',(0.,0.));
#158 = VECTOR('',#159,1.);
#159 = DIRECTION('',(1.,0.));
#160 = ( GEOMETRIC_REPRESENTATION_CONTEXT(2) 
PARAMETRIC_REPRESENTATION_CONTEXT() REPRESENTATION_CONTEXT('2D SPACE',''
  ) );
#161 = ORIENTED_EDGE('',*,*,#162,.F.);
#162 = EDGE_CURVE('',#74,#135,#163,.T.);
#163 = SURFACE_CURVE('',#164,(#168,#175),.PCURVE_S1.);
#164 = LINE('',#165,#166);
#165 = CARTESIAN_POINT('',(-10.,-16.,1.6));
#166 = VECTOR('',#167,1.);
#167 = DIRECTION('',(0.,1.,0.));
#168 = PCURVE('',#82,#169);
#169 = DEFINITIONAL_REPRESENTATION('',(#170),#174);
#170 = LINE('',#171,#172);
#171 = CARTESIAN_POINT('',(1.6,0.));
#172 = VECTOR('',#173,1.);
#173 = DIRECTION('',(0.,-1.));
#174 = ( GEOMETRIC_REPRESENTATION_CONTEXT(2) 
PARAMETRIC_REPRESENTATION_CONTEXT() REPRESENTATION_CONTEXT('2D SPACE',''
  ) );
#175 = PCURVE('',#176,#181);
#176 = PLANE('',#177);
#177 = AXIS2_PLACEMENT_3D('',#178,#179,#180);
#178 = CARTESIAN_POINT('',(-10.,-16.,1.6));
#179 = DIRECTION('',(0.,0.,1.));
#180 = DIRECTION('',(1.,0.,0.));
#181 = DEFINITIONAL_REPRESENTATION('',(#182),#186);
#182 = LINE('',#183,#184);
#183 = CARTESIAN_POINT('',(0.,0.));
#184 = VECTOR('',#185,1.);
#185 = DIRECTION('',(0.,1.));
#186 = ( GEOMETRIC_REPRESENTATION_CONTEXT(2) 
PARAMETRIC_REPRESENTATION_CONTEXT() REPRESENTATION_CONTEXT('2D SPACE',''
  ) );
#187 = ADVANCED_FACE('',(#188),#94,.F.);
#188 = FACE_BOUND('',#189,.F.);
#189 = EDGE_LOOP('',(#190,#213,#214,#237));
#190 = ORIENTED_EDGE('',*,*,#191,.F.);
#191 = EDGE_CURVE('',#72,#192,#194,.T.);
#192 = VERTEX_POINT('',#193);
#193 = CARTESIAN_POINT('',(10.,-16.,0.));
#194 = SURFACE_CURVE('',#195,(#199,#206),.PCURVE_S1.);
#195 = LINE('',#196,#197);
#196 = CARTESIAN_POINT('',(-10.,-16.,0.));
#197 = VECTOR('',#198,1.);
#198 = DIRECTION('',(1.,0.,0.));
#199 = PCURVE('',#94,#200);
#200 = DEFINITIONAL_REPRESENTATION('',(#201),#205);
#201 = LINE('',#202,#203);
#202 = CARTESIAN_POINT('',(0.,0.));
#203 = VECTOR('',#204,1.);
#204 = DIRECTION('',(0.,1.));
#205 = ( GEOMETRIC_REPRESENTATION_CONTEXT(2) 
PARAMETRIC_REPRESENTATION_CONTEXT() REPRESENTATION_CONTEXT('2D SPACE',''
  ) );
#206 = PCURVE('',#122,#207);
#207 = DEFINITIONAL_REPRESENTATION('',(#208),#212);
#208 = LINE('',#209,#210);
#209 = CARTESIAN_POINT('',(0.,0.));
#210 = VECTOR('',#211,1.);
#211 = DIRECTION('',(1.,0.));
#212 = ( GEOMETRIC_REPRESENTATION_CONTEXT(2) 
PARAMETRIC_REPRESENTATION_CONTEXT() REPRESENTATION_CONTEXT('2D SPACE',''
  ) );
#213 = ORIENTED_EDGE('',*,*,#71,.T.);
#214 = ORIENTED_EDGE('',*,*,#215,.T.);
#215 = EDGE_CURVE('',#74,#216,#218,.T.);
#216 = VERTEX_POINT('',#217);
#217 = CARTESIAN_POINT('',(10.,-16.,1.6));
#218 = SURFACE_CURVE('',#219,(#223,#230),.PCURVE_S1.);
#219 = LINE('',#220,#221);
#220 = CARTESIAN_POINT('',(-10.,-16.,1.6));
#221 = VECTOR('',#222,1.);
#222 = DIRECTION('',(1.,0.,0.));
#223 = PCURVE('',#94,#224);
#224 = DEFINITIONAL_REPRESENTATION('',(#225),#229);
#225 = LINE('',#226,#227);
#226 = CARTESIAN_POINT('',(1.6,0.));
#227 = VECTOR('',#228,1.);
#228 = DIRECTION('',(0.,1.));
#229 = ( GEOMETRIC_REPRESENTATION_CONTEXT(2) 
PARAMETRIC_REPRESENTATION_CONTEXT() REPRESENTATION_CONTEXT('2D SPACE',''
  ) );
#230 = PCURVE('',#176,#231);
#231 = DEFINITIONAL_REPRESENTATION('',(#232),#236);
#232 = LINE('',#233,#234);
#233 = CARTESIAN_POINT('',(0.,0.));
#234 = VECTOR('',#235,1.);
#235 = DIRECTION('',(1.,0.));
#236 = ( GEOMETRIC_REPRESENTATION_CONTEXT(2) 
PARAMETRIC_REPRESENTATION_CONTEXT() REPRESENTATION_CONTEXT('2D SPACE',''
  ) );
#237 = ORIENTED_EDGE('',*,*,#238,.F.);
#238 = EDGE_CURVE('',#192,#216,#239,.T.);
#239 = SURFACE_CURVE('',#240,(#244,#251),.PCURVE_S1.);
#240 = LINE('',#241,#242);
#241 = CARTESIAN_POINT('',(10.,-16.,0.));
#242 = VECTOR('',#243,1.);
#243 = DIRECTION('',(0.,0.,1.));
#244 = PCURVE('',#94,#245);
#245 = DEFINITIONAL_REPRESENTATION('',(#246),#250);
#246 = LINE('',#247,#248);
#247 = CARTESIAN_POINT('',(0.,20.));
#248 = VECTOR('',#249,1.);
#249 = DIRECTION('',(1.,0.));
#250 = ( GEOMETRIC_REPRESENTATION_CONTEXT(2) 
PARAMETRIC_REPRESENTATION_CONTEXT() REPRESENTATION_CONTEXT('2D SPACE',''
  ) );
#251 = PCURVE('',#252,#257);
#252 = PLANE('',#253);
#253 = AXIS2_PLACEMENT_3D('',#254,#255,#256);
#254 = CARTESIAN_POINT('',(10.,-16.,0.));
#255 = DIRECTION('',(1.,0.,0.));
#256 = DIRECTION('',(0.,0.,1.));
#257 = DEFINITIONAL_REPRESENTATION('',(#258),#262);
#258 = LINE('',#259,#260);
#259 = CARTESIAN_POINT('',(0.,0.));
#260 = VECTOR('',#261,1.);
#261 = DIRECTION('',(1.,0.));
#262 = ( GEOMETRIC_REPRESENTATION_CONTEXT(2) 
PARAMETRIC_REPRESENTATION_CONTEXT() REPRESENTATION_CONTEXT('2D SPACE',''
  ) );
#263 = ADVANCED_FACE('',(#264,#312,#347,#382,#417),#176,.T.);
#264 = FACE_BOUND('',#265,.T.);
#265 = EDGE_LOOP('',(#266,#267,#268,#291));
#266 = ORIENTED_EDGE('',*,*,#162,.F.);
#267 = ORIENTED_EDGE('',*,*,#215,.T.);
#268 = ORIENTED_EDGE('',*,*,#269,.T.);
#269 = EDGE_CURVE('',#216,#270,#272,.T.);
#270 = VERTEX_POINT('',#271);
#271 = CARTESIAN_POINT('',(10.,16.,1.6));
#272 = SURFACE_CURVE('',#273,(#277,#284),.PCURVE_S1.);
#273 = LINE('',#274,#275);
#274 = CARTESIAN_POINT('',(10.,-16.,1.6));
#275 = VECTOR('',#276,1.);
#276 = DIRECTION('',(0.,1.,0.));
#277 = PCURVE('',#176,#278);
#278 = DEFINITIONAL_REPRESENTATION('',(#279),#283);
#279 = LINE('',#280,#281);
#280 = CARTESIAN_POINT('',(20.,0.));
#281 = VECTOR('',#282,1.);
#282 = DIRECTION('',(0.,1.));
#283 = ( GEOMETRIC_REPRESENTATION_CONTEXT(2) 
PARAMETRIC_REPRESENTATION_CONTEXT() REPRESENTATION_CONTEXT('2D SPACE',''
  ) );
#284 = PCURVE('',#252,#285);
#285 = DEFINITIONAL_REPRESENTATION('',(#286),#290);
#286 = LINE('',#287,#288);
#287 = CARTESIAN_POINT('',(1.6,0.));
#288 = VECTOR('',#289,1.);
#289 = DIRECTION('',(0.,-1.));
#290 = ( GEOMETRIC_REPRESENTATION_CONTEXT(2) 
PARAMETRIC_REPRESENTATION_CONTEXT() REPRESENTATION_CONTEXT('2D SPACE',''
  ) );
#291 = ORIENTED_EDGE('',*,*,#292,.F.);
#292 = EDGE_CURVE('',#135,#270,#293,.T.);
#293 = SURFACE_CURVE('',#294,(#298,#305),.PCURVE_S1.);
#294 = LINE('',#295,#296);
#295 = CARTESIAN_POINT('',(-10.,16.,1.6));
#296 = VECTOR('',#297,1.);
#297 = DIRECTION('',(1.,0.,0.));
#298 = PCURVE('',#176,#299);
#299 = DEFINITIONAL_REPRESENTATION('',(#300),#304);
#300 = LINE('',#301,#302);
#301 = CARTESIAN_POINT('',(0.,32.));
#302 = VECTOR('',#303,1.);
#303 = DIRECTION('',(1.,0.));
#304 = ( GEOMETRIC_REPRESENTATION_CONTEXT(2) 
PARAMETRIC_REPRESENTATION_CONTEXT() REPRESENTATION_CONTEXT('2D SPACE',''
  ) );
#305 = PCURVE('',#150,#306);
#306 = DEFINITIONAL_REPRESENTATION('',(#307),#311);
#307 = LINE('',#308,#309);
#308 = CARTESIAN_POINT('',(1.6,0.));
#309 = VECTOR('',#310,1.);
#310 = DIRECTION('',(0.,1.));
#311 = ( GEOMETRIC_REPRESENTATION_CONTEXT(2) 
PARAMETRIC_REPRESENTATION_CONTEXT() REPRESENTATION_CONTEXT('2D SPACE',''
  ) );
#312 = FACE_BOUND('',#313,.T.);
#313 = EDGE_LOOP('',(#314));
#314 = ORIENTED_EDGE('',*,*,#315,.T.);
#315 = EDGE_CURVE('',#316,#316,#318,.T.);
#316 = VERTEX_POINT('',#317);
#317 = CARTESIAN_POINT('',(-9.25,-13.5,1.6));
#318 = SURFACE_CURVE('',#319,(#324,#335),.PCURVE_S1.);
#319 = CIRCLE('',#320,1.75);
#320 = AXIS2_PLACEMENT_3D('',#321,#322,#323);
#321 = CARTESIAN_POINT('',(-7.5,-13.5,1.6));
#322 = DIRECTION('',(0.,0.,-1.));
#323 = DIRECTION('',(-1.,0.,0.));
#324 = PCURVE('',#176,#325);
#325 = DEFINITIONAL_REPRESENTATION('',(#326),#334);
#326 = ( BOUNDED_CURVE() B_SPLINE_CURVE(2,(#327,#328,#329,#330,#331,#332
,#333),.UNSPECIFIED.,.T.,.F.) B_SPLINE_CURVE_WITH_KNOTS((1,2,2,2,2,1),(
    -2.094395102393,0.,2.094395102393,4.188790204786,6.28318530718,
8.377580409573),.UNSPECIFIED.) CURVE() GEOMETRIC_REPRESENTATION_ITEM() 
RATIONAL_B_SPLINE_CURVE((1.,0.5,1.,0.5,1.,0.5,1.)) REPRESENTATION_ITEM(
  '') );
#327 = CARTESIAN_POINT('',(0.75,2.5));
#328 = CARTESIAN_POINT('',(0.75,5.531088913246));
#329 = CARTESIAN_POINT('',(3.375,4.015544456623));
#330 = CARTESIAN_POINT('',(6.,2.5));
#331 = CARTESIAN_POINT('',(3.375,0.984455543377));
#332 = CARTESIAN_POINT('',(0.75,-0.531088913246));
#333 = CARTESIAN_POINT('',(0.75,2.5));
#334 = ( GEOMETRIC_REPRESENTATION_CONTEXT(2) 
PARAMETRIC_REPRESENTATION_CONTEXT() REPRESENTATION_CONTEXT('2D SPACE',''
  ) );
#335 = PCURVE('',#336,#341);
#336 = CYLINDRICAL_SURFACE('',#337,1.75);
#337 = AXIS2_PLACEMENT_3D('',#338,#339,#340);
#338 = CARTESIAN_POINT('',(-7.5,-13.5,1.6));
#339 = DIRECTION('',(0.,0.,-1.));
#340 = DIRECTION('',(-1.,0.,0.));
#341 = DEFINITIONAL_REPRESENTATION('',(#342),#346);
#342 = LINE('',#343,#344);
#343 = CARTESIAN_POINT('',(0.,0.));
#344 = VECTOR('',#345,1.);
#345 = DIRECTION('',(1.,0.));
#346 = ( GEOMETRIC_REPRESENTATION_CONTEXT(2) 
PARAMETRIC_REPRESENTATION_CONTEXT() REPRESENTATION_CONTEXT('2D SPACE',''
  ) );
#347 = FACE_BOUND('',#348,.T.);
#348 = EDGE_LOOP('',(#349));
#349 = ORIENTED_EDGE('',*,*,#350,.T.);
#350 = EDGE_CURVE('',#351,#351,#353,.T.);
#351 = VERTEX_POINT('',#352);
#352 = CARTESIAN_POINT('',(5.75,-13.5,1.6));
#353 = SURFACE_CURVE('',#354,(#359,#370),.PCURVE_S1.);
#354 = CIRCLE('',#355,1.75);
#355 = AXIS2_PLACEMENT_3D('',#356,#357,#358);
#356 = CARTESIAN_POINT('',(7.5,-13.5,1.6));
#357 = DIRECTION('',(0.,0.,-1.));
#358 = DIRECTION('',(-1.,0.,0.));
#359 = PCURVE('',#176,#360);
#360 = DEFINITIONAL_REPRESENTATION('',(#361),#369);
#361 = ( BOUNDED_CURVE() B_SPLINE_CURVE(2,(#362,#363,#364,#365,#366,#367
,#368),.UNSPECIFIED.,.T.,.F.) B_SPLINE_CURVE_WITH_KNOTS((1,2,2,2,2,1),(
    -2.094395102393,0.,2.094395102393,4.188790204786,6.28318530718,
8.377580409573),.UNSPECIFIED.) CURVE() GEOMETRIC_REPRESENTATION_ITEM() 
RATIONAL_B_SPLINE_CURVE((1.,0.5,1.,0.5,1.,0.5,1.)) REPRESENTATION_ITEM(
  '') );
#362 = CARTESIAN_POINT('',(15.75,2.5));
#363 = CARTESIAN_POINT('',(15.75,5.531088913246));
#364 = CARTESIAN_POINT('',(18.375,4.015544456623));
#365 = CARTESIAN_POINT('',(21.,2.5));
#366 = CARTESIAN_POINT('',(18.375,0.984455543377));
#367 = CARTESIAN_POINT('',(15.75,-0.531088913246));
#368 = CARTESIAN_POINT('',(15.75,2.5));
#369 = ( GEOMETRIC_REPRESENTATION_CONTEXT(2) 
PARAMETRIC_REPRESENTATION_CONTEXT() REPRESENTATION_CONTEXT('2D SPACE',''
  ) );
#370 = PCURVE('',#371,#376);
#371 = CYLINDRICAL_SURFACE('',#372,1.75);
#372 = AXIS2_PLACEMENT_3D('',#373,#374,#375);
#373 = CARTESIAN_POINT('',(7.5,-13.5,1.6));
#374 = DIRECTION('',(0.,0.,-1.));
#375 = DIRECTION('',(-1.,0.,0.));
#376 = DEFINITIONAL_REPRESENTATION('',(#377),#381);
#377 = LINE('',#378,#379);
#378 = CARTESIAN_POINT('',(0.,0.));
#379 = VECTOR('',#380,1.);
#380 = DIRECTION('',(1.,0.));
#381 = ( GEOMETRIC_REPRESENTATION_CONTEXT(2) 
PARAMETRIC_REPRESENTATION_CONTEXT() REPRESENTATION_CONTEXT('2D SPACE',''
  ) );
#382 = FACE_BOUND('',#383,.T.);
#383 = EDGE_LOOP('',(#384));
#384 = ORIENTED_EDGE('',*,*,#385,.T.);
#385 = EDGE_CURVE('',#386,#386,#388,.T.);
#386 = VERTEX_POINT('',#387);
#387 = CARTESIAN_POINT('',(-9.25,13.5,1.6));
#388 = SURFACE_CURVE('',#389,(#394,#405),.PCURVE_S1.);
#389 = CIRCLE('',#390,1.75);
#390 = AXIS2_PLACEMENT_3D('',#391,#392,#393);
#391 = CARTESIAN_POINT('',(-7.5,13.5,1.6));
#392 = DIRECTION('',(0.,0.,-1.));
#393 = DIRECTION('',(-1.,0.,0.));
#394 = PCURVE('',#176,#395);
#395 = DEFINITIONAL_REPRESENTATION('',(#396),#404);
#396 = ( BOUNDED_CURVE() B_SPLINE_CURVE(2,(#397,#398,#399,#400,#401,#402
,#403),.UNSPECIFIED.,.T.,.F.) B_SPLINE_CURVE_WITH_KNOTS((1,2,2,2,2,1),(
    -2.094395102393,0.,2.094395102393,4.188790204786,6.28318530718,
8.377580409573),.UNSPECIFIED.) CURVE() GEOMETRIC_REPRESENTATION_ITEM() 
RATIONAL_B_SPLINE_CURVE((1.,0.5,1.,0.5,1.,0.5,1.)) REPRESENTATION_ITEM(
  '') );
#397 = CARTESIAN_POINT('',(0.75,29.5));
#398 = CARTESIAN_POINT('',(0.75,32.531088913246));
#399 = CARTESIAN_POINT('',(3.375,31.015544456623));
#400 = CARTESIAN_POINT('',(6.,29.5));
#401 = CARTESIAN_POINT('',(3.375,27.984455543377));
#402 = CARTESIAN_POINT('',(0.75,26.468911086754));
#403 = CARTESIAN_POINT('',(0.75,29.5));
#404 = ( GEOMETRIC_REPRESENTATION_CONTEXT(2) 
PARAMETRIC_REPRESENTATION_CONTEXT() REPRESENTATION_CONTEXT('2D SPACE',''
  ) );
#405 = PCURVE('',#406,#411);
#406 = CYLINDRICAL_SURFACE('',#407,1.75);
#407 = AXIS2_PLACEMENT_3D('',#408,#409,#410);
#408 = CARTESIAN_POINT('',(-7.5,13.5,1.6));
#409 = DIRECTION('',(0.,0.,-1.));
#410 = DIRECTION('',(-1.,0.,0.));
#411 = DEFINITIONAL_REPRESENTATION('',(#412),#416);
#412 = LINE('',#413,#414);
#413 = CARTESIAN_POINT('',(0.,0.));
#414 = VECTOR('',#415,1.);
#415 = DIRECTION('',(1.,0.));
#416 = ( GEOMETRIC_REPRESENTATION_CONTEXT(2) 
PARAMETRIC_REPRESENTATION_CONTEXT() REPRESENTATION_CONTEXT('2D SPACE',''
  ) );
#417 = FACE_BOUND('',#418,.T.);
#418 = EDGE_LOOP('',(#419));
#419 = ORIENTED_EDGE('',*,*,#420,.T.);
#420 = EDGE_CURVE('',#421,#421,#423,.T.);
#421 = VERTEX_POINT('',#422);
#422 = CARTESIAN_POINT('',(5.75,13.5,1.6));
#423 = SURFACE_CURVE('',#424,(#429,#440),.PCURVE_S1.);
#424 = CIRCLE('',#425,1.75);
#425 = AXIS2_PLACEMENT_3D('',#426,#427,#428);
#426 = CARTESIAN_POINT('',(7.5,13.5,1.6));
#427 = DIRECTION('',(0.,0.,-1.));
#428 = DIRECTION('',(-1.,0.,0.));
#429 = PCURVE('',#176,#430);
#430 = DEFINITIONAL_REPRESENTATION('',(#431),#439);
#431 = ( BOUNDED_CURVE() B_SPLINE_CURVE(2,(#432,#433,#434,#435,#436,#437
,#438),.UNSPECIFIED.,.T.,.F.) B_SPLINE_CURVE_WITH_KNOTS((1,2,2,2,2,1),(
    -2.094395102393,0.,2.094395102393,4.188790204786,6.28318530718,
8.377580409573),.UNSPECIFIED.) CURVE() GEOMETRIC_REPRESENTATION_ITEM() 
RATIONAL_B_SPLINE_CURVE((1.,0.5,1.,0.5,1.,0.5,1.)) REPRESENTATION_ITEM(
  '') );
#432 = CARTESIAN_POINT('',(15.75,29.5));
#433 = CARTESIAN_POINT('',(15.75,32.531088913246));
#434 = CARTESIAN_POINT('',(18.375,31.015544456623));
#435 = CARTESIAN_POINT('',(21.,29.5));
#436 = CARTESIAN_POINT('',(18.375,27.984455543377));
#437 = CARTESIAN_POINT('',(15.75,26.468911086754));
#438 = CARTESIAN_POINT('',(15.75,29.5));
#439 = ( GEOMETRIC_REPRESENTATION_CONTEXT(2) 
PARAMETRIC_REPRESENTATION_CONTEXT() REPRESENTATION_CONTEXT('2D SPACE',''
  ) );
#440 = PCURVE('',#441,#446);
#441 = CYLINDRICAL_SURFACE('',#442,1.75);
#442 = AXIS2_PLACEMENT_3D('',#443,#444,#445);
#443 = CARTESIAN_POINT('',(7.5,13.5,1.6));
#444 = DIRECTION('',(0.,0.,-1.));
#445 = DIRECTION('',(-1.,0.,0.));
#446 = DEFINITIONAL_REPRESENTATION('',(#447),#451);
#447 = LINE('',#448,#449);
#448 = CARTESIAN_POINT('',(0.,0.));
#449 = VECTOR('',#450,1.);
#450 = DIRECTION('',(1.,0.));
#451 = ( GEOMETRIC_REPRESENTATION_CONTEXT(2) 
PARAMETRIC_REPRESENTATION_CONTEXT() REPRESENTATION_CONTEXT('2D SPACE',''
  ) );
#452 = ADVANCED_FACE('',(#453),#150,.T.);
#453 = FACE_BOUND('',#454,.T.);
#454 = EDGE_LOOP('',(#455,#478,#479,#480));
#455 = ORIENTED_EDGE('',*,*,#456,.F.);
#456 = EDGE_CURVE('',#107,#457,#459,.T.);
#457 = VERTEX_POINT('',#458);
#458 = CARTESIAN_POINT('',(10.,16.,0.));
#459 = SURFACE_CURVE('',#460,(#464,#471),.PCURVE_S1.);
#460 = LINE('',#461,#462);
#461 = CARTESIAN_POINT('',(-10.,16.,0.));
#462 = VECTOR('',#463,1.);
#463 = DIRECTION('',(1.,0.,0.));
#464 = PCURVE('',#150,#465);
#465 = DEFINITIONAL_REPRESENTATION('',(#466),#470);
#466 = LINE('',#467,#468);
#467 = CARTESIAN_POINT('',(0.,0.));
#468 = VECTOR('',#469,1.);
#469 = DIRECTION('',(0.,1.));
#470 = ( GEOMETRIC_REPRESENTATION_CONTEXT(2) 
PARAMETRIC_REPRESENTATION_CONTEXT() REPRESENTATION_CONTEXT('2D SPACE',''
  ) );
#471 = PCURVE('',#122,#472);
#472 = DEFINITIONAL_REPRESENTATION('',(#473),#477);
#473 = LINE('',#474,#475);
#474 = CARTESIAN_POINT('',(0.,32.));
#475 = VECTOR('',#476,1.);
#476 = DIRECTION('',(1.,0.));
#477 = ( GEOMETRIC_REPRESENTATION_CONTEXT(2) 
PARAMETRIC_REPRESENTATION_CONTEXT() REPRESENTATION_CONTEXT('2D SPACE',''
  ) );
#478 = ORIENTED_EDGE('',*,*,#134,.T.);
#479 = ORIENTED_EDGE('',*,*,#292,.T.);
#480 = ORIENTED_EDGE('',*,*,#481,.F.);
#481 = EDGE_CURVE('',#457,#270,#482,.T.);
#482 = SURFACE_CURVE('',#483,(#487,#494),.PCURVE_S1.);
#483 = LINE('',#484,#485);
#484 = CARTESIAN_POINT('',(10.,16.,0.));
#485 = VECTOR('',#486,1.);
#486 = DIRECTION('',(0.,0.,1.));
#487 = PCURVE('',#150,#488);
#488 = DEFINITIONAL_REPRESENTATION('',(#489),#493);
#489 = LINE('',#490,#491);
#490 = CARTESIAN_POINT('',(0.,20.));
#491 = VECTOR('',#492,1.);
#492 = DIRECTION('',(1.,0.));
#493 = ( GEOMETRIC_REPRESENTATION_CONTEXT(2) 
PARAMETRIC_REPRESENTATION_CONTEXT() REPRESENTATION_CONTEXT('2D SPACE',''
  ) );
#494 = PCURVE('',#252,#495);
#495 = DEFINITIONAL_REPRESENTATION('',(#496),#500);
#496 = LINE('',#497,#498);
#497 = CARTESIAN_POINT('',(0.,-32.));
#498 = VECTOR('',#499,1.);
#499 = DIRECTION('',(1.,0.));
#500 = ( GEOMETRIC_REPRESENTATION_CONTEXT(2) 
PARAMETRIC_REPRESENTATION_CONTEXT() REPRESENTATION_CONTEXT('2D SPACE',''
  ) );
#501 = ADVANCED_FACE('',(#502,#528,#558,#588,#618),#122,.F.);
#502 = FACE_BOUND('',#503,.F.);
#503 = EDGE_LOOP('',(#504,#505,#506,#527));
#504 = ORIENTED_EDGE('',*,*,#106,.F.);
#505 = ORIENTED_EDGE('',*,*,#191,.T.);
#506 = ORIENTED_EDGE('',*,*,#507,.T.);
#507 = EDGE_CURVE('',#192,#457,#508,.T.);
#508 = SURFACE_CURVE('',#509,(#513,#520),.PCURVE_S1.);
#509 = LINE('',#510,#511);
#510 = CARTESIAN_POINT('',(10.,-16.,0.));
#511 = VECTOR('',#512,1.);
#512 = DIRECTION('',(0.,1.,0.));
#513 = PCURVE('',#122,#514);
#514 = DEFINITIONAL_REPRESENTATION('',(#515),#519);
#515 = LINE('',#516,#517);
#516 = CARTESIAN_POINT('',(20.,0.));
#517 = VECTOR('',#518,1.);
#518 = DIRECTION('',(0.,1.));
#519 = ( GEOMETRIC_REPRESENTATION_CONTEXT(2) 
PARAMETRIC_REPRESENTATION_CONTEXT() REPRESENTATION_CONTEXT('2D SPACE',''
  ) );
#520 = PCURVE('',#252,#521);
#521 = DEFINITIONAL_REPRESENTATION('',(#522),#526);
#522 = LINE('',#523,#524);
#523 = CARTESIAN_POINT('',(0.,0.));
#524 = VECTOR('',#525,1.);
#525 = DIRECTION('',(0.,-1.));
#526 = ( GEOMETRIC_REPRESENTATION_CONTEXT(2) 
PARAMETRIC_REPRESENTATION_CONTEXT() REPRESENTATION_CONTEXT('2D SPACE',''
  ) );
#527 = ORIENTED_EDGE('',*,*,#456,.F.);
#528 = FACE_BOUND('',#529,.F.);
#529 = EDGE_LOOP('',(#530));
#530 = ORIENTED_EDGE('',*,*,#531,.T.);
#531 = EDGE_CURVE('',#532,#532,#534,.T.);
#532 = VERTEX_POINT('',#533);
#533 = CARTESIAN_POINT('',(-9.25,-13.5,0.));
#534 = SURFACE_CURVE('',#535,(#540,#551),.PCURVE_S1.);
#535 = CIRCLE('',#536,1.75);
#536 = AXIS2_PLACEMENT_3D('',#537,#538,#539);
#537 = CARTESIAN_POINT('',(-7.5,-13.5,0.));
#538 = DIRECTION('',(0.,0.,-1.));
#539 = DIRECTION('',(-1.,0.,0.));
#540 = PCURVE('',#122,#541);
#541 = DEFINITIONAL_REPRESENTATION('',(#542),#550);
#542 = ( BOUNDED_CURVE() B_SPLINE_CURVE(2,(#543,#544,#545,#546,#547,#548
,#549),.UNSPECIFIED.,.T.,.F.) B_SPLINE_CURVE_WITH_KNOTS((1,2,2,2,2,1),(
    -2.094395102393,0.,2.094395102393,4.188790204786,6.28318530718,
8.377580409573),.UNSPECIFIED.) CURVE() GEOMETRIC_REPRESENTATION_ITEM() 
RATIONAL_B_SPLINE_CURVE((1.,0.5,1.,0.5,1.,0.5,1.)) REPRESENTATION_ITEM(
  '') );
#543 = CARTESIAN_POINT('',(0.75,2.5));
#544 = CARTESIAN_POINT('',(0.75,5.531088913246));
#545 = CARTESIAN_POINT('',(3.375,4.015544456623));
#546 = CARTESIAN_POINT('',(6.,2.5));
#547 = CARTESIAN_POINT('',(3.375,0.984455543377));
#548 = CARTESIAN_POINT('',(0.75,-0.531088913246));
#549 = CARTESIAN_POINT('',(0.75,2.5));
#550 = ( GEOMETRIC_REPRESENTATION_CONTEXT(2) 
PARAMETRIC_REPRESENTATION_CONTEXT() REPRESENTATION_CONTEXT('2D SPACE',''
  ) );
#551 = PCURVE('',#336,#552);
#552 = DEFINITIONAL_REPRESENTATION('',(#553),#557);
#553 = LINE('',#554,#555);
#554 = CARTESIAN_POINT('',(0.,1.6));
#555 = VECTOR('',#556,1.);
#556 = DIRECTION('',(1.,0.));
#557 = ( GEOMETRIC_REPRESENTATION_CONTEXT(2) 
PARAMETRIC_REPRESENTATION_CONTEXT() REPRESENTATION_CONTEXT('2D SPACE',''
  ) );
#558 = FACE_BOUND('',#559,.F.);
#559 = EDGE_LOOP('',(#560));
#560 = ORIENTED_EDGE('',*,*,#561,.T.);
#561 = EDGE_CURVE('',#562,#562,#564,.T.);
#562 = VERTEX_POINT('',#563);
#563 = CARTESIAN_POINT('',(5.75,-13.5,0.));
#564 = SURFACE_CURVE('',#565,(#570,#581),.PCURVE_S1.);
#565 = CIRCLE('',#566,1.75);
#566 = AXIS2_PLACEMENT_3D('',#567,#568,#569);
#567 = CARTESIAN_POINT('',(7.5,-13.5,0.));
#568 = DIRECTION('',(0.,0.,-1.));
#569 = DIRECTION('',(-1.,0.,0.));
#570 = PCURVE('',#122,#571);
#571 = DEFINITIONAL_REPRESENTATION('',(#572),#580);
#572 = ( BOUNDED_CURVE() B_SPLINE_CURVE(2,(#573,#574,#575,#576,#577,#578
,#579),.UNSPECIFIED.,.T.,.F.) B_SPLINE_CURVE_WITH_KNOTS((1,2,2,2,2,1),(
    -2.094395102393,0.,2.094395102393,4.188790204786,6.28318530718,
8.377580409573),.UNSPECIFIED.) CURVE() GEOMETRIC_REPRESENTATION_ITEM() 
RATIONAL_B_SPLINE_CURVE((1.,0.5,1.,0.5,1.,0.5,1.)) REPRESENTATION_ITEM(
  '') );
#573 = CARTESIAN_POINT('',(15.75,2.5));
#574 = CARTESIAN_POINT('',(15.75,5.531088913246));
#575 = CARTESIAN_POINT('',(18.375,4.015544456623));
#576 = CARTESIAN_POINT('',(21.,2.5));
#577 = CARTESIAN_POINT('',(18.375,0.984455543377));
#578 = CARTESIAN_POINT('',(15.75,-0.531088913246));
#579 = CARTESIAN_POINT('',(15.75,2.5));
#580 = ( GEOMETRIC_REPRESENTATION_CONTEXT(2) 
PARAMETRIC_REPRESENTATION_CONTEXT() REPRESENTATION_CONTEXT('2D SPACE',''
  ) );
#581 = PCURVE('',#371,#582);
#582 = DEFINITIONAL_REPRESENTATION('',(#583),#587);
#583 = LINE('',#584,#585);
#584 = CARTESIAN_POINT('',(0.,1.6));
#585 = VECTOR('',#586,1.);
#586 = DIRECTION('',(1.,0.));
#587 = ( GEOMETRIC_REPRESENTATION_CONTEXT(2) 
PARAMETRIC_REPRESENTATION_CONTEXT() REPRESENTATION_CONTEXT('2D SPACE',''
  ) );
#588 = FACE_BOUND('',#589,.F.);
#589 = EDGE_LOOP('',(#590));
#590 = ORIENTED_EDGE('',*,*,#591,.T.);
#591 = EDGE_CURVE('',#592,#592,#594,.T.);
#592 = VERTEX_POINT('',#593);
#593 = CARTESIAN_POINT('',(-9.25,13.5,0.));
#594 = SURFACE_CURVE('',#595,(#600,#611),.PCURVE_S1.);
#595 = CIRCLE('',#596,1.75);
#596 = AXIS2_PLACEMENT_3D('',#597,#598,#599);
#597 = CARTESIAN_POINT('',(-7.5,13.5,0.));
#598 = DIRECTION('',(0.,0.,-1.));
#599 = DIRECTION('',(-1.,0.,0.));
#600 = PCURVE('',#122,#601);
#601 = DEFINITIONAL_REPRESENTATION('',(#602),#610);
#602 = ( BOUNDED_CURVE() B_SPLINE_CURVE(2,(#603,#604,#605,#606,#607,#608
,#609),.UNSPECIFIED.,.T.,.F.) B_SPLINE_CURVE_WITH_KNOTS((1,2,2,2,2,1),(
    -2.094395102393,0.,2.094395102393,4.188790204786,6.28318530718,
8.377580409573),.UNSPECIFIED.) CURVE() GEOMETRIC_REPRESENTATION_ITEM() 
RATIONAL_B_SPLINE_CURVE((1.,0.5,1.,0.5,1.,0.5,1.)) REPRESENTATION_ITEM(
  '') );
#603 = CARTESIAN_POINT('',(0.75,29.5));
#604 = CARTESIAN_POINT('',(0.75,32.531088913246));
#605 = CARTESIAN_POINT('',(3.375,31.015544456623));
#606 = CARTESIAN_POINT('',(6.,29.5));
#607 = CARTESIAN_POINT('',(3.375,27.984455543377));
#608 = CARTESIAN_POINT('',(0.75,26.468911086754));
#609 = CARTESIAN_POINT('',(0.75,29.5));
#610 = ( GEOMETRIC_REPRESENTATION_CONTEXT(2) 
PARAMETRIC_REPRESENTATION_CONTEXT() REPRESENTATION_CONTEXT('2D SPACE',''
  ) );
#611 = PCURVE('',#406,#612);
#612 = DEFINITIONAL_REPRESENTATION('',(#613),#617);
#613 = LINE('',#614,#615);
#614 = CARTESIAN_POINT('',(0.,1.6));
#615 = VECTOR('',#616,1.);
#616 = DIRECTION('',(1.,0.));
#617 = ( GEOMETRIC_REPRESENTATION_CONTEXT(2) 
PARAMETRIC_REPRESENTATION_CONTEXT() REPRESENTATION_CONTEXT('2D SPACE',''
  ) );
#618 = FACE_BOUND('',#619,.F.);
#619 = EDGE_LOOP('',(#620));
#620 = ORIENTED_EDGE('',*,*,#621,.T.);
#621 = EDGE_CURVE('',#622,#622,#624,.T.);
#622 = VERTEX_POINT('',#623);
#623 = CARTESIAN_POINT('',(5.75,13.5,0.));
#624 = SURFACE_CURVE('',#625,(#630,#641),.PCURVE_S1.);
#625 = CIRCLE('',#626,1.75);
#626 = AXIS2_PLACEMENT_3D('',#627,#628,#629);
#627 = CARTESIAN_POINT('',(7.5,13.5,0.));
#628 = DIRECTION('',(0.,0.,-1.));
#629 = DIRECTION('',(-1.,0.,0.));
#630 = PCURVE('',#122,#631);
#631 = DEFINITIONAL_REPRESENTATION('',(#632),#640);
#632 = ( BOUNDED_CURVE() B_SPLINE_CURVE(2,(#633,#634,#635,#636,#637,#638
,#639),.UNSPECIFIED.,.T.,.F.) B_SPLINE_CURVE_WITH_KNOTS((1,2,2,2,2,1),(
    -2.094395102393,0.,2.094395102393,4.188790204786,6.28318530718,
8.377580409573),.UNSPECIFIED.) CURVE() GEOMETRIC_REPRESENTATION_ITEM() 
RATIONAL_B_SPLINE_CURVE((1.,0.5,1.,0.5,1.,0.5,1.)) REPRESENTATION_ITEM(
  '') );
#633 = CARTESIAN_POINT('',(15.75,29.5));
#634 = CARTESIAN_POINT('',(15.75,32.531088913246));
#635 = CARTESIAN_POINT('',(18.375,31.015544456623));
#636 = CARTESIAN_POINT('',(21.,29.5));
#637 = CARTESIAN_POINT('',(18.375,27.984455543377));
#638 = CARTESIAN_POINT('',(15.75,26.468911086754));
#639 = CARTESIAN_POINT('',(15.75,29.5));
#640 = ( GEOMETRIC_REPRESENTATION_CONTEXT(2) 
PARAMETRIC_REPRESENTATION_CONTEXT() REPRESENTATION_CONTEXT('2D SPACE',''
  ) );
#641 = PCURVE('',#441,#642);
#642 = DEFINITIONAL_REPRESENTATION('',(#643),#647);
#643 = LINE('',#644,#645);
#644 = CARTESIAN_POINT('',(0.,1.6));
#645 = VECTOR('',#646,1.);
#646 = DIRECTION('',(1.,0.));
#647 = ( GEOMETRIC_REPRESENTATION_CONTEXT(2) 
PARAMETRIC_REPRESENTATION_CONTEXT() REPRESENTATION_CONTEXT('2D SPACE',''
  ) );
#648 = ADVANCED_FACE('',(#649),#252,.T.);
#649 = FACE_BOUND('',#650,.T.);
#650 = EDGE_LOOP('',(#651,#652,#653,#654));
#651 = ORIENTED_EDGE('',*,*,#238,.F.);
#652 = ORIENTED_EDGE('',*,*,#507,.T.);
#653 = ORIENTED_EDGE('',*,*,#481,.T.);
#654 = ORIENTED_EDGE('',*,*,#269,.F.);
#655 = ADVANCED_FACE('',(#656),#336,.F.);
#656 = FACE_BOUND('',#657,.F.);
#657 = EDGE_LOOP('',(#658,#659,#680,#681));
#658 = ORIENTED_EDGE('',*,*,#531,.F.);
#659 = ORIENTED_EDGE('',*,*,#660,.F.);
#660 = EDGE_CURVE('',#316,#532,#661,.T.);
#661 = SEAM_CURVE('',#662,(#666,#673),.PCURVE_S1.);
#662 = LINE('',#663,#664);
#663 = CARTESIAN_POINT('',(-9.25,-13.5,1.6));
#664 = VECTOR('',#665,1.);
#665 = DIRECTION('',(0.,0.,-1.));
#666 = PCURVE('',#336,#667);
#667 = DEFINITIONAL_REPRESENTATION('',(#668),#672);
#668 = LINE('',#669,#670);
#669 = CARTESIAN_POINT('',(6.28318530718,-0.));
#670 = VECTOR('',#671,1.);
#671 = DIRECTION('',(0.,1.));
#672 = ( GEOMETRIC_REPRESENTATION_CONTEXT(2) 
PARAMETRIC_REPRESENTATION_CONTEXT() REPRESENTATION_CONTEXT('2D SPACE',''
  ) );
#673 = PCURVE('',#336,#674);
#674 = DEFINITIONAL_REPRESENTATION('',(#675),#679);
#675 = LINE('',#676,#677);
#676 = CARTESIAN_POINT('',(0.,-0.));
#677 = VECTOR('',#678,1.);
#678 = DIRECTION('',(0.,1.));
#679 = ( GEOMETRIC_REPRESENTATION_CONTEXT(2) 
PARAMETRIC_REPRESENTATION_CONTEXT() REPRESENTATION_CONTEXT('2D SPACE',''
  ) );
#680 = ORIENTED_EDGE('',*,*,#315,.T.);
#681 = ORIENTED_EDGE('',*,*,#660,.T.);
#682 = ADVANCED_FACE('',(#683),#371,.F.);
#683 = FACE_BOUND('',#684,.F.);
#684 = EDGE_LOOP('',(#685,#686,#707,#708));
#685 = ORIENTED_EDGE('',*,*,#561,.F.);
#686 = ORIENTED_EDGE('',*,*,#687,.F.);
#687 = EDGE_CURVE('',#351,#562,#688,.T.);
#688 = SEAM_CURVE('',#689,(#693,#700),.PCURVE_S1.);
#689 = LINE('',#690,#691);
#690 = CARTESIAN_POINT('',(5.75,-13.5,1.6));
#691 = VECTOR('',#692,1.);
#692 = DIRECTION('',(0.,0.,-1.));
#693 = PCURVE('',#371,#694);
#694 = DEFINITIONAL_REPRESENTATION('',(#695),#699);
#695 = LINE('',#696,#697);
#696 = CARTESIAN_POINT('',(6.28318530718,-0.));
#697 = VECTOR('',#698,1.);
#698 = DIRECTION('',(0.,1.));
#699 = ( GEOMETRIC_REPRESENTATION_CONTEXT(2) 
PARAMETRIC_REPRESENTATION_CONTEXT() REPRESENTATION_CONTEXT('2D SPACE',''
  ) );
#700 = PCURVE('',#371,#701);
#701 = DEFINITIONAL_REPRESENTATION('',(#702),#706);
#702 = LINE('',#703,#704);
#703 = CARTESIAN_POINT('',(0.,-0.));
#704 = VECTOR('',#705,1.);
#705 = DIRECTION('',(0.,1.));
#706 = ( GEOMETRIC_REPRESENTATION_CONTEXT(2) 
PARAMETRIC_REPRESENTATION_CONTEXT() REPRESENTATION_CONTEXT('2D SPACE',''
  ) );
#707 = ORIENTED_EDGE('',*,*,#350,.T.);
#708 = ORIENTED_EDGE('',*,*,#687,.T.);
#709 = ADVANCED_FACE('',(#710),#406,.F.);
#710 = FACE_BOUND('',#711,.F.);
#711 = EDGE_LOOP('',(#712,#713,#734,#735));
#712 = ORIENTED_EDGE('',*,*,#591,.F.);
#713 = ORIENTED_EDGE('',*,*,#714,.F.);
#714 = EDGE_CURVE('',#386,#592,#715,.T.);
#715 = SEAM_CURVE('',#716,(#720,#727),.PCURVE_S1.);
#716 = LINE('',#717,#718);
#717 = CARTESIAN_POINT('',(-9.25,13.5,1.6));
#718 = VECTOR('',#719,1.);
#719 = DIRECTION('',(0.,0.,-1.));
#720 = PCURVE('',#406,#721);
#721 = DEFINITIONAL_REPRESENTATION('',(#722),#726);
#722 = LINE('',#723,#724);
#723 = CARTESIAN_POINT('',(6.28318530718,-0.));
#724 = VECTOR('',#725,1.);
#725 = DIRECTION('',(0.,1.));
#726 = ( GEOMETRIC_REPRESENTATION_CONTEXT(2) 
PARAMETRIC_REPRESENTATION_CONTEXT() REPRESENTATION_CONTEXT('2D SPACE',''
  ) );
#727 = PCURVE('',#406,#728);
#728 = DEFINITIONAL_REPRESENTATION('',(#729),#733);
#729 = LINE('',#730,#731);
#730 = CARTESIAN_POINT('',(0.,-0.));
#731 = VECTOR('',#732,1.);
#732 = DIRECTION('',(0.,1.));
#733 = ( GEOMETRIC_REPRESENTATION_CONTEXT(2) 
PARAMETRIC_REPRESENTATION_CONTEXT() REPRESENTATION_CONTEXT('2D SPACE',''
  ) );
#734 = ORIENTED_EDGE('',*,*,#385,.T.);
#735 = ORIENTED_EDGE('',*,*,#714,.T.);
#736 = ADVANCED_FACE('',(#737),#441,.F.);
#737 = FACE_BOUND('',#738,.F.);
#738 = EDGE_LOOP('',(#739,#740,#761,#762));
#739 = ORIENTED_EDGE('',*,*,#621,.F.);
#740 = ORIENTED_EDGE('',*,*,#741,.F.);
#741 = EDGE_CURVE('',#421,#622,#742,.T.);
#742 = SEAM_CURVE('',#743,(#747,#754),.PCURVE_S1.);
#743 = LINE('',#744,#745);
#744 = CARTESIAN_POINT('',(5.75,13.5,1.6));
#745 = VECTOR('',#746,1.);
#746 = DIRECTION('',(0.,0.,-1.));
#747 = PCURVE('',#441,#748);
#748 = DEFINITIONAL_REPRESENTATION('',(#749),#753);
#749 = LINE('',#750,#751);
#750 = CARTESIAN_POINT('',(6.28318530718,-0.));
#751 = VECTOR('',#752,1.);
#752 = DIRECTION('',(0.,1.));
#753 = ( GEOMETRIC_REPRESENTATION_CONTEXT(2) 
PARAMETRIC_REPRESENTATION_CONTEXT() REPRESENTATION_CONTEXT('2D SPACE',''
  ) );
#754 = PCURVE('',#441,#755);
#755 = DEFINITIONAL_REPRESENTATION('',(#756),#760);
#756 = LINE('',#757,#758);
#757 = CARTESIAN_POINT('',(0.,-0.));
#758 = VECTOR('',#759,1.);
#759 = DIRECTION('',(0.,1.));
#760 = ( GEOMETRIC_REPRESENTATION_CONTEXT(2) 
PARAMETRIC_REPRESENTATION_CONTEXT() REPRESENTATION_CONTEXT('2D SPACE',''
  ) );
#761 = ORIENTED_EDGE('',*,*,#420,.T.);
#762 = ORIENTED_EDGE('',*,*,#741,.T.);
#763 = ( GEOMETRIC_REPRESENTATION_CONTEXT(3) 
GLOBAL_UNCERTAINTY_ASSIGNED_CONTEXT((#767)) GLOBAL_UNIT_ASSIGNED_CONTEXT
((#764,#765,#766)) REPRESENTATION_CONTEXT('Context #1',
  '3D Context with UNIT and UNCERTAINTY') );
#764 = ( LENGTH_UNIT() NAMED_UNIT(*) SI_UNIT(.MILLI.,.METRE.) );
#765 = ( NAMED_UNIT(*) PLANE_ANGLE_UNIT() SI_UNIT($,.RADIAN.) );
#766 = ( NAMED_UNIT(*) SI_UNIT($,.STERADIAN.) SOLID_ANGLE_UNIT() );
#767 = UNCERTAINTY_MEASURE_WITH_UNIT(LENGTH_MEASURE(1.E-07),#764,
  'distance_accuracy_value','confusion accuracy');
#768 = CONTEXT_DEPENDENT_SHAPE_REPRESENTATION(#769,#771);
#769 = ( REPRESENTATION_RELATIONSHIP('','',#64,#10) 
REPRESENTATION_RELATIONSHIP_WITH_TRANSFORMATION(#770) 
SHAPE_REPRESENTATION_RELATIONSHIP() );
#770 = ITEM_DEFINED_TRANSFORMATION('','',#11,#15);
#771 = PRODUCT_DEFINITION_SHAPE('Placement','Placement of an item',#772
  );
#772 = NEXT_ASSEMBLY_USAGE_OCCURRENCE('1','PCB','',#5,#59,$);
#773 = PRODUCT_RELATED_PRODUCT_CATEGORY('part',$,(#61));
#774 = SHAPE_DEFINITION_REPRESENTATION(#775,#781);
#775 = PRODUCT_DEFINITION_SHAPE('','',#776);
#776 = PRODUCT_DEFINITION('design','',#777,#780);
#777 = PRODUCT_DEFINITION_FORMATION('','',#778);
#778 = PRODUCT('Header_Base','Header_Base','',(#779));
#779 = PRODUCT_CONTEXT('',#2,'mechanical');
#780 = PRODUCT_DEFINITION_CONTEXT('part definition',#2,'design');
#781 = ADVANCED_BREP_SHAPE_REPRESENTATION('',(#11,#782),#1112);
#782 = MANIFOLD_SOLID_BREP('',#783);
#783 = CLOSED_SHELL('',(#784,#904,#1004,#1051,#1098,#1105));
#784 = ADVANCED_FACE('',(#785),#799,.F.);
#785 = FACE_BOUND('',#786,.F.);
#786 = EDGE_LOOP('',(#787,#822,#850,#878));
#787 = ORIENTED_EDGE('',*,*,#788,.F.);
#788 = EDGE_CURVE('',#789,#791,#793,.T.);
#789 = VERTEX_POINT('',#790);
#790 = CARTESIAN_POINT('',(-5.68,-12.75,-2.8));
#791 = VERTEX_POINT('',#792);
#792 = CARTESIAN_POINT('',(-5.68,-12.75,0.));
#793 = SURFACE_CURVE('',#794,(#798,#810),.PCURVE_S1.);
#794 = LINE('',#795,#796);
#795 = CARTESIAN_POINT('',(-5.68,-12.75,-2.8));
#796 = VECTOR('',#797,1.);
#797 = DIRECTION('',(0.,0.,1.));
#798 = PCURVE('',#799,#804);
#799 = PLANE('',#800);
#800 = AXIS2_PLACEMENT_3D('',#801,#802,#803);
#801 = CARTESIAN_POINT('',(-5.68,-12.75,-2.8));
#802 = DIRECTION('',(1.,0.,0.));
#803 = DIRECTION('',(0.,0.,1.));
#804 = DEFINITIONAL_REPRESENTATION('',(#805),#809);
#805 = LINE('',#806,#807);
#806 = CARTESIAN_POINT('',(0.,0.));
#807 = VECTOR('',#808,1.);
#808 = DIRECTION('',(1.,0.));
#809 = ( GEOMETRIC_REPRESENTATION_CONTEXT(2) 
PARAMETRIC_REPRESENTATION_CONTEXT() REPRESENTATION_CONTEXT('2D SPACE',''
  ) );
#810 = PCURVE('',#811,#816);
#811 = PLANE('',#812);
#812 = AXIS2_PLACEMENT_3D('',#813,#814,#815);
#813 = CARTESIAN_POINT('',(-5.68,-12.75,-2.8));
#814 = DIRECTION('',(0.,1.,0.));
#815 = DIRECTION('',(0.,0.,1.));
#816 = DEFINITIONAL_REPRESENTATION('',(#817),#821);
#817 = LINE('',#818,#819);
#818 = CARTESIAN_POINT('',(0.,0.));
#819 = VECTOR('',#820,1.);
#820 = DIRECTION('',(1.,0.));
#821 = ( GEOMETRIC_REPRESENTATION_CONTEXT(2) 
PARAMETRIC_REPRESENTATION_CONTEXT() REPRESENTATION_CONTEXT('2D SPACE',''
  ) );
#822 = ORIENTED_EDGE('',*,*,#823,.T.);
#823 = EDGE_CURVE('',#789,#824,#826,.T.);
#824 = VERTEX_POINT('',#825);
#825 = CARTESIAN_POINT('',(-5.68,-10.25,-2.8));
#826 = SURFACE_CURVE('',#827,(#831,#838),.PCURVE_S1.);
#827 = LINE('',#828,#829);
#828 = CARTESIAN_POINT('',(-5.68,-12.75,-2.8));
#829 = VECTOR('',#830,1.);
#830 = DIRECTION('',(0.,1.,0.));
#831 = PCURVE('',#799,#832);
#832 = DEFINITIONAL_REPRESENTATION('',(#833),#837);
#833 = LINE('',#834,#835);
#834 = CARTESIAN_POINT('',(0.,0.));
#835 = VECTOR('',#836,1.);
#836 = DIRECTION('',(0.,-1.));
#837 = ( GEOMETRIC_REPRESENTATION_CONTEXT(2) 
PARAMETRIC_REPRESENTATION_CONTEXT() REPRESENTATION_CONTEXT('2D SPACE',''
  ) );
#838 = PCURVE('',#839,#844);
#839 = PLANE('',#840);
#840 = AXIS2_PLACEMENT_3D('',#841,#842,#843);
#841 = CARTESIAN_POINT('',(-5.68,-12.75,-2.8));
#842 = DIRECTION('',(0.,0.,1.));
#843 = DIRECTION('',(1.,0.,0.));
#844 = DEFINITIONAL_REPRESENTATION('',(#845),#849);
#845 = LINE('',#846,#847);
#846 = CARTESIAN_POINT('',(0.,0.));
#847 = VECTOR('',#848,1.);
#848 = DIRECTION('',(0.,1.));
#849 = ( GEOMETRIC_REPRESENTATION_CONTEXT(2) 
PARAMETRIC_REPRESENTATION_CONTEXT() REPRESENTATION_CONTEXT('2D SPACE',''
  ) );
#850 = ORIENTED_EDGE('',*,*,#851,.T.);
#851 = EDGE_CURVE('',#824,#852,#854,.T.);
#852 = VERTEX_POINT('',#853);
#853 = CARTESIAN_POINT('',(-5.68,-10.25,0.));
#854 = SURFACE_CURVE('',#855,(#859,#866),.PCURVE_S1.);
#855 = LINE('',#856,#857);
#856 = CARTESIAN_POINT('',(-5.68,-10.25,-2.8));
#857 = VECTOR('',#858,1.);
#858 = DIRECTION('',(0.,0.,1.));
#859 = PCURVE('',#799,#860);
#860 = DEFINITIONAL_REPRESENTATION('',(#861),#865);
#861 = LINE('',#862,#863);
#862 = CARTESIAN_POINT('',(0.,-2.5));
#863 = VECTOR('',#864,1.);
#864 = DIRECTION('',(1.,0.));
#865 = ( GEOMETRIC_REPRESENTATION_CONTEXT(2) 
PARAMETRIC_REPRESENTATION_CONTEXT() REPRESENTATION_CONTEXT('2D SPACE',''
  ) );
#866 = PCURVE('',#867,#872);
#867 = PLANE('',#868);
#868 = AXIS2_PLACEMENT_3D('',#869,#870,#871);
#869 = CARTESIAN_POINT('',(-5.68,-10.25,-2.8));
#870 = DIRECTION('',(0.,1.,0.));
#871 = DIRECTION('',(0.,0.,1.));
#872 = DEFINITIONAL_REPRESENTATION('',(#873),#877);
#873 = LINE('',#874,#875);
#874 = CARTESIAN_POINT('',(0.,0.));
#875 = VECTOR('',#876,1.);
#876 = DIRECTION('',(1.,0.));
#877 = ( GEOMETRIC_REPRESENTATION_CONTEXT(2) 
PARAMETRIC_REPRESENTATION_CONTEXT() REPRESENTATION_CONTEXT('2D SPACE',''
  ) );
#878 = ORIENTED_EDGE('',*,*,#879,.F.);
#879 = EDGE_CURVE('',#791,#852,#880,.T.);
#880 = SURFACE_CURVE('',#881,(#885,#892),.PCURVE_S1.);
#881 = LINE('',#882,#883);
#882 = CARTESIAN_POINT('',(-5.68,-12.75,0.));
#883 = VECTOR('',#884,1.);
#884 = DIRECTION('',(0.,1.,0.));
#885 = PCURVE('',#799,#886);
#886 = DEFINITIONAL_REPRESENTATION('',(#887),#891);
#887 = LINE('',#888,#889);
#888 = CARTESIAN_POINT('',(2.8,0.));
#889 = VECTOR('',#890,1.);
#890 = DIRECTION('',(0.,-1.));
#891 = ( GEOMETRIC_REPRESENTATION_CONTEXT(2) 
PARAMETRIC_REPRESENTATION_CONTEXT() REPRESENTATION_CONTEXT('2D SPACE',''
  ) );
#892 = PCURVE('',#893,#898);
#893 = PLANE('',#894);
#894 = AXIS2_PLACEMENT_3D('',#895,#896,#897);
#895 = CARTESIAN_POINT('',(-5.68,-12.75,0.));
#896 = DIRECTION('',(0.,0.,1.));
#897 = DIRECTION('',(1.,0.,0.));
#898 = DEFINITIONAL_REPRESENTATION('',(#899),#903);
#899 = LINE('',#900,#901);
#900 = CARTESIAN_POINT('',(0.,0.));
#901 = VECTOR('',#902,1.);
#902 = DIRECTION('',(0.,1.));
#903 = ( GEOMETRIC_REPRESENTATION_CONTEXT(2) 
PARAMETRIC_REPRESENTATION_CONTEXT() REPRESENTATION_CONTEXT('2D SPACE',''
  ) );
#904 = ADVANCED_FACE('',(#905),#919,.T.);
#905 = FACE_BOUND('',#906,.T.);
#906 = EDGE_LOOP('',(#907,#937,#960,#983));
#907 = ORIENTED_EDGE('',*,*,#908,.F.);
#908 = EDGE_CURVE('',#909,#911,#913,.T.);
#909 = VERTEX_POINT('',#910);
#910 = CARTESIAN_POINT('',(5.68,-12.75,-2.8));
#911 = VERTEX_POINT('',#912);
#912 = CARTESIAN_POINT('',(5.68,-12.75,0.));
#913 = SURFACE_CURVE('',#914,(#918,#930),.PCURVE_S1.);
#914 = LINE('',#915,#916);
#915 = CARTESIAN_POINT('',(5.68,-12.75,-2.8));
#916 = VECTOR('',#917,1.);
#917 = DIRECTION('',(0.,0.,1.));
#918 = PCURVE('',#919,#924);
#919 = PLANE('',#920);
#920 = AXIS2_PLACEMENT_3D('',#921,#922,#923);
#921 = CARTESIAN_POINT('',(5.68,-12.75,-2.8));
#922 = DIRECTION('',(1.,0.,0.));
#923 = DIRECTION('',(0.,0.,1.));
#924 = DEFINITIONAL_REPRESENTATION('',(#925),#929);
#925 = LINE('',#926,#927);
#926 = CARTESIAN_POINT('',(0.,0.));
#927 = VECTOR('',#928,1.);
#928 = DIRECTION('',(1.,0.));
#929 = ( GEOMETRIC_REPRESENTATION_CONTEXT(2) 
PARAMETRIC_REPRESENTATION_CONTEXT() REPRESENTATION_CONTEXT('2D SPACE',''
  ) );
#930 = PCURVE('',#811,#931);
#931 = DEFINITIONAL_REPRESENTATION('',(#932),#936);
#932 = LINE('',#933,#934);
#933 = CARTESIAN_POINT('',(0.,11.36));
#934 = VECTOR('',#935,1.);
#935 = DIRECTION('',(1.,0.));
#936 = ( GEOMETRIC_REPRESENTATION_CONTEXT(2) 
PARAMETRIC_REPRESENTATION_CONTEXT() REPRESENTATION_CONTEXT('2D SPACE',''
  ) );
#937 = ORIENTED_EDGE('',*,*,#938,.T.);
#938 = EDGE_CURVE('',#909,#939,#941,.T.);
#939 = VERTEX_POINT('',#940);
#940 = CARTESIAN_POINT('',(5.68,-10.25,-2.8));
#941 = SURFACE_CURVE('',#942,(#946,#953),.PCURVE_S1.);
#942 = LINE('',#943,#944);
#943 = CARTESIAN_POINT('',(5.68,-12.75,-2.8));
#944 = VECTOR('',#945,1.);
#945 = DIRECTION('',(0.,1.,0.));
#946 = PCURVE('',#919,#947);
#947 = DEFINITIONAL_REPRESENTATION('',(#948),#952);
#948 = LINE('',#949,#950);
#949 = CARTESIAN_POINT('',(0.,0.));
#950 = VECTOR('',#951,1.);
#951 = DIRECTION('',(0.,-1.));
#952 = ( GEOMETRIC_REPRESENTATION_CONTEXT(2) 
PARAMETRIC_REPRESENTATION_CONTEXT() REPRESENTATION_CONTEXT('2D SPACE',''
  ) );
#953 = PCURVE('',#839,#954);
#954 = DEFINITIONAL_REPRESENTATION('',(#955),#959);
#955 = LINE('',#956,#957);
#956 = CARTESIAN_POINT('',(11.36,0.));
#957 = VECTOR('',#958,1.);
#958 = DIRECTION('',(0.,1.));
#959 = ( GEOMETRIC_REPRESENTATION_CONTEXT(2) 
PARAMETRIC_REPRESENTATION_CONTEXT() REPRESENTATION_CONTEXT('2D SPACE',''
  ) );
#960 = ORIENTED_EDGE('',*,*,#961,.T.);
#961 = EDGE_CURVE('',#939,#962,#964,.T.);
#962 = VERTEX_POINT('',#963);
#963 = CARTESIAN_POINT('',(5.68,-10.25,0.));
#964 = SURFACE_CURVE('',#965,(#969,#976),.PCURVE_S1.);
#965 = LINE('',#966,#967);
#966 = CARTESIAN_POINT('',(5.68,-10.25,-2.8));
#967 = VECTOR('',#968,1.);
#968 = DIRECTION('',(0.,0.,1.));
#969 = PCURVE('',#919,#970);
#970 = DEFINITIONAL_REPRESENTATION('',(#971),#975);
#971 = LINE('',#972,#973);
#972 = CARTESIAN_POINT('',(0.,-2.5));
#973 = VECTOR('',#974,1.);
#974 = DIRECTION('',(1.,0.));
#975 = ( GEOMETRIC_REPRESENTATION_CONTEXT(2) 
PARAMETRIC_REPRESENTATION_CONTEXT() REPRESENTATION_CONTEXT('2D SPACE',''
  ) );
#976 = PCURVE('',#867,#977);
#977 = DEFINITIONAL_REPRESENTATION('',(#978),#982);
#978 = LINE('',#979,#980);
#979 = CARTESIAN_POINT('',(0.,11.36));
#980 = VECTOR('',#981,1.);
#981 = DIRECTION('',(1.,0.));
#982 = ( GEOMETRIC_REPRESENTATION_CONTEXT(2) 
PARAMETRIC_REPRESENTATION_CONTEXT() REPRESENTATION_CONTEXT('2D SPACE',''
  ) );
#983 = ORIENTED_EDGE('',*,*,#984,.F.);
#984 = EDGE_CURVE('',#911,#962,#985,.T.);
#985 = SURFACE_CURVE('',#986,(#990,#997),.PCURVE_S1.);
#986 = LINE('',#987,#988);
#987 = CARTESIAN_POINT('',(5.68,-12.75,0.));
#988 = VECTOR('',#989,1.);
#989 = DIRECTION('',(0.,1.,0.));
#990 = PCURVE('',#919,#991);
#991 = DEFINITIONAL_REPRESENTATION('',(#992),#996);
#992 = LINE('',#993,#994);
#993 = CARTESIAN_POINT('',(2.8,0.));
#994 = VECTOR('',#995,1.);
#995 = DIRECTION('',(0.,-1.));
#996 = ( GEOMETRIC_REPRESENTATION_CONTEXT(2) 
PARAMETRIC_REPRESENTATION_CONTEXT() REPRESENTATION_CONTEXT('2D SPACE',''
  ) );
#997 = PCURVE('',#893,#998);
#998 = DEFINITIONAL_REPRESENTATION('',(#999),#1003);
#999 = LINE('',#1000,#1001);
#1000 = CARTESIAN_POINT('',(11.36,0.));
#1001 = VECTOR('',#1002,1.);
#1002 = DIRECTION('',(0.,1.));
#1003 = ( GEOMETRIC_REPRESENTATION_CONTEXT(2) 
PARAMETRIC_REPRESENTATION_CONTEXT() REPRESENTATION_CONTEXT('2D SPACE',''
  ) );
#1004 = ADVANCED_FACE('',(#1005),#811,.F.);
#1005 = FACE_BOUND('',#1006,.F.);
#1006 = EDGE_LOOP('',(#1007,#1028,#1029,#1050));
#1007 = ORIENTED_EDGE('',*,*,#1008,.F.);
#1008 = EDGE_CURVE('',#789,#909,#1009,.T.);
#1009 = SURFACE_CURVE('',#1010,(#1014,#1021),.PCURVE_S1.);
#1010 = LINE('',#1011,#1012);
#1011 = CARTESIAN_POINT('',(-5.68,-12.75,-2.8));
#1012 = VECTOR('',#1013,1.);
#1013 = DIRECTION('',(1.,0.,0.));
#1014 = PCURVE('',#811,#1015);
#1015 = DEFINITIONAL_REPRESENTATION('',(#1016),#1020);
#1016 = LINE('',#1017,#1018);
#1017 = CARTESIAN_POINT('',(0.,0.));
#1018 = VECTOR('',#1019,1.);
#1019 = DIRECTION('',(0.,1.));
#1020 = ( GEOMETRIC_REPRESENTATION_CONTEXT(2) 
PARAMETRIC_REPRESENTATION_CONTEXT() REPRESENTATION_CONTEXT('2D SPACE',''
  ) );
#1021 = PCURVE('',#839,#1022);
#1022 = DEFINITIONAL_REPRESENTATION('',(#1023),#1027);
#1023 = LINE('',#1024,#1025);
#1024 = CARTESIAN_POINT('',(0.,0.));
#1025 = VECTOR('',#1026,1.);
#1026 = DIRECTION('',(1.,0.));
#1027 = ( GEOMETRIC_REPRESENTATION_CONTEXT(2) 
PARAMETRIC_REPRESENTATION_CONTEXT() REPRESENTATION_CONTEXT('2D SPACE',''
  ) );
#1028 = ORIENTED_EDGE('',*,*,#788,.T.);
#1029 = ORIENTED_EDGE('',*,*,#1030,.T.);
#1030 = EDGE_CURVE('',#791,#911,#1031,.T.);
#1031 = SURFACE_CURVE('',#1032,(#1036,#1043),.PCURVE_S1.);
#1032 = LINE('',#1033,#1034);
#1033 = CARTESIAN_POINT('',(-5.68,-12.75,0.));
#1034 = VECTOR('',#1035,1.);
#1035 = DIRECTION('',(1.,0.,0.));
#1036 = PCURVE('',#811,#1037);
#1037 = DEFINITIONAL_REPRESENTATION('',(#1038),#1042);
#1038 = LINE('',#1039,#1040);
#1039 = CARTESIAN_POINT('',(2.8,0.));
#1040 = VECTOR('',#1041,1.);
#1041 = DIRECTION('',(0.,1.));
#1042 = ( GEOMETRIC_REPRESENTATION_CONTEXT(2) 
PARAMETRIC_REPRESENTATION_CONTEXT() REPRESENTATION_CONTEXT('2D SPACE',''
  ) );
#1043 = PCURVE('',#893,#1044);
#1044 = DEFINITIONAL_REPRESENTATION('',(#1045),#1049);
#1045 = LINE('',#1046,#1047);
#1046 = CARTESIAN_POINT('',(0.,0.));
#1047 = VECTOR('',#1048,1.);
#1048 = DIRECTION('',(1.,0.));
#1049 = ( GEOMETRIC_REPRESENTATION_CONTEXT(2) 
PARAMETRIC_REPRESENTATION_CONTEXT() REPRESENTATION_CONTEXT('2D SPACE',''
  ) );
#1050 = ORIENTED_EDGE('',*,*,#908,.F.);
#1051 = ADVANCED_FACE('',(#1052),#867,.T.);
#1052 = FACE_BOUND('',#1053,.T.);
#1053 = EDGE_LOOP('',(#1054,#1075,#1076,#1097));
#1054 = ORIENTED_EDGE('',*,*,#1055,.F.);
#1055 = EDGE_CURVE('',#824,#939,#1056,.T.);
#1056 = SURFACE_CURVE('',#1057,(#1061,#1068),.PCURVE_S1.);
#1057 = LINE('',#1058,#1059);
#1058 = CARTESIAN_POINT('',(-5.68,-10.25,-2.8));
#1059 = VECTOR('',#1060,1.);
#1060 = DIRECTION('',(1.,0.,0.));
#1061 = PCURVE('',#867,#1062);
#1062 = DEFINITIONAL_REPRESENTATION('',(#1063),#1067);
#1063 = LINE('',#1064,#1065);
#1064 = CARTESIAN_POINT('',(0.,0.));
#1065 = VECTOR('',#1066,1.);
#1066 = DIRECTION('',(0.,1.));
#1067 = ( GEOMETRIC_REPRESENTATION_CONTEXT(2) 
PARAMETRIC_REPRESENTATION_CONTEXT() REPRESENTATION_CONTEXT('2D SPACE',''
  ) );
#1068 = PCURVE('',#839,#1069);
#1069 = DEFINITIONAL_REPRESENTATION('',(#1070),#1074);
#1070 = LINE('',#1071,#1072);
#1071 = CARTESIAN_POINT('',(0.,2.5));
#1072 = VECTOR('',#1073,1.);
#1073 = DIRECTION('',(1.,0.));
#1074 = ( GEOMETRIC_REPRESENTATION_CONTEXT(2) 
PARAMETRIC_REPRESENTATION_CONTEXT() REPRESENTATION_CONTEXT('2D SPACE',''
  ) );
#1075 = ORIENTED_EDGE('',*,*,#851,.T.);
#1076 = ORIENTED_EDGE('',*,*,#1077,.T.);
#1077 = EDGE_CURVE('',#852,#962,#1078,.T.);
#1078 = SURFACE_CURVE('',#1079,(#1083,#1090),.PCURVE_S1.);
#1079 = LINE('',#1080,#1081);
#1080 = CARTESIAN_POINT('',(-5.68,-10.25,0.));
#1081 = VECTOR('',#1082,1.);
#1082 = DIRECTION('',(1.,0.,0.));
#1083 = PCURVE('',#867,#1084);
#1084 = DEFINITIONAL_REPRESENTATION('',(#1085),#1089);
#1085 = LINE('',#1086,#1087);
#1086 = CARTESIAN_POINT('',(2.8,0.));
#1087 = VECTOR('',#1088,1.);
#1088 = DIRECTION('',(0.,1.));
#1089 = ( GEOMETRIC_REPRESENTATION_CONTEXT(2) 
PARAMETRIC_REPRESENTATION_CONTEXT() REPRESENTATION_CONTEXT('2D SPACE',''
  ) );
#1090 = PCURVE('',#893,#1091);
#1091 = DEFINITIONAL_REPRESENTATION('',(#1092),#1096);
#1092 = LINE('',#1093,#1094);
#1093 = CARTESIAN_POINT('',(0.,2.5));
#1094 = VECTOR('',#1095,1.);
#1095 = DIRECTION('',(1.,0.));
#1096 = ( GEOMETRIC_REPRESENTATION_CONTEXT(2) 
PARAMETRIC_REPRESENTATION_CONTEXT() REPRESENTATION_CONTEXT('2D SPACE',''
  ) );
#1097 = ORIENTED_EDGE('',*,*,#961,.F.);
#1098 = ADVANCED_FACE('',(#1099),#839,.F.);
#1099 = FACE_BOUND('',#1100,.F.);
#1100 = EDGE_LOOP('',(#1101,#1102,#1103,#1104));
#1101 = ORIENTED_EDGE('',*,*,#823,.F.);
#1102 = ORIENTED_EDGE('',*,*,#1008,.T.);
#1103 = ORIENTED_EDGE('',*,*,#938,.T.);
#1104 = ORIENTED_EDGE('',*,*,#1055,.F.);
#1105 = ADVANCED_FACE('',(#1106),#893,.T.);
#1106 = FACE_BOUND('',#1107,.T.);
#1107 = EDGE_LOOP('',(#1108,#1109,#1110,#1111));
#1108 = ORIENTED_EDGE('',*,*,#879,.F.);
#1109 = ORIENTED_EDGE('',*,*,#1030,.T.);
#1110 = ORIENTED_EDGE('',*,*,#984,.T.);
#1111 = ORIENTED_EDGE('',*,*,#1077,.F.);
#1112 = ( GEOMETRIC_REPRESENTATION_CONTEXT(3) 
GLOBAL_UNCERTAINTY_ASSIGNED_CONTEXT((#1116)) 
GLOBAL_UNIT_ASSIGNED_CONTEXT((#1113,#1114,#1115)) REPRESENTATION_CONTEXT
('Context #1','3D Context with UNIT and UNCERTAINTY') );
#1113 = ( LENGTH_UNIT() NAMED_UNIT(*) SI_UNIT(.MILLI.,.METRE.) );
#1114 = ( NAMED_UNIT(*) PLANE_ANGLE_UNIT() SI_UNIT($,.RADIAN.) );
#1115 = ( NAMED_UNIT(*) SI_UNIT($,.STERADIAN.) SOLID_ANGLE_UNIT() );
#1116 = UNCERTAINTY_MEASURE_WITH_UNIT(LENGTH_MEASURE(1.E-07),#1113,
  'distance_accuracy_value','confusion accuracy');
#1117 = CONTEXT_DEPENDENT_SHAPE_REPRESENTATION(#1118,#1120);
#1118 = ( REPRESENTATION_RELATIONSHIP('','',#781,#10) 
REPRESENTATION_RELATIONSHIP_WITH_TRANSFORMATION(#1119) 
SHAPE_REPRESENTATION_RELATIONSHIP() );
#1119 = ITEM_DEFINED_TRANSFORMATION('','',#11,#19);
#1120 = PRODUCT_DEFINITION_SHAPE('Placement','Placement of an item',
  #1121);
#1121 = NEXT_ASSEMBLY_USAGE_OCCURRENCE('2','Header_Base','',#5,#776,$);
#1122 = PRODUCT_RELATED_PRODUCT_CATEGORY('part',$,(#778));
#1123 = SHAPE_DEFINITION_REPRESENTATION(#1124,#1130);
#1124 = PRODUCT_DEFINITION_SHAPE('','',#1125);
#1125 = PRODUCT_DEFINITION('design','',#1126,#1129);
#1126 = PRODUCT_DEFINITION_FORMATION('','',#1127);
#1127 = PRODUCT('Header_Pins','Header_Pins','',(#1128));
#1128 = PRODUCT_CONTEXT('',#2,'mechanical');
#1129 = PRODUCT_DEFINITION_CONTEXT('part definition',#2,'design');
#1130 = SHAPE_REPRESENTATION('',(#11,#1131,#1461,#1791,#2121),#2451);
#1131 = MANIFOLD_SOLID_BREP('',#1132);
#1132 = CLOSED_SHELL('',(#1133,#1253,#1329,#1400,#1447,#1454));
#1133 = ADVANCED_FACE('',(#1134),#1148,.F.);
#1134 = FACE_BOUND('',#1135,.F.);
#1135 = EDGE_LOOP('',(#1136,#1171,#1199,#1227));
#1136 = ORIENTED_EDGE('',*,*,#1137,.T.);
#1137 = EDGE_CURVE('',#1138,#1140,#1142,.T.);
#1138 = VERTEX_POINT('',#1139);
#1139 = CARTESIAN_POINT('',(-4.13,-11.82,-6.5));
#1140 = VERTEX_POINT('',#1141);
#1141 = CARTESIAN_POINT('',(-4.13,-11.82,4.6));
#1142 = SURFACE_CURVE('',#1143,(#1147,#1159),.PCURVE_S1.);
#1143 = LINE('',#1144,#1145);
#1144 = CARTESIAN_POINT('',(-4.13,-11.82,-6.5));
#1145 = VECTOR('',#1146,1.);
#1146 = DIRECTION('',(0.,0.,1.));
#1147 = PCURVE('',#1148,#1153);
#1148 = PLANE('',#1149);
#1149 = AXIS2_PLACEMENT_3D('',#1150,#1151,#1152);
#1150 = CARTESIAN_POINT('',(-4.13,-11.82,-6.5));
#1151 = DIRECTION('',(0.,1.,0.));
#1152 = DIRECTION('',(1.,0.,0.));
#1153 = DEFINITIONAL_REPRESENTATION('',(#1154),#1158);
#1154 = LINE('',#1155,#1156);
#1155 = CARTESIAN_POINT('',(0.,0.));
#1156 = VECTOR('',#1157,1.);
#1157 = DIRECTION('',(0.,-1.));
#1158 = ( GEOMETRIC_REPRESENTATION_CONTEXT(2) 
PARAMETRIC_REPRESENTATION_CONTEXT() REPRESENTATION_CONTEXT('2D SPACE',''
  ) );
#1159 = PCURVE('',#1160,#1165);
#1160 = PLANE('',#1161);
#1161 = AXIS2_PLACEMENT_3D('',#1162,#1163,#1164);
#1162 = CARTESIAN_POINT('',(-4.13,-11.18,-6.5));
#1163 = DIRECTION('',(1.,0.,-0.));
#1164 = DIRECTION('',(0.,-1.,0.));
#1165 = DEFINITIONAL_REPRESENTATION('',(#1166),#1170);
#1166 = LINE('',#1167,#1168);
#1167 = CARTESIAN_POINT('',(0.64,0.));
#1168 = VECTOR('',#1169,1.);
#1169 = DIRECTION('',(0.,-1.));
#1170 = ( GEOMETRIC_REPRESENTATION_CONTEXT(2) 
PARAMETRIC_REPRESENTATION_CONTEXT() REPRESENTATION_CONTEXT('2D SPACE',''
  ) );
#1171 = ORIENTED_EDGE('',*,*,#1172,.T.);
#1172 = EDGE_CURVE('',#1140,#1173,#1175,.T.);
#1173 = VERTEX_POINT('',#1174);
#1174 = CARTESIAN_POINT('',(-3.49,-11.82,4.6));
#1175 = SURFACE_CURVE('',#1176,(#1180,#1187),.PCURVE_S1.);
#1176 = LINE('',#1177,#1178);
#1177 = CARTESIAN_POINT('',(-4.13,-11.82,4.6));
#1178 = VECTOR('',#1179,1.);
#1179 = DIRECTION('',(1.,0.,0.));
#1180 = PCURVE('',#1148,#1181);
#1181 = DEFINITIONAL_REPRESENTATION('',(#1182),#1186);
#1182 = LINE('',#1183,#1184);
#1183 = CARTESIAN_POINT('',(0.,-11.1));
#1184 = VECTOR('',#1185,1.);
#1185 = DIRECTION('',(1.,0.));
#1186 = ( GEOMETRIC_REPRESENTATION_CONTEXT(2) 
PARAMETRIC_REPRESENTATION_CONTEXT() REPRESENTATION_CONTEXT('2D SPACE',''
  ) );
#1187 = PCURVE('',#1188,#1193);
#1188 = PLANE('',#1189);
#1189 = AXIS2_PLACEMENT_3D('',#1190,#1191,#1192);
#1190 = CARTESIAN_POINT('',(-3.81,-11.5,4.6));
#1191 = DIRECTION('',(0.,0.,1.));
#1192 = DIRECTION('',(1.,0.,-0.));
#1193 = DEFINITIONAL_REPRESENTATION('',(#1194),#1198);
#1194 = LINE('',#1195,#1196);
#1195 = CARTESIAN_POINT('',(-0.32,-0.32));
#1196 = VECTOR('',#1197,1.);
#1197 = DIRECTION('',(1.,0.));
#1198 = ( GEOMETRIC_REPRESENTATION_CONTEXT(2) 
PARAMETRIC_REPRESENTATION_CONTEXT() REPRESENTATION_CONTEXT('2D SPACE',''
  ) );
#1199 = ORIENTED_EDGE('',*,*,#1200,.F.);
#1200 = EDGE_CURVE('',#1201,#1173,#1203,.T.);
#1201 = VERTEX_POINT('',#1202);
#1202 = CARTESIAN_POINT('',(-3.49,-11.82,-6.5));
#1203 = SURFACE_CURVE('',#1204,(#1208,#1215),.PCURVE_S1.);
#1204 = LINE('',#1205,#1206);
#1205 = CARTESIAN_POINT('',(-3.49,-11.82,-6.5));
#1206 = VECTOR('',#1207,1.);
#1207 = DIRECTION('',(0.,0.,1.));
#1208 = PCURVE('',#1148,#1209);
#1209 = DEFINITIONAL_REPRESENTATION('',(#1210),#1214);
#1210 = LINE('',#1211,#1212);
#1211 = CARTESIAN_POINT('',(0.64,0.));
#1212 = VECTOR('',#1213,1.);
#1213 = DIRECTION('',(0.,-1.));
#1214 = ( GEOMETRIC_REPRESENTATION_CONTEXT(2) 
PARAMETRIC_REPRESENTATION_CONTEXT() REPRESENTATION_CONTEXT('2D SPACE',''
  ) );
#1215 = PCURVE('',#1216,#1221);
#1216 = PLANE('',#1217);
#1217 = AXIS2_PLACEMENT_3D('',#1218,#1219,#1220);
#1218 = CARTESIAN_POINT('',(-3.49,-11.82,-6.5));
#1219 = DIRECTION('',(-1.,0.,0.));
#1220 = DIRECTION('',(0.,1.,0.));
#1221 = DEFINITIONAL_REPRESENTATION('',(#1222),#1226);
#1222 = LINE('',#1223,#1224);
#1223 = CARTESIAN_POINT('',(0.,0.));
#1224 = VECTOR('',#1225,1.);
#1225 = DIRECTION('',(0.,-1.));
#1226 = ( GEOMETRIC_REPRESENTATION_CONTEXT(2) 
PARAMETRIC_REPRESENTATION_CONTEXT() REPRESENTATION_CONTEXT('2D SPACE',''
  ) );
#1227 = ORIENTED_EDGE('',*,*,#1228,.F.);
#1228 = EDGE_CURVE('',#1138,#1201,#1229,.T.);
#1229 = SURFACE_CURVE('',#1230,(#1234,#1241),.PCURVE_S1.);
#1230 = LINE('',#1231,#1232);
#1231 = CARTESIAN_POINT('',(-4.13,-11.82,-6.5));
#1232 = VECTOR('',#1233,1.);
#1233 = DIRECTION('',(1.,0.,0.));
#1234 = PCURVE('',#1148,#1235);
#1235 = DEFINITIONAL_REPRESENTATION('',(#1236),#1240);
#1236 = LINE('',#1237,#1238);
#1237 = CARTESIAN_POINT('',(0.,0.));
#1238 = VECTOR('',#1239,1.);
#1239 = DIRECTION('',(1.,0.));
#1240 = ( GEOMETRIC_REPRESENTATION_CONTEXT(2) 
PARAMETRIC_REPRESENTATION_CONTEXT() REPRESENTATION_CONTEXT('2D SPACE',''
  ) );
#1241 = PCURVE('',#1242,#1247);
#1242 = PLANE('',#1243);
#1243 = AXIS2_PLACEMENT_3D('',#1244,#1245,#1246);
#1244 = CARTESIAN_POINT('',(-3.81,-11.5,-6.5));
#1245 = DIRECTION('',(0.,0.,1.));
#1246 = DIRECTION('',(1.,0.,-0.));
#1247 = DEFINITIONAL_REPRESENTATION('',(#1248),#1252);
#1248 = LINE('',#1249,#1250);
#1249 = CARTESIAN_POINT('',(-0.32,-0.32));
#1250 = VECTOR('',#1251,1.);
#1251 = DIRECTION('',(1.,0.));
#1252 = ( GEOMETRIC_REPRESENTATION_CONTEXT(2) 
PARAMETRIC_REPRESENTATION_CONTEXT() REPRESENTATION_CONTEXT('2D SPACE',''
  ) );
#1253 = ADVANCED_FACE('',(#1254),#1216,.F.);
#1254 = FACE_BOUND('',#1255,.F.);
#1255 = EDGE_LOOP('',(#1256,#1257,#1280,#1308));
#1256 = ORIENTED_EDGE('',*,*,#1200,.T.);
#1257 = ORIENTED_EDGE('',*,*,#1258,.T.);
#1258 = EDGE_CURVE('',#1173,#1259,#1261,.T.);
#1259 = VERTEX_POINT('',#1260);
#1260 = CARTESIAN_POINT('',(-3.49,-11.18,4.6));
#1261 = SURFACE_CURVE('',#1262,(#1266,#1273),.PCURVE_S1.);
#1262 = LINE('',#1263,#1264);
#1263 = CARTESIAN_POINT('',(-3.49,-11.82,4.6));
#1264 = VECTOR('',#1265,1.);
#1265 = DIRECTION('',(0.,1.,0.));
#1266 = PCURVE('',#1216,#1267);
#1267 = DEFINITIONAL_REPRESENTATION('',(#1268),#1272);
#1268 = LINE('',#1269,#1270);
#1269 = CARTESIAN_POINT('',(0.,-11.1));
#1270 = VECTOR('',#1271,1.);
#1271 = DIRECTION('',(1.,0.));
#1272 = ( GEOMETRIC_REPRESENTATION_CONTEXT(2) 
PARAMETRIC_REPRESENTATION_CONTEXT() REPRESENTATION_CONTEXT('2D SPACE',''
  ) );
#1273 = PCURVE('',#1188,#1274);
#1274 = DEFINITIONAL_REPRESENTATION('',(#1275),#1279);
#1275 = LINE('',#1276,#1277);
#1276 = CARTESIAN_POINT('',(0.32,-0.32));
#1277 = VECTOR('',#1278,1.);
#1278 = DIRECTION('',(0.,1.));
#1279 = ( GEOMETRIC_REPRESENTATION_CONTEXT(2) 
PARAMETRIC_REPRESENTATION_CONTEXT() REPRESENTATION_CONTEXT('2D SPACE',''
  ) );
#1280 = ORIENTED_EDGE('',*,*,#1281,.F.);
#1281 = EDGE_CURVE('',#1282,#1259,#1284,.T.);
#1282 = VERTEX_POINT('',#1283);
#1283 = CARTESIAN_POINT('',(-3.49,-11.18,-6.5));
#1284 = SURFACE_CURVE('',#1285,(#1289,#1296),.PCURVE_S1.);
#1285 = LINE('',#1286,#1287);
#1286 = CARTESIAN_POINT('',(-3.49,-11.18,-6.5));
#1287 = VECTOR('',#1288,1.);
#1288 = DIRECTION('',(0.,0.,1.));
#1289 = PCURVE('',#1216,#1290);
#1290 = DEFINITIONAL_REPRESENTATION('',(#1291),#1295);
#1291 = LINE('',#1292,#1293);
#1292 = CARTESIAN_POINT('',(0.64,0.));
#1293 = VECTOR('',#1294,1.);
#1294 = DIRECTION('',(0.,-1.));
#1295 = ( GEOMETRIC_REPRESENTATION_CONTEXT(2) 
PARAMETRIC_REPRESENTATION_CONTEXT() REPRESENTATION_CONTEXT('2D SPACE',''
  ) );
#1296 = PCURVE('',#1297,#1302);
#1297 = PLANE('',#1298);
#1298 = AXIS2_PLACEMENT_3D('',#1299,#1300,#1301);
#1299 = CARTESIAN_POINT('',(-3.49,-11.18,-6.5));
#1300 = DIRECTION('',(0.,-1.,0.));
#1301 = DIRECTION('',(-1.,0.,0.));
#1302 = DEFINITIONAL_REPRESENTATION('',(#1303),#1307);
#1303 = LINE('',#1304,#1305);
#1304 = CARTESIAN_POINT('',(0.,-0.));
#1305 = VECTOR('',#1306,1.);
#1306 = DIRECTION('',(0.,-1.));
#1307 = ( GEOMETRIC_REPRESENTATION_CONTEXT(2) 
PARAMETRIC_REPRESENTATION_CONTEXT() REPRESENTATION_CONTEXT('2D SPACE',''
  ) );
#1308 = ORIENTED_EDGE('',*,*,#1309,.F.);
#1309 = EDGE_CURVE('',#1201,#1282,#1310,.T.);
#1310 = SURFACE_CURVE('',#1311,(#1315,#1322),.PCURVE_S1.);
#1311 = LINE('',#1312,#1313);
#1312 = CARTESIAN_POINT('',(-3.49,-11.82,-6.5));
#1313 = VECTOR('',#1314,1.);
#1314 = DIRECTION('',(0.,1.,0.));
#1315 = PCURVE('',#1216,#1316);
#1316 = DEFINITIONAL_REPRESENTATION('',(#1317),#1321);
#1317 = LINE('',#1318,#1319);
#1318 = CARTESIAN_POINT('',(0.,0.));
#1319 = VECTOR('',#1320,1.);
#1320 = DIRECTION('',(1.,0.));
#1321 = ( GEOMETRIC_REPRESENTATION_CONTEXT(2) 
PARAMETRIC_REPRESENTATION_CONTEXT() REPRESENTATION_CONTEXT('2D SPACE',''
  ) );
#1322 = PCURVE('',#1242,#1323);
#1323 = DEFINITIONAL_REPRESENTATION('',(#1324),#1328);
#1324 = LINE('',#1325,#1326);
#1325 = CARTESIAN_POINT('',(0.32,-0.32));
#1326 = VECTOR('',#1327,1.);
#1327 = DIRECTION('',(0.,1.));
#1328 = ( GEOMETRIC_REPRESENTATION_CONTEXT(2) 
PARAMETRIC_REPRESENTATION_CONTEXT() REPRESENTATION_CONTEXT('2D SPACE',''
  ) );
#1329 = ADVANCED_FACE('',(#1330),#1297,.F.);
#1330 = FACE_BOUND('',#1331,.F.);
#1331 = EDGE_LOOP('',(#1332,#1333,#1356,#1379));
#1332 = ORIENTED_EDGE('',*,*,#1281,.T.);
#1333 = ORIENTED_EDGE('',*,*,#1334,.T.);
#1334 = EDGE_CURVE('',#1259,#1335,#1337,.T.);
#1335 = VERTEX_POINT('',#1336);
#1336 = CARTESIAN_POINT('',(-4.13,-11.18,4.6));
#1337 = SURFACE_CURVE('',#1338,(#1342,#1349),.PCURVE_S1.);
#1338 = LINE('',#1339,#1340);
#1339 = CARTESIAN_POINT('',(-3.49,-11.18,4.6));
#1340 = VECTOR('',#1341,1.);
#1341 = DIRECTION('',(-1.,0.,0.));
#1342 = PCURVE('',#1297,#1343);
#1343 = DEFINITIONAL_REPRESENTATION('',(#1344),#1348);
#1344 = LINE('',#1345,#1346);
#1345 = CARTESIAN_POINT('',(0.,-11.1));
#1346 = VECTOR('',#1347,1.);
#1347 = DIRECTION('',(1.,0.));
#1348 = ( GEOMETRIC_REPRESENTATION_CONTEXT(2) 
PARAMETRIC_REPRESENTATION_CONTEXT() REPRESENTATION_CONTEXT('2D SPACE',''
  ) );
#1349 = PCURVE('',#1188,#1350);
#1350 = DEFINITIONAL_REPRESENTATION('',(#1351),#1355);
#1351 = LINE('',#1352,#1353);
#1352 = CARTESIAN_POINT('',(0.32,0.32));
#1353 = VECTOR('',#1354,1.);
#1354 = DIRECTION('',(-1.,0.));
#1355 = ( GEOMETRIC_REPRESENTATION_CONTEXT(2) 
PARAMETRIC_REPRESENTATION_CONTEXT() REPRESENTATION_CONTEXT('2D SPACE',''
  ) );
#1356 = ORIENTED_EDGE('',*,*,#1357,.F.);
#1357 = EDGE_CURVE('',#1358,#1335,#1360,.T.);
#1358 = VERTEX_POINT('',#1359);
#1359 = CARTESIAN_POINT('',(-4.13,-11.18,-6.5));
#1360 = SURFACE_CURVE('',#1361,(#1365,#1372),.PCURVE_S1.);
#1361 = LINE('',#1362,#1363);
#1362 = CARTESIAN_POINT('',(-4.13,-11.18,-6.5));
#1363 = VECTOR('',#1364,1.);
#1364 = DIRECTION('',(0.,0.,1.));
#1365 = PCURVE('',#1297,#1366);
#1366 = DEFINITIONAL_REPRESENTATION('',(#1367),#1371);
#1367 = LINE('',#1368,#1369);
#1368 = CARTESIAN_POINT('',(0.64,0.));
#1369 = VECTOR('',#1370,1.);
#1370 = DIRECTION('',(0.,-1.));
#1371 = ( GEOMETRIC_REPRESENTATION_CONTEXT(2) 
PARAMETRIC_REPRESENTATION_CONTEXT() REPRESENTATION_CONTEXT('2D SPACE',''
  ) );
#1372 = PCURVE('',#1160,#1373);
#1373 = DEFINITIONAL_REPRESENTATION('',(#1374),#1378);
#1374 = LINE('',#1375,#1376);
#1375 = CARTESIAN_POINT('',(0.,0.));
#1376 = VECTOR('',#1377,1.);
#1377 = DIRECTION('',(0.,-1.));
#1378 = ( GEOMETRIC_REPRESENTATION_CONTEXT(2) 
PARAMETRIC_REPRESENTATION_CONTEXT() REPRESENTATION_CONTEXT('2D SPACE',''
  ) );
#1379 = ORIENTED_EDGE('',*,*,#1380,.F.);
#1380 = EDGE_CURVE('',#1282,#1358,#1381,.T.);
#1381 = SURFACE_CURVE('',#1382,(#1386,#1393),.PCURVE_S1.);
#1382 = LINE('',#1383,#1384);
#1383 = CARTESIAN_POINT('',(-3.49,-11.18,-6.5));
#1384 = VECTOR('',#1385,1.);
#1385 = DIRECTION('',(-1.,0.,0.));
#1386 = PCURVE('',#1297,#1387);
#1387 = DEFINITIONAL_REPRESENTATION('',(#1388),#1392);
#1388 = LINE('',#1389,#1390);
#1389 = CARTESIAN_POINT('',(0.,-0.));
#1390 = VECTOR('',#1391,1.);
#1391 = DIRECTION('',(1.,0.));
#1392 = ( GEOMETRIC_REPRESENTATION_CONTEXT(2) 
PARAMETRIC_REPRESENTATION_CONTEXT() REPRESENTATION_CONTEXT('2D SPACE',''
  ) );
#1393 = PCURVE('',#1242,#1394);
#1394 = DEFINITIONAL_REPRESENTATION('',(#1395),#1399);
#1395 = LINE('',#1396,#1397);
#1396 = CARTESIAN_POINT('',(0.32,0.32));
#1397 = VECTOR('',#1398,1.);
#1398 = DIRECTION('',(-1.,0.));
#1399 = ( GEOMETRIC_REPRESENTATION_CONTEXT(2) 
PARAMETRIC_REPRESENTATION_CONTEXT() REPRESENTATION_CONTEXT('2D SPACE',''
  ) );
#1400 = ADVANCED_FACE('',(#1401),#1160,.F.);
#1401 = FACE_BOUND('',#1402,.F.);
#1402 = EDGE_LOOP('',(#1403,#1404,#1425,#1426));
#1403 = ORIENTED_EDGE('',*,*,#1357,.T.);
#1404 = ORIENTED_EDGE('',*,*,#1405,.T.);
#1405 = EDGE_CURVE('',#1335,#1140,#1406,.T.);
#1406 = SURFACE_CURVE('',#1407,(#1411,#1418),.PCURVE_S1.);
#1407 = LINE('',#1408,#1409);
#1408 = CARTESIAN_POINT('',(-4.13,-11.18,4.6));
#1409 = VECTOR('',#1410,1.);
#1410 = DIRECTION('',(0.,-1.,0.));
#1411 = PCURVE('',#1160,#1412);
#1412 = DEFINITIONAL_REPRESENTATION('',(#1413),#1417);
#1413 = LINE('',#1414,#1415);
#1414 = CARTESIAN_POINT('',(0.,-11.1));
#1415 = VECTOR('',#1416,1.);
#1416 = DIRECTION('',(1.,0.));
#1417 = ( GEOMETRIC_REPRESENTATION_CONTEXT(2) 
PARAMETRIC_REPRESENTATION_CONTEXT() REPRESENTATION_CONTEXT('2D SPACE',''
  ) );
#1418 = PCURVE('',#1188,#1419);
#1419 = DEFINITIONAL_REPRESENTATION('',(#1420),#1424);
#1420 = LINE('',#1421,#1422);
#1421 = CARTESIAN_POINT('',(-0.32,0.32));
#1422 = VECTOR('',#1423,1.);
#1423 = DIRECTION('',(0.,-1.));
#1424 = ( GEOMETRIC_REPRESENTATION_CONTEXT(2) 
PARAMETRIC_REPRESENTATION_CONTEXT() REPRESENTATION_CONTEXT('2D SPACE',''
  ) );
#1425 = ORIENTED_EDGE('',*,*,#1137,.F.);
#1426 = ORIENTED_EDGE('',*,*,#1427,.F.);
#1427 = EDGE_CURVE('',#1358,#1138,#1428,.T.);
#1428 = SURFACE_CURVE('',#1429,(#1433,#1440),.PCURVE_S1.);
#1429 = LINE('',#1430,#1431);
#1430 = CARTESIAN_POINT('',(-4.13,-11.18,-6.5));
#1431 = VECTOR('',#1432,1.);
#1432 = DIRECTION('',(0.,-1.,0.));
#1433 = PCURVE('',#1160,#1434);
#1434 = DEFINITIONAL_REPRESENTATION('',(#1435),#1439);
#1435 = LINE('',#1436,#1437);
#1436 = CARTESIAN_POINT('',(0.,0.));
#1437 = VECTOR('',#1438,1.);
#1438 = DIRECTION('',(1.,0.));
#1439 = ( GEOMETRIC_REPRESENTATION_CONTEXT(2) 
PARAMETRIC_REPRESENTATION_CONTEXT() REPRESENTATION_CONTEXT('2D SPACE',''
  ) );
#1440 = PCURVE('',#1242,#1441);
#1441 = DEFINITIONAL_REPRESENTATION('',(#1442),#1446);
#1442 = LINE('',#1443,#1444);
#1443 = CARTESIAN_POINT('',(-0.32,0.32));
#1444 = VECTOR('',#1445,1.);
#1445 = DIRECTION('',(0.,-1.));
#1446 = ( GEOMETRIC_REPRESENTATION_CONTEXT(2) 
PARAMETRIC_REPRESENTATION_CONTEXT() REPRESENTATION_CONTEXT('2D SPACE',''
  ) );
#1447 = ADVANCED_FACE('',(#1448),#1242,.F.);
#1448 = FACE_BOUND('',#1449,.F.);
#1449 = EDGE_LOOP('',(#1450,#1451,#1452,#1453));
#1450 = ORIENTED_EDGE('',*,*,#1228,.T.);
#1451 = ORIENTED_EDGE('',*,*,#1309,.T.);
#1452 = ORIENTED_EDGE('',*,*,#1380,.T.);
#1453 = ORIENTED_EDGE('',*,*,#1427,.T.);
#1454 = ADVANCED_FACE('',(#1455),#1188,.T.);
#1455 = FACE_BOUND('',#1456,.T.);
#1456 = EDGE_LOOP('',(#1457,#1458,#1459,#1460));
#1457 = ORIENTED_EDGE('',*,*,#1172,.T.);
#1458 = ORIENTED_EDGE('',*,*,#1258,.T.);
#1459 = ORIENTED_EDGE('',*,*,#1334,.T.);
#1460 = ORIENTED_EDGE('',*,*,#1405,.T.);
#1461 = MANIFOLD_SOLID_BREP('',#1462);
#1462 = CLOSED_SHELL('',(#1463,#1583,#1659,#1730,#1777,#1784));
#1463 = ADVANCED_FACE('',(#1464),#1478,.F.);
#1464 = FACE_BOUND('',#1465,.F.);
#1465 = EDGE_LOOP('',(#1466,#1501,#1529,#1557));
#1466 = ORIENTED_EDGE('',*,*,#1467,.T.);
#1467 = EDGE_CURVE('',#1468,#1470,#1472,.T.);
#1468 = VERTEX_POINT('',#1469);
#1469 = CARTESIAN_POINT('',(-1.59,-11.82,-6.5));
#1470 = VERTEX_POINT('',#1471);
#1471 = CARTESIAN_POINT('',(-1.59,-11.82,4.6));
#1472 = SURFACE_CURVE('',#1473,(#1477,#1489),.PCURVE_S1.);
#1473 = LINE('',#1474,#1475);
#1474 = CARTESIAN_POINT('',(-1.59,-11.82,-6.5));
#1475 = VECTOR('',#1476,1.);
#1476 = DIRECTION('',(0.,0.,1.));
#1477 = PCURVE('',#1478,#1483);
#1478 = PLANE('',#1479);
#1479 = AXIS2_PLACEMENT_3D('',#1480,#1481,#1482);
#1480 = CARTESIAN_POINT('',(-1.59,-11.82,-6.5));
#1481 = DIRECTION('',(0.,1.,0.));
#1482 = DIRECTION('',(1.,0.,0.));
#1483 = DEFINITIONAL_REPRESENTATION('',(#1484),#1488);
#1484 = LINE('',#1485,#1486);
#1485 = CARTESIAN_POINT('',(0.,0.));
#1486 = VECTOR('',#1487,1.);
#1487 = DIRECTION('',(0.,-1.));
#1488 = ( GEOMETRIC_REPRESENTATION_CONTEXT(2) 
PARAMETRIC_REPRESENTATION_CONTEXT() REPRESENTATION_CONTEXT('2D SPACE',''
  ) );
#1489 = PCURVE('',#1490,#1495);
#1490 = PLANE('',#1491);
#1491 = AXIS2_PLACEMENT_3D('',#1492,#1493,#1494);
#1492 = CARTESIAN_POINT('',(-1.59,-11.18,-6.5));
#1493 = DIRECTION('',(1.,0.,-0.));
#1494 = DIRECTION('',(0.,-1.,0.));
#1495 = DEFINITIONAL_REPRESENTATION('',(#1496),#1500);
#1496 = LINE('',#1497,#1498);
#1497 = CARTESIAN_POINT('',(0.64,0.));
#1498 = VECTOR('',#1499,1.);
#1499 = DIRECTION('',(0.,-1.));
#1500 = ( GEOMETRIC_REPRESENTATION_CONTEXT(2) 
PARAMETRIC_REPRESENTATION_CONTEXT() REPRESENTATION_CONTEXT('2D SPACE',''
  ) );
#1501 = ORIENTED_EDGE('',*,*,#1502,.T.);
#1502 = EDGE_CURVE('',#1470,#1503,#1505,.T.);
#1503 = VERTEX_POINT('',#1504);
#1504 = CARTESIAN_POINT('',(-0.95,-11.82,4.6));
#1505 = SURFACE_CURVE('',#1506,(#1510,#1517),.PCURVE_S1.);
#1506 = LINE('',#1507,#1508);
#1507 = CARTESIAN_POINT('',(-1.59,-11.82,4.6));
#1508 = VECTOR('',#1509,1.);
#1509 = DIRECTION('',(1.,0.,0.));
#1510 = PCURVE('',#1478,#1511);
#1511 = DEFINITIONAL_REPRESENTATION('',(#1512),#1516);
#1512 = LINE('',#1513,#1514);
#1513 = CARTESIAN_POINT('',(0.,-11.1));
#1514 = VECTOR('',#1515,1.);
#1515 = DIRECTION('',(1.,0.));
#1516 = ( GEOMETRIC_REPRESENTATION_CONTEXT(2) 
PARAMETRIC_REPRESENTATION_CONTEXT() REPRESENTATION_CONTEXT('2D SPACE',''
  ) );
#1517 = PCURVE('',#1518,#1523);
#1518 = PLANE('',#1519);
#1519 = AXIS2_PLACEMENT_3D('',#1520,#1521,#1522);
#1520 = CARTESIAN_POINT('',(-1.27,-11.5,4.6));
#1521 = DIRECTION('',(0.,0.,1.));
#1522 = DIRECTION('',(1.,0.,-0.));
#1523 = DEFINITIONAL_REPRESENTATION('',(#1524),#1528);
#1524 = LINE('',#1525,#1526);
#1525 = CARTESIAN_POINT('',(-0.32,-0.32));
#1526 = VECTOR('',#1527,1.);
#1527 = DIRECTION('',(1.,0.));
#1528 = ( GEOMETRIC_REPRESENTATION_CONTEXT(2) 
PARAMETRIC_REPRESENTATION_CONTEXT() REPRESENTATION_CONTEXT('2D SPACE',''
  ) );
#1529 = ORIENTED_EDGE('',*,*,#1530,.F.);
#1530 = EDGE_CURVE('',#1531,#1503,#1533,.T.);
#1531 = VERTEX_POINT('',#1532);
#1532 = CARTESIAN_POINT('',(-0.95,-11.82,-6.5));
#1533 = SURFACE_CURVE('',#1534,(#1538,#1545),.PCURVE_S1.);
#1534 = LINE('',#1535,#1536);
#1535 = CARTESIAN_POINT('',(-0.95,-11.82,-6.5));
#1536 = VECTOR('',#1537,1.);
#1537 = DIRECTION('',(0.,0.,1.));
#1538 = PCURVE('',#1478,#1539);
#1539 = DEFINITIONAL_REPRESENTATION('',(#1540),#1544);
#1540 = LINE('',#1541,#1542);
#1541 = CARTESIAN_POINT('',(0.64,0.));
#1542 = VECTOR('',#1543,1.);
#1543 = DIRECTION('',(0.,-1.));
#1544 = ( GEOMETRIC_REPRESENTATION_CONTEXT(2) 
PARAMETRIC_REPRESENTATION_CONTEXT() REPRESENTATION_CONTEXT('2D SPACE',''
  ) );
#1545 = PCURVE('',#1546,#1551);
#1546 = PLANE('',#1547);
#1547 = AXIS2_PLACEMENT_3D('',#1548,#1549,#1550);
#1548 = CARTESIAN_POINT('',(-0.95,-11.82,-6.5));
#1549 = DIRECTION('',(-1.,0.,0.));
#1550 = DIRECTION('',(0.,1.,0.));
#1551 = DEFINITIONAL_REPRESENTATION('',(#1552),#1556);
#1552 = LINE('',#1553,#1554);
#1553 = CARTESIAN_POINT('',(0.,0.));
#1554 = VECTOR('',#1555,1.);
#1555 = DIRECTION('',(0.,-1.));
#1556 = ( GEOMETRIC_REPRESENTATION_CONTEXT(2) 
PARAMETRIC_REPRESENTATION_CONTEXT() REPRESENTATION_CONTEXT('2D SPACE',''
  ) );
#1557 = ORIENTED_EDGE('',*,*,#1558,.F.);
#1558 = EDGE_CURVE('',#1468,#1531,#1559,.T.);
#1559 = SURFACE_CURVE('',#1560,(#1564,#1571),.PCURVE_S1.);
#1560 = LINE('',#1561,#1562);
#1561 = CARTESIAN_POINT('',(-1.59,-11.82,-6.5));
#1562 = VECTOR('',#1563,1.);
#1563 = DIRECTION('',(1.,0.,0.));
#1564 = PCURVE('',#1478,#1565);
#1565 = DEFINITIONAL_REPRESENTATION('',(#1566),#1570);
#1566 = LINE('',#1567,#1568);
#1567 = CARTESIAN_POINT('',(0.,0.));
#1568 = VECTOR('',#1569,1.);
#1569 = DIRECTION('',(1.,0.));
#1570 = ( GEOMETRIC_REPRESENTATION_CONTEXT(2) 
PARAMETRIC_REPRESENTATION_CONTEXT() REPRESENTATION_CONTEXT('2D SPACE',''
  ) );
#1571 = PCURVE('',#1572,#1577);
#1572 = PLANE('',#1573);
#1573 = AXIS2_PLACEMENT_3D('',#1574,#1575,#1576);
#1574 = CARTESIAN_POINT('',(-1.27,-11.5,-6.5));
#1575 = DIRECTION('',(0.,0.,1.));
#1576 = DIRECTION('',(1.,0.,-0.));
#1577 = DEFINITIONAL_REPRESENTATION('',(#1578),#1582);
#1578 = LINE('',#1579,#1580);
#1579 = CARTESIAN_POINT('',(-0.32,-0.32));
#1580 = VECTOR('',#1581,1.);
#1581 = DIRECTION('',(1.,0.));
#1582 = ( GEOMETRIC_REPRESENTATION_CONTEXT(2) 
PARAMETRIC_REPRESENTATION_CONTEXT() REPRESENTATION_CONTEXT('2D SPACE',''
  ) );
#1583 = ADVANCED_FACE('',(#1584),#1546,.F.);
#1584 = FACE_BOUND('',#1585,.F.);
#1585 = EDGE_LOOP('',(#1586,#1587,#1610,#1638));
#1586 = ORIENTED_EDGE('',*,*,#1530,.T.);
#1587 = ORIENTED_EDGE('',*,*,#1588,.T.);
#1588 = EDGE_CURVE('',#1503,#1589,#1591,.T.);
#1589 = VERTEX_POINT('',#1590);
#1590 = CARTESIAN_POINT('',(-0.95,-11.18,4.6));
#1591 = SURFACE_CURVE('',#1592,(#1596,#1603),.PCURVE_S1.);
#1592 = LINE('',#1593,#1594);
#1593 = CARTESIAN_POINT('',(-0.95,-11.82,4.6));
#1594 = VECTOR('',#1595,1.);
#1595 = DIRECTION('',(0.,1.,0.));
#1596 = PCURVE('',#1546,#1597);
#1597 = DEFINITIONAL_REPRESENTATION('',(#1598),#1602);
#1598 = LINE('',#1599,#1600);
#1599 = CARTESIAN_POINT('',(0.,-11.1));
#1600 = VECTOR('',#1601,1.);
#1601 = DIRECTION('',(1.,0.));
#1602 = ( GEOMETRIC_REPRESENTATION_CONTEXT(2) 
PARAMETRIC_REPRESENTATION_CONTEXT() REPRESENTATION_CONTEXT('2D SPACE',''
  ) );
#1603 = PCURVE('',#1518,#1604);
#1604 = DEFINITIONAL_REPRESENTATION('',(#1605),#1609);
#1605 = LINE('',#1606,#1607);
#1606 = CARTESIAN_POINT('',(0.32,-0.32));
#1607 = VECTOR('',#1608,1.);
#1608 = DIRECTION('',(0.,1.));
#1609 = ( GEOMETRIC_REPRESENTATION_CONTEXT(2) 
PARAMETRIC_REPRESENTATION_CONTEXT() REPRESENTATION_CONTEXT('2D SPACE',''
  ) );
#1610 = ORIENTED_EDGE('',*,*,#1611,.F.);
#1611 = EDGE_CURVE('',#1612,#1589,#1614,.T.);
#1612 = VERTEX_POINT('',#1613);
#1613 = CARTESIAN_POINT('',(-0.95,-11.18,-6.5));
#1614 = SURFACE_CURVE('',#1615,(#1619,#1626),.PCURVE_S1.);
#1615 = LINE('',#1616,#1617);
#1616 = CARTESIAN_POINT('',(-0.95,-11.18,-6.5));
#1617 = VECTOR('',#1618,1.);
#1618 = DIRECTION('',(0.,0.,1.));
#1619 = PCURVE('',#1546,#1620);
#1620 = DEFINITIONAL_REPRESENTATION('',(#1621),#1625);
#1621 = LINE('',#1622,#1623);
#1622 = CARTESIAN_POINT('',(0.64,0.));
#1623 = VECTOR('',#1624,1.);
#1624 = DIRECTION('',(0.,-1.));
#1625 = ( GEOMETRIC_REPRESENTATION_CONTEXT(2) 
PARAMETRIC_REPRESENTATION_CONTEXT() REPRESENTATION_CONTEXT('2D SPACE',''
  ) );
#1626 = PCURVE('',#1627,#1632);
#1627 = PLANE('',#1628);
#1628 = AXIS2_PLACEMENT_3D('',#1629,#1630,#1631);
#1629 = CARTESIAN_POINT('',(-0.95,-11.18,-6.5));
#1630 = DIRECTION('',(0.,-1.,0.));
#1631 = DIRECTION('',(-1.,0.,0.));
#1632 = DEFINITIONAL_REPRESENTATION('',(#1633),#1637);
#1633 = LINE('',#1634,#1635);
#1634 = CARTESIAN_POINT('',(0.,-0.));
#1635 = VECTOR('',#1636,1.);
#1636 = DIRECTION('',(0.,-1.));
#1637 = ( GEOMETRIC_REPRESENTATION_CONTEXT(2) 
PARAMETRIC_REPRESENTATION_CONTEXT() REPRESENTATION_CONTEXT('2D SPACE',''
  ) );
#1638 = ORIENTED_EDGE('',*,*,#1639,.F.);
#1639 = EDGE_CURVE('',#1531,#1612,#1640,.T.);
#1640 = SURFACE_CURVE('',#1641,(#1645,#1652),.PCURVE_S1.);
#1641 = LINE('',#1642,#1643);
#1642 = CARTESIAN_POINT('',(-0.95,-11.82,-6.5));
#1643 = VECTOR('',#1644,1.);
#1644 = DIRECTION('',(0.,1.,0.));
#1645 = PCURVE('',#1546,#1646);
#1646 = DEFINITIONAL_REPRESENTATION('',(#1647),#1651);
#1647 = LINE('',#1648,#1649);
#1648 = CARTESIAN_POINT('',(0.,0.));
#1649 = VECTOR('',#1650,1.);
#1650 = DIRECTION('',(1.,0.));
#1651 = ( GEOMETRIC_REPRESENTATION_CONTEXT(2) 
PARAMETRIC_REPRESENTATION_CONTEXT() REPRESENTATION_CONTEXT('2D SPACE',''
  ) );
#1652 = PCURVE('',#1572,#1653);
#1653 = DEFINITIONAL_REPRESENTATION('',(#1654),#1658);
#1654 = LINE('',#1655,#1656);
#1655 = CARTESIAN_POINT('',(0.32,-0.32));
#1656 = VECTOR('',#1657,1.);
#1657 = DIRECTION('',(0.,1.));
#1658 = ( GEOMETRIC_REPRESENTATION_CONTEXT(2) 
PARAMETRIC_REPRESENTATION_CONTEXT() REPRESENTATION_CONTEXT('2D SPACE',''
  ) );
#1659 = ADVANCED_FACE('',(#1660),#1627,.F.);
#1660 = FACE_BOUND('',#1661,.F.);
#1661 = EDGE_LOOP('',(#1662,#1663,#1686,#1709));
#1662 = ORIENTED_EDGE('',*,*,#1611,.T.);
#1663 = ORIENTED_EDGE('',*,*,#1664,.T.);
#1664 = EDGE_CURVE('',#1589,#1665,#1667,.T.);
#1665 = VERTEX_POINT('',#1666);
#1666 = CARTESIAN_POINT('',(-1.59,-11.18,4.6));
#1667 = SURFACE_CURVE('',#1668,(#1672,#1679),.PCURVE_S1.);
#1668 = LINE('',#1669,#1670);
#1669 = CARTESIAN_POINT('',(-0.95,-11.18,4.6));
#1670 = VECTOR('',#1671,1.);
#1671 = DIRECTION('',(-1.,0.,0.));
#1672 = PCURVE('',#1627,#1673);
#1673 = DEFINITIONAL_REPRESENTATION('',(#1674),#1678);
#1674 = LINE('',#1675,#1676);
#1675 = CARTESIAN_POINT('',(0.,-11.1));
#1676 = VECTOR('',#1677,1.);
#1677 = DIRECTION('',(1.,0.));
#1678 = ( GEOMETRIC_REPRESENTATION_CONTEXT(2) 
PARAMETRIC_REPRESENTATION_CONTEXT() REPRESENTATION_CONTEXT('2D SPACE',''
  ) );
#1679 = PCURVE('',#1518,#1680);
#1680 = DEFINITIONAL_REPRESENTATION('',(#1681),#1685);
#1681 = LINE('',#1682,#1683);
#1682 = CARTESIAN_POINT('',(0.32,0.32));
#1683 = VECTOR('',#1684,1.);
#1684 = DIRECTION('',(-1.,0.));
#1685 = ( GEOMETRIC_REPRESENTATION_CONTEXT(2) 
PARAMETRIC_REPRESENTATION_CONTEXT() REPRESENTATION_CONTEXT('2D SPACE',''
  ) );
#1686 = ORIENTED_EDGE('',*,*,#1687,.F.);
#1687 = EDGE_CURVE('',#1688,#1665,#1690,.T.);
#1688 = VERTEX_POINT('',#1689);
#1689 = CARTESIAN_POINT('',(-1.59,-11.18,-6.5));
#1690 = SURFACE_CURVE('',#1691,(#1695,#1702),.PCURVE_S1.);
#1691 = LINE('',#1692,#1693);
#1692 = CARTESIAN_POINT('',(-1.59,-11.18,-6.5));
#1693 = VECTOR('',#1694,1.);
#1694 = DIRECTION('',(0.,0.,1.));
#1695 = PCURVE('',#1627,#1696);
#1696 = DEFINITIONAL_REPRESENTATION('',(#1697),#1701);
#1697 = LINE('',#1698,#1699);
#1698 = CARTESIAN_POINT('',(0.64,0.));
#1699 = VECTOR('',#1700,1.);
#1700 = DIRECTION('',(0.,-1.));
#1701 = ( GEOMETRIC_REPRESENTATION_CONTEXT(2) 
PARAMETRIC_REPRESENTATION_CONTEXT() REPRESENTATION_CONTEXT('2D SPACE',''
  ) );
#1702 = PCURVE('',#1490,#1703);
#1703 = DEFINITIONAL_REPRESENTATION('',(#1704),#1708);
#1704 = LINE('',#1705,#1706);
#1705 = CARTESIAN_POINT('',(0.,0.));
#1706 = VECTOR('',#1707,1.);
#1707 = DIRECTION('',(0.,-1.));
#1708 = ( GEOMETRIC_REPRESENTATION_CONTEXT(2) 
PARAMETRIC_REPRESENTATION_CONTEXT() REPRESENTATION_CONTEXT('2D SPACE',''
  ) );
#1709 = ORIENTED_EDGE('',*,*,#1710,.F.);
#1710 = EDGE_CURVE('',#1612,#1688,#1711,.T.);
#1711 = SURFACE_CURVE('',#1712,(#1716,#1723),.PCURVE_S1.);
#1712 = LINE('',#1713,#1714);
#1713 = CARTESIAN_POINT('',(-0.95,-11.18,-6.5));
#1714 = VECTOR('',#1715,1.);
#1715 = DIRECTION('',(-1.,0.,0.));
#1716 = PCURVE('',#1627,#1717);
#1717 = DEFINITIONAL_REPRESENTATION('',(#1718),#1722);
#1718 = LINE('',#1719,#1720);
#1719 = CARTESIAN_POINT('',(0.,-0.));
#1720 = VECTOR('',#1721,1.);
#1721 = DIRECTION('',(1.,0.));
#1722 = ( GEOMETRIC_REPRESENTATION_CONTEXT(2) 
PARAMETRIC_REPRESENTATION_CONTEXT() REPRESENTATION_CONTEXT('2D SPACE',''
  ) );
#1723 = PCURVE('',#1572,#1724);
#1724 = DEFINITIONAL_REPRESENTATION('',(#1725),#1729);
#1725 = LINE('',#1726,#1727);
#1726 = CARTESIAN_POINT('',(0.32,0.32));
#1727 = VECTOR('',#1728,1.);
#1728 = DIRECTION('',(-1.,0.));
#1729 = ( GEOMETRIC_REPRESENTATION_CONTEXT(2) 
PARAMETRIC_REPRESENTATION_CONTEXT() REPRESENTATION_CONTEXT('2D SPACE',''
  ) );
#1730 = ADVANCED_FACE('',(#1731),#1490,.F.);
#1731 = FACE_BOUND('',#1732,.F.);
#1732 = EDGE_LOOP('',(#1733,#1734,#1755,#1756));
#1733 = ORIENTED_EDGE('',*,*,#1687,.T.);
#1734 = ORIENTED_EDGE('',*,*,#1735,.T.);
#1735 = EDGE_CURVE('',#1665,#1470,#1736,.T.);
#1736 = SURFACE_CURVE('',#1737,(#1741,#1748),.PCURVE_S1.);
#1737 = LINE('',#1738,#1739);
#1738 = CARTESIAN_POINT('',(-1.59,-11.18,4.6));
#1739 = VECTOR('',#1740,1.);
#1740 = DIRECTION('',(0.,-1.,0.));
#1741 = PCURVE('',#1490,#1742);
#1742 = DEFINITIONAL_REPRESENTATION('',(#1743),#1747);
#1743 = LINE('',#1744,#1745);
#1744 = CARTESIAN_POINT('',(0.,-11.1));
#1745 = VECTOR('',#1746,1.);
#1746 = DIRECTION('',(1.,0.));
#1747 = ( GEOMETRIC_REPRESENTATION_CONTEXT(2) 
PARAMETRIC_REPRESENTATION_CONTEXT() REPRESENTATION_CONTEXT('2D SPACE',''
  ) );
#1748 = PCURVE('',#1518,#1749);
#1749 = DEFINITIONAL_REPRESENTATION('',(#1750),#1754);
#1750 = LINE('',#1751,#1752);
#1751 = CARTESIAN_POINT('',(-0.32,0.32));
#1752 = VECTOR('',#1753,1.);
#1753 = DIRECTION('',(0.,-1.));
#1754 = ( GEOMETRIC_REPRESENTATION_CONTEXT(2) 
PARAMETRIC_REPRESENTATION_CONTEXT() REPRESENTATION_CONTEXT('2D SPACE',''
  ) );
#1755 = ORIENTED_EDGE('',*,*,#1467,.F.);
#1756 = ORIENTED_EDGE('',*,*,#1757,.F.);
#1757 = EDGE_CURVE('',#1688,#1468,#1758,.T.);
#1758 = SURFACE_CURVE('',#1759,(#1763,#1770),.PCURVE_S1.);
#1759 = LINE('',#1760,#1761);
#1760 = CARTESIAN_POINT('',(-1.59,-11.18,-6.5));
#1761 = VECTOR('',#1762,1.);
#1762 = DIRECTION('',(0.,-1.,0.));
#1763 = PCURVE('',#1490,#1764);
#1764 = DEFINITIONAL_REPRESENTATION('',(#1765),#1769);
#1765 = LINE('',#1766,#1767);
#1766 = CARTESIAN_POINT('',(0.,0.));
#1767 = VECTOR('',#1768,1.);
#1768 = DIRECTION('',(1.,0.));
#1769 = ( GEOMETRIC_REPRESENTATION_CONTEXT(2) 
PARAMETRIC_REPRESENTATION_CONTEXT() REPRESENTATION_CONTEXT('2D SPACE',''
  ) );
#1770 = PCURVE('',#1572,#1771);
#1771 = DEFINITIONAL_REPRESENTATION('',(#1772),#1776);
#1772 = LINE('',#1773,#1774);
#1773 = CARTESIAN_POINT('',(-0.32,0.32));
#1774 = VECTOR('',#1775,1.);
#1775 = DIRECTION('',(0.,-1.));
#1776 = ( GEOMETRIC_REPRESENTATION_CONTEXT(2) 
PARAMETRIC_REPRESENTATION_CONTEXT() REPRESENTATION_CONTEXT('2D SPACE',''
  ) );
#1777 = ADVANCED_FACE('',(#1778),#1572,.F.);
#1778 = FACE_BOUND('',#1779,.F.);
#1779 = EDGE_LOOP('',(#1780,#1781,#1782,#1783));
#1780 = ORIENTED_EDGE('',*,*,#1558,.T.);
#1781 = ORIENTED_EDGE('',*,*,#1639,.T.);
#1782 = ORIENTED_EDGE('',*,*,#1710,.T.);
#1783 = ORIENTED_EDGE('',*,*,#1757,.T.);
#1784 = ADVANCED_FACE('',(#1785),#1518,.T.);
#1785 = FACE_BOUND('',#1786,.T.);
#1786 = EDGE_LOOP('',(#1787,#1788,#1789,#1790));
#1787 = ORIENTED_EDGE('',*,*,#1502,.T.);
#1788 = ORIENTED_EDGE('',*,*,#1588,.T.);
#1789 = ORIENTED_EDGE('',*,*,#1664,.T.);
#1790 = ORIENTED_EDGE('',*,*,#1735,.T.);
#1791 = MANIFOLD_SOLID_BREP('',#1792);
#1792 = CLOSED_SHELL('',(#1793,#1913,#1989,#2060,#2107,#2114));
#1793 = ADVANCED_FACE('',(#1794),#1808,.F.);
#1794 = FACE_BOUND('',#1795,.F.);
#1795 = EDGE_LOOP('',(#1796,#1831,#1859,#1887));
#1796 = ORIENTED_EDGE('',*,*,#1797,.T.);
#1797 = EDGE_CURVE('',#1798,#1800,#1802,.T.);
#1798 = VERTEX_POINT('',#1799);
#1799 = CARTESIAN_POINT('',(0.95,-11.82,-6.5));
#1800 = VERTEX_POINT('',#1801);
#1801 = CARTESIAN_POINT('',(0.95,-11.82,4.6));
#1802 = SURFACE_CURVE('',#1803,(#1807,#1819),.PCURVE_S1.);
#1803 = LINE('',#1804,#1805);
#1804 = CARTESIAN_POINT('',(0.95,-11.82,-6.5));
#1805 = VECTOR('',#1806,1.);
#1806 = DIRECTION('',(0.,0.,1.));
#1807 = PCURVE('',#1808,#1813);
#1808 = PLANE('',#1809);
#1809 = AXIS2_PLACEMENT_3D('',#1810,#1811,#1812);
#1810 = CARTESIAN_POINT('',(0.95,-11.82,-6.5));
#1811 = DIRECTION('',(0.,1.,0.));
#1812 = DIRECTION('',(1.,0.,0.));
#1813 = DEFINITIONAL_REPRESENTATION('',(#1814),#1818);
#1814 = LINE('',#1815,#1816);
#1815 = CARTESIAN_POINT('',(0.,0.));
#1816 = VECTOR('',#1817,1.);
#1817 = DIRECTION('',(0.,-1.));
#1818 = ( GEOMETRIC_REPRESENTATION_CONTEXT(2) 
PARAMETRIC_REPRESENTATION_CONTEXT() REPRESENTATION_CONTEXT('2D SPACE',''
  ) );
#1819 = PCURVE('',#1820,#1825);
#1820 = PLANE('',#1821);
#1821 = AXIS2_PLACEMENT_3D('',#1822,#1823,#1824);
#1822 = CARTESIAN_POINT('',(0.95,-11.18,-6.5));
#1823 = DIRECTION('',(1.,0.,-0.));
#1824 = DIRECTION('',(0.,-1.,0.));
#1825 = DEFINITIONAL_REPRESENTATION('',(#1826),#1830);
#1826 = LINE('',#1827,#1828);
#1827 = CARTESIAN_POINT('',(0.64,0.));
#1828 = VECTOR('',#1829,1.);
#1829 = DIRECTION('',(0.,-1.));
#1830 = ( GEOMETRIC_REPRESENTATION_CONTEXT(2) 
PARAMETRIC_REPRESENTATION_CONTEXT() REPRESENTATION_CONTEXT('2D SPACE',''
  ) );
#1831 = ORIENTED_EDGE('',*,*,#1832,.T.);
#1832 = EDGE_CURVE('',#1800,#1833,#1835,.T.);
#1833 = VERTEX_POINT('',#1834);
#1834 = CARTESIAN_POINT('',(1.59,-11.82,4.6));
#1835 = SURFACE_CURVE('',#1836,(#1840,#1847),.PCURVE_S1.);
#1836 = LINE('',#1837,#1838);
#1837 = CARTESIAN_POINT('',(0.95,-11.82,4.6));
#1838 = VECTOR('',#1839,1.);
#1839 = DIRECTION('',(1.,0.,0.));
#1840 = PCURVE('',#1808,#1841);
#1841 = DEFINITIONAL_REPRESENTATION('',(#1842),#1846);
#1842 = LINE('',#1843,#1844);
#1843 = CARTESIAN_POINT('',(0.,-11.1));
#1844 = VECTOR('',#1845,1.);
#1845 = DIRECTION('',(1.,0.));
#1846 = ( GEOMETRIC_REPRESENTATION_CONTEXT(2) 
PARAMETRIC_REPRESENTATION_CONTEXT() REPRESENTATION_CONTEXT('2D SPACE',''
  ) );
#1847 = PCURVE('',#1848,#1853);
#1848 = PLANE('',#1849);
#1849 = AXIS2_PLACEMENT_3D('',#1850,#1851,#1852);
#1850 = CARTESIAN_POINT('',(1.27,-11.5,4.6));
#1851 = DIRECTION('',(0.,0.,1.));
#1852 = DIRECTION('',(1.,0.,-0.));
#1853 = DEFINITIONAL_REPRESENTATION('',(#1854),#1858);
#1854 = LINE('',#1855,#1856);
#1855 = CARTESIAN_POINT('',(-0.32,-0.32));
#1856 = VECTOR('',#1857,1.);
#1857 = DIRECTION('',(1.,0.));
#1858 = ( GEOMETRIC_REPRESENTATION_CONTEXT(2) 
PARAMETRIC_REPRESENTATION_CONTEXT() REPRESENTATION_CONTEXT('2D SPACE',''
  ) );
#1859 = ORIENTED_EDGE('',*,*,#1860,.F.);
#1860 = EDGE_CURVE('',#1861,#1833,#1863,.T.);
#1861 = VERTEX_POINT('',#1862);
#1862 = CARTESIAN_POINT('',(1.59,-11.82,-6.5));
#1863 = SURFACE_CURVE('',#1864,(#1868,#1875),.PCURVE_S1.);
#1864 = LINE('',#1865,#1866);
#1865 = CARTESIAN_POINT('',(1.59,-11.82,-6.5));
#1866 = VECTOR('',#1867,1.);
#1867 = DIRECTION('',(0.,0.,1.));
#1868 = PCURVE('',#1808,#1869);
#1869 = DEFINITIONAL_REPRESENTATION('',(#1870),#1874);
#1870 = LINE('',#1871,#1872);
#1871 = CARTESIAN_POINT('',(0.64,0.));
#1872 = VECTOR('',#1873,1.);
#1873 = DIRECTION('',(0.,-1.));
#1874 = ( GEOMETRIC_REPRESENTATION_CONTEXT(2) 
PARAMETRIC_REPRESENTATION_CONTEXT() REPRESENTATION_CONTEXT('2D SPACE',''
  ) );
#1875 = PCURVE('',#1876,#1881);
#1876 = PLANE('',#1877);
#1877 = AXIS2_PLACEMENT_3D('',#1878,#1879,#1880);
#1878 = CARTESIAN_POINT('',(1.59,-11.82,-6.5));
#1879 = DIRECTION('',(-1.,0.,0.));
#1880 = DIRECTION('',(0.,1.,0.));
#1881 = DEFINITIONAL_REPRESENTATION('',(#1882),#1886);
#1882 = LINE('',#1883,#1884);
#1883 = CARTESIAN_POINT('',(0.,0.));
#1884 = VECTOR('',#1885,1.);
#1885 = DIRECTION('',(0.,-1.));
#1886 = ( GEOMETRIC_REPRESENTATION_CONTEXT(2) 
PARAMETRIC_REPRESENTATION_CONTEXT() REPRESENTATION_CONTEXT('2D SPACE',''
  ) );
#1887 = ORIENTED_EDGE('',*,*,#1888,.F.);
#1888 = EDGE_CURVE('',#1798,#1861,#1889,.T.);
#1889 = SURFACE_CURVE('',#1890,(#1894,#1901),.PCURVE_S1.);
#1890 = LINE('',#1891,#1892);
#1891 = CARTESIAN_POINT('',(0.95,-11.82,-6.5));
#1892 = VECTOR('',#1893,1.);
#1893 = DIRECTION('',(1.,0.,0.));
#1894 = PCURVE('',#1808,#1895);
#1895 = DEFINITIONAL_REPRESENTATION('',(#1896),#1900);
#1896 = LINE('',#1897,#1898);
#1897 = CARTESIAN_POINT('',(0.,0.));
#1898 = VECTOR('',#1899,1.);
#1899 = DIRECTION('',(1.,0.));
#1900 = ( GEOMETRIC_REPRESENTATION_CONTEXT(2) 
PARAMETRIC_REPRESENTATION_CONTEXT() REPRESENTATION_CONTEXT('2D SPACE',''
  ) );
#1901 = PCURVE('',#1902,#1907);
#1902 = PLANE('',#1903);
#1903 = AXIS2_PLACEMENT_3D('',#1904,#1905,#1906);
#1904 = CARTESIAN_POINT('',(1.27,-11.5,-6.5));
#1905 = DIRECTION('',(0.,0.,1.));
#1906 = DIRECTION('',(1.,0.,-0.));
#1907 = DEFINITIONAL_REPRESENTATION('',(#1908),#1912);
#1908 = LINE('',#1909,#1910);
#1909 = CARTESIAN_POINT('',(-0.32,-0.32));
#1910 = VECTOR('',#1911,1.);
#1911 = DIRECTION('',(1.,0.));
#1912 = ( GEOMETRIC_REPRESENTATION_CONTEXT(2) 
PARAMETRIC_REPRESENTATION_CONTEXT() REPRESENTATION_CONTEXT('2D SPACE',''
  ) );
#1913 = ADVANCED_FACE('',(#1914),#1876,.F.);
#1914 = FACE_BOUND('',#1915,.F.);
#1915 = EDGE_LOOP('',(#1916,#1917,#1940,#1968));
#1916 = ORIENTED_EDGE('',*,*,#1860,.T.);
#1917 = ORIENTED_EDGE('',*,*,#1918,.T.);
#1918 = EDGE_CURVE('',#1833,#1919,#1921,.T.);
#1919 = VERTEX_POINT('',#1920);
#1920 = CARTESIAN_POINT('',(1.59,-11.18,4.6));
#1921 = SURFACE_CURVE('',#1922,(#1926,#1933),.PCURVE_S1.);
#1922 = LINE('',#1923,#1924);
#1923 = CARTESIAN_POINT('',(1.59,-11.82,4.6));
#1924 = VECTOR('',#1925,1.);
#1925 = DIRECTION('',(0.,1.,0.));
#1926 = PCURVE('',#1876,#1927);
#1927 = DEFINITIONAL_REPRESENTATION('',(#1928),#1932);
#1928 = LINE('',#1929,#1930);
#1929 = CARTESIAN_POINT('',(0.,-11.1));
#1930 = VECTOR('',#1931,1.);
#1931 = DIRECTION('',(1.,0.));
#1932 = ( GEOMETRIC_REPRESENTATION_CONTEXT(2) 
PARAMETRIC_REPRESENTATION_CONTEXT() REPRESENTATION_CONTEXT('2D SPACE',''
  ) );
#1933 = PCURVE('',#1848,#1934);
#1934 = DEFINITIONAL_REPRESENTATION('',(#1935),#1939);
#1935 = LINE('',#1936,#1937);
#1936 = CARTESIAN_POINT('',(0.32,-0.32));
#1937 = VECTOR('',#1938,1.);
#1938 = DIRECTION('',(0.,1.));
#1939 = ( GEOMETRIC_REPRESENTATION_CONTEXT(2) 
PARAMETRIC_REPRESENTATION_CONTEXT() REPRESENTATION_CONTEXT('2D SPACE',''
  ) );
#1940 = ORIENTED_EDGE('',*,*,#1941,.F.);
#1941 = EDGE_CURVE('',#1942,#1919,#1944,.T.);
#1942 = VERTEX_POINT('',#1943);
#1943 = CARTESIAN_POINT('',(1.59,-11.18,-6.5));
#1944 = SURFACE_CURVE('',#1945,(#1949,#1956),.PCURVE_S1.);
#1945 = LINE('',#1946,#1947);
#1946 = CARTESIAN_POINT('',(1.59,-11.18,-6.5));
#1947 = VECTOR('',#1948,1.);
#1948 = DIRECTION('',(0.,0.,1.));
#1949 = PCURVE('',#1876,#1950);
#1950 = DEFINITIONAL_REPRESENTATION('',(#1951),#1955);
#1951 = LINE('',#1952,#1953);
#1952 = CARTESIAN_POINT('',(0.64,0.));
#1953 = VECTOR('',#1954,1.);
#1954 = DIRECTION('',(0.,-1.));
#1955 = ( GEOMETRIC_REPRESENTATION_CONTEXT(2) 
PARAMETRIC_REPRESENTATION_CONTEXT() REPRESENTATION_CONTEXT('2D SPACE',''
  ) );
#1956 = PCURVE('',#1957,#1962);
#1957 = PLANE('',#1958);
#1958 = AXIS2_PLACEMENT_3D('',#1959,#1960,#1961);
#1959 = CARTESIAN_POINT('',(1.59,-11.18,-6.5));
#1960 = DIRECTION('',(0.,-1.,0.));
#1961 = DIRECTION('',(-1.,0.,0.));
#1962 = DEFINITIONAL_REPRESENTATION('',(#1963),#1967);
#1963 = LINE('',#1964,#1965);
#1964 = CARTESIAN_POINT('',(0.,-0.));
#1965 = VECTOR('',#1966,1.);
#1966 = DIRECTION('',(0.,-1.));
#1967 = ( GEOMETRIC_REPRESENTATION_CONTEXT(2) 
PARAMETRIC_REPRESENTATION_CONTEXT() REPRESENTATION_CONTEXT('2D SPACE',''
  ) );
#1968 = ORIENTED_EDGE('',*,*,#1969,.F.);
#1969 = EDGE_CURVE('',#1861,#1942,#1970,.T.);
#1970 = SURFACE_CURVE('',#1971,(#1975,#1982),.PCURVE_S1.);
#1971 = LINE('',#1972,#1973);
#1972 = CARTESIAN_POINT('',(1.59,-11.82,-6.5));
#1973 = VECTOR('',#1974,1.);
#1974 = DIRECTION('',(0.,1.,0.));
#1975 = PCURVE('',#1876,#1976);
#1976 = DEFINITIONAL_REPRESENTATION('',(#1977),#1981);
#1977 = LINE('',#1978,#1979);
#1978 = CARTESIAN_POINT('',(0.,0.));
#1979 = VECTOR('',#1980,1.);
#1980 = DIRECTION('',(1.,0.));
#1981 = ( GEOMETRIC_REPRESENTATION_CONTEXT(2) 
PARAMETRIC_REPRESENTATION_CONTEXT() REPRESENTATION_CONTEXT('2D SPACE',''
  ) );
#1982 = PCURVE('',#1902,#1983);
#1983 = DEFINITIONAL_REPRESENTATION('',(#1984),#1988);
#1984 = LINE('',#1985,#1986);
#1985 = CARTESIAN_POINT('',(0.32,-0.32));
#1986 = VECTOR('',#1987,1.);
#1987 = DIRECTION('',(0.,1.));
#1988 = ( GEOMETRIC_REPRESENTATION_CONTEXT(2) 
PARAMETRIC_REPRESENTATION_CONTEXT() REPRESENTATION_CONTEXT('2D SPACE',''
  ) );
#1989 = ADVANCED_FACE('',(#1990),#1957,.F.);
#1990 = FACE_BOUND('',#1991,.F.);
#1991 = EDGE_LOOP('',(#1992,#1993,#2016,#2039));
#1992 = ORIENTED_EDGE('',*,*,#1941,.T.);
#1993 = ORIENTED_EDGE('',*,*,#1994,.T.);
#1994 = EDGE_CURVE('',#1919,#1995,#1997,.T.);
#1995 = VERTEX_POINT('',#1996);
#1996 = CARTESIAN_POINT('',(0.95,-11.18,4.6));
#1997 = SURFACE_CURVE('',#1998,(#2002,#2009),.PCURVE_S1.);
#1998 = LINE('',#1999,#2000);
#1999 = CARTESIAN_POINT('',(1.59,-11.18,4.6));
#2000 = VECTOR('',#2001,1.);
#2001 = DIRECTION('',(-1.,0.,0.));
#2002 = PCURVE('',#1957,#2003);
#2003 = DEFINITIONAL_REPRESENTATION('',(#2004),#2008);
#2004 = LINE('',#2005,#2006);
#2005 = CARTESIAN_POINT('',(0.,-11.1));
#2006 = VECTOR('',#2007,1.);
#2007 = DIRECTION('',(1.,0.));
#2008 = ( GEOMETRIC_REPRESENTATION_CONTEXT(2) 
PARAMETRIC_REPRESENTATION_CONTEXT() REPRESENTATION_CONTEXT('2D SPACE',''
  ) );
#2009 = PCURVE('',#1848,#2010);
#2010 = DEFINITIONAL_REPRESENTATION('',(#2011),#2015);
#2011 = LINE('',#2012,#2013);
#2012 = CARTESIAN_POINT('',(0.32,0.32));
#2013 = VECTOR('',#2014,1.);
#2014 = DIRECTION('',(-1.,0.));
#2015 = ( GEOMETRIC_REPRESENTATION_CONTEXT(2) 
PARAMETRIC_REPRESENTATION_CONTEXT() REPRESENTATION_CONTEXT('2D SPACE',''
  ) );
#2016 = ORIENTED_EDGE('',*,*,#2017,.F.);
#2017 = EDGE_CURVE('',#2018,#1995,#2020,.T.);
#2018 = VERTEX_POINT('',#2019);
#2019 = CARTESIAN_POINT('',(0.95,-11.18,-6.5));
#2020 = SURFACE_CURVE('',#2021,(#2025,#2032),.PCURVE_S1.);
#2021 = LINE('',#2022,#2023);
#2022 = CARTESIAN_POINT('',(0.95,-11.18,-6.5));
#2023 = VECTOR('',#2024,1.);
#2024 = DIRECTION('',(0.,0.,1.));
#2025 = PCURVE('',#1957,#2026);
#2026 = DEFINITIONAL_REPRESENTATION('',(#2027),#2031);
#2027 = LINE('',#2028,#2029);
#2028 = CARTESIAN_POINT('',(0.64,0.));
#2029 = VECTOR('',#2030,1.);
#2030 = DIRECTION('',(0.,-1.));
#2031 = ( GEOMETRIC_REPRESENTATION_CONTEXT(2) 
PARAMETRIC_REPRESENTATION_CONTEXT() REPRESENTATION_CONTEXT('2D SPACE',''
  ) );
#2032 = PCURVE('',#1820,#2033);
#2033 = DEFINITIONAL_REPRESENTATION('',(#2034),#2038);
#2034 = LINE('',#2035,#2036);
#2035 = CARTESIAN_POINT('',(0.,0.));
#2036 = VECTOR('',#2037,1.);
#2037 = DIRECTION('',(0.,-1.));
#2038 = ( GEOMETRIC_REPRESENTATION_CONTEXT(2) 
PARAMETRIC_REPRESENTATION_CONTEXT() REPRESENTATION_CONTEXT('2D SPACE',''
  ) );
#2039 = ORIENTED_EDGE('',*,*,#2040,.F.);
#2040 = EDGE_CURVE('',#1942,#2018,#2041,.T.);
#2041 = SURFACE_CURVE('',#2042,(#2046,#2053),.PCURVE_S1.);
#2042 = LINE('',#2043,#2044);
#2043 = CARTESIAN_POINT('',(1.59,-11.18,-6.5));
#2044 = VECTOR('',#2045,1.);
#2045 = DIRECTION('',(-1.,0.,0.));
#2046 = PCURVE('',#1957,#2047);
#2047 = DEFINITIONAL_REPRESENTATION('',(#2048),#2052);
#2048 = LINE('',#2049,#2050);
#2049 = CARTESIAN_POINT('',(0.,-0.));
#2050 = VECTOR('',#2051,1.);
#2051 = DIRECTION('',(1.,0.));
#2052 = ( GEOMETRIC_REPRESENTATION_CONTEXT(2) 
PARAMETRIC_REPRESENTATION_CONTEXT() REPRESENTATION_CONTEXT('2D SPACE',''
  ) );
#2053 = PCURVE('',#1902,#2054);
#2054 = DEFINITIONAL_REPRESENTATION('',(#2055),#2059);
#2055 = LINE('',#2056,#2057);
#2056 = CARTESIAN_POINT('',(0.32,0.32));
#2057 = VECTOR('',#2058,1.);
#2058 = DIRECTION('',(-1.,0.));
#2059 = ( GEOMETRIC_REPRESENTATION_CONTEXT(2) 
PARAMETRIC_REPRESENTATION_CONTEXT() REPRESENTATION_CONTEXT('2D SPACE',''
  ) );
#2060 = ADVANCED_FACE('',(#2061),#1820,.F.);
#2061 = FACE_BOUND('',#2062,.F.);
#2062 = EDGE_LOOP('',(#2063,#2064,#2085,#2086));
#2063 = ORIENTED_EDGE('',*,*,#2017,.T.);
#2064 = ORIENTED_EDGE('',*,*,#2065,.T.);
#2065 = EDGE_CURVE('',#1995,#1800,#2066,.T.);
#2066 = SURFACE_CURVE('',#2067,(#2071,#2078),.PCURVE_S1.);
#2067 = LINE('',#2068,#2069);
#2068 = CARTESIAN_POINT('',(0.95,-11.18,4.6));
#2069 = VECTOR('',#2070,1.);
#2070 = DIRECTION('',(0.,-1.,0.));
#2071 = PCURVE('',#1820,#2072);
#2072 = DEFINITIONAL_REPRESENTATION('',(#2073),#2077);
#2073 = LINE('',#2074,#2075);
#2074 = CARTESIAN_POINT('',(0.,-11.1));
#2075 = VECTOR('',#2076,1.);
#2076 = DIRECTION('',(1.,0.));
#2077 = ( GEOMETRIC_REPRESENTATION_CONTEXT(2) 
PARAMETRIC_REPRESENTATION_CONTEXT() REPRESENTATION_CONTEXT('2D SPACE',''
  ) );
#2078 = PCURVE('',#1848,#2079);
#2079 = DEFINITIONAL_REPRESENTATION('',(#2080),#2084);
#2080 = LINE('',#2081,#2082);
#2081 = CARTESIAN_POINT('',(-0.32,0.32));
#2082 = VECTOR('',#2083,1.);
#2083 = DIRECTION('',(0.,-1.));
#2084 = ( GEOMETRIC_REPRESENTATION_CONTEXT(2) 
PARAMETRIC_REPRESENTATION_CONTEXT() REPRESENTATION_CONTEXT('2D SPACE',''
  ) );
#2085 = ORIENTED_EDGE('',*,*,#1797,.F.);
#2086 = ORIENTED_EDGE('',*,*,#2087,.F.);
#2087 = EDGE_CURVE('',#2018,#1798,#2088,.T.);
#2088 = SURFACE_CURVE('',#2089,(#2093,#2100),.PCURVE_S1.);
#2089 = LINE('',#2090,#2091);
#2090 = CARTESIAN_POINT('',(0.95,-11.18,-6.5));
#2091 = VECTOR('',#2092,1.);
#2092 = DIRECTION('',(0.,-1.,0.));
#2093 = PCURVE('',#1820,#2094);
#2094 = DEFINITIONAL_REPRESENTATION('',(#2095),#2099);
#2095 = LINE('',#2096,#2097);
#2096 = CARTESIAN_POINT('',(0.,0.));
#2097 = VECTOR('',#2098,1.);
#2098 = DIRECTION('',(1.,0.));
#2099 = ( GEOMETRIC_REPRESENTATION_CONTEXT(2) 
PARAMETRIC_REPRESENTATION_CONTEXT() REPRESENTATION_CONTEXT('2D SPACE',''
  ) );
#2100 = PCURVE('',#1902,#2101);
#2101 = DEFINITIONAL_REPRESENTATION('',(#2102),#2106);
#2102 = LINE('',#2103,#2104);
#2103 = CARTESIAN_POINT('',(-0.32,0.32));
#2104 = VECTOR('',#2105,1.);
#2105 = DIRECTION('',(0.,-1.));
#2106 = ( GEOMETRIC_REPRESENTATION_CONTEXT(2) 
PARAMETRIC_REPRESENTATION_CONTEXT() REPRESENTATION_CONTEXT('2D SPACE',''
  ) );
#2107 = ADVANCED_FACE('',(#2108),#1902,.F.);
#2108 = FACE_BOUND('',#2109,.F.);
#2109 = EDGE_LOOP('',(#2110,#2111,#2112,#2113));
#2110 = ORIENTED_EDGE('',*,*,#1888,.T.);
#2111 = ORIENTED_EDGE('',*,*,#1969,.T.);
#2112 = ORIENTED_EDGE('',*,*,#2040,.T.);
#2113 = ORIENTED_EDGE('',*,*,#2087,.T.);
#2114 = ADVANCED_FACE('',(#2115),#1848,.T.);
#2115 = FACE_BOUND('',#2116,.T.);
#2116 = EDGE_LOOP('',(#2117,#2118,#2119,#2120));
#2117 = ORIENTED_EDGE('',*,*,#1832,.T.);
#2118 = ORIENTED_EDGE('',*,*,#1918,.T.);
#2119 = ORIENTED_EDGE('',*,*,#1994,.T.);
#2120 = ORIENTED_EDGE('',*,*,#2065,.T.);
#2121 = MANIFOLD_SOLID_BREP('',#2122);
#2122 = CLOSED_SHELL('',(#2123,#2243,#2319,#2390,#2437,#2444));
#2123 = ADVANCED_FACE('',(#2124),#2138,.F.);
#2124 = FACE_BOUND('',#2125,.F.);
#2125 = EDGE_LOOP('',(#2126,#2161,#2189,#2217));
#2126 = ORIENTED_EDGE('',*,*,#2127,.T.);
#2127 = EDGE_CURVE('',#2128,#2130,#2132,.T.);
#2128 = VERTEX_POINT('',#2129);
#2129 = CARTESIAN_POINT('',(3.49,-11.82,-6.5));
#2130 = VERTEX_POINT('',#2131);
#2131 = CARTESIAN_POINT('',(3.49,-11.82,4.6));
#2132 = SURFACE_CURVE('',#2133,(#2137,#2149),.PCURVE_S1.);
#2133 = LINE('',#2134,#2135);
#2134 = CARTESIAN_POINT('',(3.49,-11.82,-6.5));
#2135 = VECTOR('',#2136,1.);
#2136 = DIRECTION('',(0.,0.,1.));
#2137 = PCURVE('',#2138,#2143);
#2138 = PLANE('',#2139);
#2139 = AXIS2_PLACEMENT_3D('',#2140,#2141,#2142);
#2140 = CARTESIAN_POINT('',(3.49,-11.82,-6.5));
#2141 = DIRECTION('',(0.,1.,0.));
#2142 = DIRECTION('',(1.,0.,0.));
#2143 = DEFINITIONAL_REPRESENTATION('',(#2144),#2148);
#2144 = LINE('',#2145,#2146);
#2145 = CARTESIAN_POINT('',(0.,0.));
#2146 = VECTOR('',#2147,1.);
#2147 = DIRECTION('',(0.,-1.));
#2148 = ( GEOMETRIC_REPRESENTATION_CONTEXT(2) 
PARAMETRIC_REPRESENTATION_CONTEXT() REPRESENTATION_CONTEXT('2D SPACE',''
  ) );
#2149 = PCURVE('',#2150,#2155);
#2150 = PLANE('',#2151);
#2151 = AXIS2_PLACEMENT_3D('',#2152,#2153,#2154);
#2152 = CARTESIAN_POINT('',(3.49,-11.18,-6.5));
#2153 = DIRECTION('',(1.,0.,-0.));
#2154 = DIRECTION('',(0.,-1.,0.));
#2155 = DEFINITIONAL_REPRESENTATION('',(#2156),#2160);
#2156 = LINE('',#2157,#2158);
#2157 = CARTESIAN_POINT('',(0.64,0.));
#2158 = VECTOR('',#2159,1.);
#2159 = DIRECTION('',(0.,-1.));
#2160 = ( GEOMETRIC_REPRESENTATION_CONTEXT(2) 
PARAMETRIC_REPRESENTATION_CONTEXT() REPRESENTATION_CONTEXT('2D SPACE',''
  ) );
#2161 = ORIENTED_EDGE('',*,*,#2162,.T.);
#2162 = EDGE_CURVE('',#2130,#2163,#2165,.T.);
#2163 = VERTEX_POINT('',#2164);
#2164 = CARTESIAN_POINT('',(4.13,-11.82,4.6));
#2165 = SURFACE_CURVE('',#2166,(#2170,#2177),.PCURVE_S1.);
#2166 = LINE('',#2167,#2168);
#2167 = CARTESIAN_POINT('',(3.49,-11.82,4.6));
#2168 = VECTOR('',#2169,1.);
#2169 = DIRECTION('',(1.,0.,0.));
#2170 = PCURVE('',#2138,#2171);
#2171 = DEFINITIONAL_REPRESENTATION('',(#2172),#2176);
#2172 = LINE('',#2173,#2174);
#2173 = CARTESIAN_POINT('',(0.,-11.1));
#2174 = VECTOR('',#2175,1.);
#2175 = DIRECTION('',(1.,0.));
#2176 = ( GEOMETRIC_REPRESENTATION_CONTEXT(2) 
PARAMETRIC_REPRESENTATION_CONTEXT() REPRESENTATION_CONTEXT('2D SPACE',''
  ) );
#2177 = PCURVE('',#2178,#2183);
#2178 = PLANE('',#2179);
#2179 = AXIS2_PLACEMENT_3D('',#2180,#2181,#2182);
#2180 = CARTESIAN_POINT('',(3.81,-11.5,4.6));
#2181 = DIRECTION('',(0.,0.,1.));
#2182 = DIRECTION('',(1.,0.,-0.));
#2183 = DEFINITIONAL_REPRESENTATION('',(#2184),#2188);
#2184 = LINE('',#2185,#2186);
#2185 = CARTESIAN_POINT('',(-0.32,-0.32));
#2186 = VECTOR('',#2187,1.);
#2187 = DIRECTION('',(1.,0.));
#2188 = ( GEOMETRIC_REPRESENTATION_CONTEXT(2) 
PARAMETRIC_REPRESENTATION_CONTEXT() REPRESENTATION_CONTEXT('2D SPACE',''
  ) );
#2189 = ORIENTED_EDGE('',*,*,#2190,.F.);
#2190 = EDGE_CURVE('',#2191,#2163,#2193,.T.);
#2191 = VERTEX_POINT('',#2192);
#2192 = CARTESIAN_POINT('',(4.13,-11.82,-6.5));
#2193 = SURFACE_CURVE('',#2194,(#2198,#2205),.PCURVE_S1.);
#2194 = LINE('',#2195,#2196);
#2195 = CARTESIAN_POINT('',(4.13,-11.82,-6.5));
#2196 = VECTOR('',#2197,1.);
#2197 = DIRECTION('',(0.,0.,1.));
#2198 = PCURVE('',#2138,#2199);
#2199 = DEFINITIONAL_REPRESENTATION('',(#2200),#2204);
#2200 = LINE('',#2201,#2202);
#2201 = CARTESIAN_POINT('',(0.64,0.));
#2202 = VECTOR('',#2203,1.);
#2203 = DIRECTION('',(0.,-1.));
#2204 = ( GEOMETRIC_REPRESENTATION_CONTEXT(2) 
PARAMETRIC_REPRESENTATION_CONTEXT() REPRESENTATION_CONTEXT('2D SPACE',''
  ) );
#2205 = PCURVE('',#2206,#2211);
#2206 = PLANE('',#2207);
#2207 = AXIS2_PLACEMENT_3D('',#2208,#2209,#2210);
#2208 = CARTESIAN_POINT('',(4.13,-11.82,-6.5));
#2209 = DIRECTION('',(-1.,0.,0.));
#2210 = DIRECTION('',(0.,1.,0.));
#2211 = DEFINITIONAL_REPRESENTATION('',(#2212),#2216);
#2212 = LINE('',#2213,#2214);
#2213 = CARTESIAN_POINT('',(0.,0.));
#2214 = VECTOR('',#2215,1.);
#2215 = DIRECTION('',(0.,-1.));
#2216 = ( GEOMETRIC_REPRESENTATION_CONTEXT(2) 
PARAMETRIC_REPRESENTATION_CONTEXT() REPRESENTATION_CONTEXT('2D SPACE',''
  ) );
#2217 = ORIENTED_EDGE('',*,*,#2218,.F.);
#2218 = EDGE_CURVE('',#2128,#2191,#2219,.T.);
#2219 = SURFACE_CURVE('',#2220,(#2224,#2231),.PCURVE_S1.);
#2220 = LINE('',#2221,#2222);
#2221 = CARTESIAN_POINT('',(3.49,-11.82,-6.5));
#2222 = VECTOR('',#2223,1.);
#2223 = DIRECTION('',(1.,0.,0.));
#2224 = PCURVE('',#2138,#2225);
#2225 = DEFINITIONAL_REPRESENTATION('',(#2226),#2230);
#2226 = LINE('',#2227,#2228);
#2227 = CARTESIAN_POINT('',(0.,0.));
#2228 = VECTOR('',#2229,1.);
#2229 = DIRECTION('',(1.,0.));
#2230 = ( GEOMETRIC_REPRESENTATION_CONTEXT(2) 
PARAMETRIC_REPRESENTATION_CONTEXT() REPRESENTATION_CONTEXT('2D SPACE',''
  ) );
#2231 = PCURVE('',#2232,#2237);
#2232 = PLANE('',#2233);
#2233 = AXIS2_PLACEMENT_3D('',#2234,#2235,#2236);
#2234 = CARTESIAN_POINT('',(3.81,-11.5,-6.5));
#2235 = DIRECTION('',(0.,0.,1.));
#2236 = DIRECTION('',(1.,0.,-0.));
#2237 = DEFINITIONAL_REPRESENTATION('',(#2238),#2242);
#2238 = LINE('',#2239,#2240);
#2239 = CARTESIAN_POINT('',(-0.32,-0.32));
#2240 = VECTOR('',#2241,1.);
#2241 = DIRECTION('',(1.,0.));
#2242 = ( GEOMETRIC_REPRESENTATION_CONTEXT(2) 
PARAMETRIC_REPRESENTATION_CONTEXT() REPRESENTATION_CONTEXT('2D SPACE',''
  ) );
#2243 = ADVANCED_FACE('',(#2244),#2206,.F.);
#2244 = FACE_BOUND('',#2245,.F.);
#2245 = EDGE_LOOP('',(#2246,#2247,#2270,#2298));
#2246 = ORIENTED_EDGE('',*,*,#2190,.T.);
#2247 = ORIENTED_EDGE('',*,*,#2248,.T.);
#2248 = EDGE_CURVE('',#2163,#2249,#2251,.T.);
#2249 = VERTEX_POINT('',#2250);
#2250 = CARTESIAN_POINT('',(4.13,-11.18,4.6));
#2251 = SURFACE_CURVE('',#2252,(#2256,#2263),.PCURVE_S1.);
#2252 = LINE('',#2253,#2254);
#2253 = CARTESIAN_POINT('',(4.13,-11.82,4.6));
#2254 = VECTOR('',#2255,1.);
#2255 = DIRECTION('',(0.,1.,0.));
#2256 = PCURVE('',#2206,#2257);
#2257 = DEFINITIONAL_REPRESENTATION('',(#2258),#2262);
#2258 = LINE('',#2259,#2260);
#2259 = CARTESIAN_POINT('',(0.,-11.1));
#2260 = VECTOR('',#2261,1.);
#2261 = DIRECTION('',(1.,0.));
#2262 = ( GEOMETRIC_REPRESENTATION_CONTEXT(2) 
PARAMETRIC_REPRESENTATION_CONTEXT() REPRESENTATION_CONTEXT('2D SPACE',''
  ) );
#2263 = PCURVE('',#2178,#2264);
#2264 = DEFINITIONAL_REPRESENTATION('',(#2265),#2269);
#2265 = LINE('',#2266,#2267);
#2266 = CARTESIAN_POINT('',(0.32,-0.32));
#2267 = VECTOR('',#2268,1.);
#2268 = DIRECTION('',(0.,1.));
#2269 = ( GEOMETRIC_REPRESENTATION_CONTEXT(2) 
PARAMETRIC_REPRESENTATION_CONTEXT() REPRESENTATION_CONTEXT('2D SPACE',''
  ) );
#2270 = ORIENTED_EDGE('',*,*,#2271,.F.);
#2271 = EDGE_CURVE('',#2272,#2249,#2274,.T.);
#2272 = VERTEX_POINT('',#2273);
#2273 = CARTESIAN_POINT('',(4.13,-11.18,-6.5));
#2274 = SURFACE_CURVE('',#2275,(#2279,#2286),.PCURVE_S1.);
#2275 = LINE('',#2276,#2277);
#2276 = CARTESIAN_POINT('',(4.13,-11.18,-6.5));
#2277 = VECTOR('',#2278,1.);
#2278 = DIRECTION('',(0.,0.,1.));
#2279 = PCURVE('',#2206,#2280);
#2280 = DEFINITIONAL_REPRESENTATION('',(#2281),#2285);
#2281 = LINE('',#2282,#2283);
#2282 = CARTESIAN_POINT('',(0.64,0.));
#2283 = VECTOR('',#2284,1.);
#2284 = DIRECTION('',(0.,-1.));
#2285 = ( GEOMETRIC_REPRESENTATION_CONTEXT(2) 
PARAMETRIC_REPRESENTATION_CONTEXT() REPRESENTATION_CONTEXT('2D SPACE',''
  ) );
#2286 = PCURVE('',#2287,#2292);
#2287 = PLANE('',#2288);
#2288 = AXIS2_PLACEMENT_3D('',#2289,#2290,#2291);
#2289 = CARTESIAN_POINT('',(4.13,-11.18,-6.5));
#2290 = DIRECTION('',(0.,-1.,0.));
#2291 = DIRECTION('',(-1.,0.,0.));
#2292 = DEFINITIONAL_REPRESENTATION('',(#2293),#2297);
#2293 = LINE('',#2294,#2295);
#2294 = CARTESIAN_POINT('',(0.,-0.));
#2295 = VECTOR('',#2296,1.);
#2296 = DIRECTION('',(0.,-1.));
#2297 = ( GEOMETRIC_REPRESENTATION_CONTEXT(2) 
PARAMETRIC_REPRESENTATION_CONTEXT() REPRESENTATION_CONTEXT('2D SPACE',''
  ) );
#2298 = ORIENTED_EDGE('',*,*,#2299,.F.);
#2299 = EDGE_CURVE('',#2191,#2272,#2300,.T.);
#2300 = SURFACE_CURVE('',#2301,(#2305,#2312),.PCURVE_S1.);
#2301 = LINE('',#2302,#2303);
#2302 = CARTESIAN_POINT('',(4.13,-11.82,-6.5));
#2303 = VECTOR('',#2304,1.);
#2304 = DIRECTION('',(0.,1.,0.));
#2305 = PCURVE('',#2206,#2306);
#2306 = DEFINITIONAL_REPRESENTATION('',(#2307),#2311);
#2307 = LINE('',#2308,#2309);
#2308 = CARTESIAN_POINT('',(0.,0.));
#2309 = VECTOR('',#2310,1.);
#2310 = DIRECTION('',(1.,0.));
#2311 = ( GEOMETRIC_REPRESENTATION_CONTEXT(2) 
PARAMETRIC_REPRESENTATION_CONTEXT() REPRESENTATION_CONTEXT('2D SPACE',''
  ) );
#2312 = PCURVE('',#2232,#2313);
#2313 = DEFINITIONAL_REPRESENTATION('',(#2314),#2318);
#2314 = LINE('',#2315,#2316);
#2315 = CARTESIAN_POINT('',(0.32,-0.32));
#2316 = VECTOR('',#2317,1.);
#2317 = DIRECTION('',(0.,1.));
#2318 = ( GEOMETRIC_REPRESENTATION_CONTEXT(2) 
PARAMETRIC_REPRESENTATION_CONTEXT() REPRESENTATION_CONTEXT('2D SPACE',''
  ) );
#2319 = ADVANCED_FACE('',(#2320),#2287,.F.);
#2320 = FACE_BOUND('',#2321,.F.);
#2321 = EDGE_LOOP('',(#2322,#2323,#2346,#2369));
#2322 = ORIENTED_EDGE('',*,*,#2271,.T.);
#2323 = ORIENTED_EDGE('',*,*,#2324,.T.);
#2324 = EDGE_CURVE('',#2249,#2325,#2327,.T.);
#2325 = VERTEX_POINT('',#2326);
#2326 = CARTESIAN_POINT('',(3.49,-11.18,4.6));
#2327 = SURFACE_CURVE('',#2328,(#2332,#2339),.PCURVE_S1.);
#2328 = LINE('',#2329,#2330);
#2329 = CARTESIAN_POINT('',(4.13,-11.18,4.6));
#2330 = VECTOR('',#2331,1.);
#2331 = DIRECTION('',(-1.,0.,0.));
#2332 = PCURVE('',#2287,#2333);
#2333 = DEFINITIONAL_REPRESENTATION('',(#2334),#2338);
#2334 = LINE('',#2335,#2336);
#2335 = CARTESIAN_POINT('',(0.,-11.1));
#2336 = VECTOR('',#2337,1.);
#2337 = DIRECTION('',(1.,0.));
#2338 = ( GEOMETRIC_REPRESENTATION_CONTEXT(2) 
PARAMETRIC_REPRESENTATION_CONTEXT() REPRESENTATION_CONTEXT('2D SPACE',''
  ) );
#2339 = PCURVE('',#2178,#2340);
#2340 = DEFINITIONAL_REPRESENTATION('',(#2341),#2345);
#2341 = LINE('',#2342,#2343);
#2342 = CARTESIAN_POINT('',(0.32,0.32));
#2343 = VECTOR('',#2344,1.);
#2344 = DIRECTION('',(-1.,0.));
#2345 = ( GEOMETRIC_REPRESENTATION_CONTEXT(2) 
PARAMETRIC_REPRESENTATION_CONTEXT() REPRESENTATION_CONTEXT('2D SPACE',''
  ) );
#2346 = ORIENTED_EDGE('',*,*,#2347,.F.);
#2347 = EDGE_CURVE('',#2348,#2325,#2350,.T.);
#2348 = VERTEX_POINT('',#2349);
#2349 = CARTESIAN_POINT('',(3.49,-11.18,-6.5));
#2350 = SURFACE_CURVE('',#2351,(#2355,#2362),.PCURVE_S1.);
#2351 = LINE('',#2352,#2353);
#2352 = CARTESIAN_POINT('',(3.49,-11.18,-6.5));
#2353 = VECTOR('',#2354,1.);
#2354 = DIRECTION('',(0.,0.,1.));
#2355 = PCURVE('',#2287,#2356);
#2356 = DEFINITIONAL_REPRESENTATION('',(#2357),#2361);
#2357 = LINE('',#2358,#2359);
#2358 = CARTESIAN_POINT('',(0.64,0.));
#2359 = VECTOR('',#2360,1.);
#2360 = DIRECTION('',(0.,-1.));
#2361 = ( GEOMETRIC_REPRESENTATION_CONTEXT(2) 
PARAMETRIC_REPRESENTATION_CONTEXT() REPRESENTATION_CONTEXT('2D SPACE',''
  ) );
#2362 = PCURVE('',#2150,#2363);
#2363 = DEFINITIONAL_REPRESENTATION('',(#2364),#2368);
#2364 = LINE('',#2365,#2366);
#2365 = CARTESIAN_POINT('',(0.,0.));
#2366 = VECTOR('',#2367,1.);
#2367 = DIRECTION('',(0.,-1.));
#2368 = ( GEOMETRIC_REPRESENTATION_CONTEXT(2) 
PARAMETRIC_REPRESENTATION_CONTEXT() REPRESENTATION_CONTEXT('2D SPACE',''
  ) );
#2369 = ORIENTED_EDGE('',*,*,#2370,.F.);
#2370 = EDGE_CURVE('',#2272,#2348,#2371,.T.);
#2371 = SURFACE_CURVE('',#2372,(#2376,#2383),.PCURVE_S1.);
#2372 = LINE('',#2373,#2374);
#2373 = CARTESIAN_POINT('',(4.13,-11.18,-6.5));
#2374 = VECTOR('',#2375,1.);
#2375 = DIRECTION('',(-1.,0.,0.));
#2376 = PCURVE('',#2287,#2377);
#2377 = DEFINITIONAL_REPRESENTATION('',(#2378),#2382);
#2378 = LINE('',#2379,#2380);
#2379 = CARTESIAN_POINT('',(0.,-0.));
#2380 = VECTOR('',#2381,1.);
#2381 = DIRECTION('',(1.,0.));
#2382 = ( GEOMETRIC_REPRESENTATION_CONTEXT(2) 
PARAMETRIC_REPRESENTATION_CONTEXT() REPRESENTATION_CONTEXT('2D SPACE',''
  ) );
#2383 = PCURVE('',#2232,#2384);
#2384 = DEFINITIONAL_REPRESENTATION('',(#2385),#2389);
#2385 = LINE('',#2386,#2387);
#2386 = CARTESIAN_POINT('',(0.32,0.32));
#2387 = VECTOR('',#2388,1.);
#2388 = DIRECTION('',(-1.,0.));
#2389 = ( GEOMETRIC_REPRESENTATION_CONTEXT(2) 
PARAMETRIC_REPRESENTATION_CONTEXT() REPRESENTATION_CONTEXT('2D SPACE',''
  ) );
#2390 = ADVANCED_FACE('',(#2391),#2150,.F.);
#2391 = FACE_BOUND('',#2392,.F.);
#2392 = EDGE_LOOP('',(#2393,#2394,#2415,#2416));
#2393 = ORIENTED_EDGE('',*,*,#2347,.T.);
#2394 = ORIENTED_EDGE('',*,*,#2395,.T.);
#2395 = EDGE_CURVE('',#2325,#2130,#2396,.T.);
#2396 = SURFACE_CURVE('',#2397,(#2401,#2408),.PCURVE_S1.);
#2397 = LINE('',#2398,#2399);
#2398 = CARTESIAN_POINT('',(3.49,-11.18,4.6));
#2399 = VECTOR('',#2400,1.);
#2400 = DIRECTION('',(0.,-1.,0.));
#2401 = PCURVE('',#2150,#2402);
#2402 = DEFINITIONAL_REPRESENTATION('',(#2403),#2407);
#2403 = LINE('',#2404,#2405);
#2404 = CARTESIAN_POINT('',(0.,-11.1));
#2405 = VECTOR('',#2406,1.);
#2406 = DIRECTION('',(1.,0.));
#2407 = ( GEOMETRIC_REPRESENTATION_CONTEXT(2) 
PARAMETRIC_REPRESENTATION_CONTEXT() REPRESENTATION_CONTEXT('2D SPACE',''
  ) );
#2408 = PCURVE('',#2178,#2409);
#2409 = DEFINITIONAL_REPRESENTATION('',(#2410),#2414);
#2410 = LINE('',#2411,#2412);
#2411 = CARTESIAN_POINT('',(-0.32,0.32));
#2412 = VECTOR('',#2413,1.);
#2413 = DIRECTION('',(0.,-1.));
#2414 = ( GEOMETRIC_REPRESENTATION_CONTEXT(2) 
PARAMETRIC_REPRESENTATION_CONTEXT() REPRESENTATION_CONTEXT('2D SPACE',''
  ) );
#2415 = ORIENTED_EDGE('',*,*,#2127,.F.);
#2416 = ORIENTED_EDGE('',*,*,#2417,.F.);
#2417 = EDGE_CURVE('',#2348,#2128,#2418,.T.);
#2418 = SURFACE_CURVE('',#2419,(#2423,#2430),.PCURVE_S1.);
#2419 = LINE('',#2420,#2421);
#2420 = CARTESIAN_POINT('',(3.49,-11.18,-6.5));
#2421 = VECTOR('',#2422,1.);
#2422 = DIRECTION('',(0.,-1.,0.));
#2423 = PCURVE('',#2150,#2424);
#2424 = DEFINITIONAL_REPRESENTATION('',(#2425),#2429);
#2425 = LINE('',#2426,#2427);
#2426 = CARTESIAN_POINT('',(0.,0.));
#2427 = VECTOR('',#2428,1.);
#2428 = DIRECTION('',(1.,0.));
#2429 = ( GEOMETRIC_REPRESENTATION_CONTEXT(2) 
PARAMETRIC_REPRESENTATION_CONTEXT() REPRESENTATION_CONTEXT('2D SPACE',''
  ) );
#2430 = PCURVE('',#2232,#2431);
#2431 = DEFINITIONAL_REPRESENTATION('',(#2432),#2436);
#2432 = LINE('',#2433,#2434);
#2433 = CARTESIAN_POINT('',(-0.32,0.32));
#2434 = VECTOR('',#2435,1.);
#2435 = DIRECTION('',(0.,-1.));
#2436 = ( GEOMETRIC_REPRESENTATION_CONTEXT(2) 
PARAMETRIC_REPRESENTATION_CONTEXT() REPRESENTATION_CONTEXT('2D SPACE',''
  ) );
#2437 = ADVANCED_FACE('',(#2438),#2232,.F.);
#2438 = FACE_BOUND('',#2439,.F.);
#2439 = EDGE_LOOP('',(#2440,#2441,#2442,#2443));
#2440 = ORIENTED_EDGE('',*,*,#2218,.T.);
#2441 = ORIENTED_EDGE('',*,*,#2299,.T.);
#2442 = ORIENTED_EDGE('',*,*,#2370,.T.);
#2443 = ORIENTED_EDGE('',*,*,#2417,.T.);
#2444 = ADVANCED_FACE('',(#2445),#2178,.T.);
#2445 = FACE_BOUND('',#2446,.T.);
#2446 = EDGE_LOOP('',(#2447,#2448,#2449,#2450));
#2447 = ORIENTED_EDGE('',*,*,#2162,.T.);
#2448 = ORIENTED_EDGE('',*,*,#2248,.T.);
#2449 = ORIENTED_EDGE('',*,*,#2324,.T.);
#2450 = ORIENTED_EDGE('',*,*,#2395,.T.);
#2451 = ( GEOMETRIC_REPRESENTATION_CONTEXT(3) 
GLOBAL_UNCERTAINTY_ASSIGNED_CONTEXT((#2455)) 
GLOBAL_UNIT_ASSIGNED_CONTEXT((#2452,#2453,#2454)) REPRESENTATION_CONTEXT
('Context #1','3D Context with UNIT and UNCERTAINTY') );
#2452 = ( LENGTH_UNIT() NAMED_UNIT(*) SI_UNIT(.MILLI.,.METRE.) );
#2453 = ( NAMED_UNIT(*) PLANE_ANGLE_UNIT() SI_UNIT($,.RADIAN.) );
#2454 = ( NAMED_UNIT(*) SI_UNIT($,.STERADIAN.) SOLID_ANGLE_UNIT() );
#2455 = UNCERTAINTY_MEASURE_WITH_UNIT(LENGTH_MEASURE(1.E-07),#2452,
  'distance_accuracy_value','confusion accuracy');
#2456 = CONTEXT_DEPENDENT_SHAPE_REPRESENTATION(#2457,#2459);
#2457 = ( REPRESENTATION_RELATIONSHIP('','',#1130,#10) 
REPRESENTATION_RELATIONSHIP_WITH_TRANSFORMATION(#2458) 
SHAPE_REPRESENTATION_RELATIONSHIP() );
#2458 = ITEM_DEFINED_TRANSFORMATION('','',#11,#23);
#2459 = PRODUCT_DEFINITION_SHAPE('Placement','Placement of an item',
  #2460);
#2460 = NEXT_ASSEMBLY_USAGE_OCCURRENCE('3','Header_Pins','',#5,#1125,$);
#2461 = PRODUCT_RELATED_PRODUCT_CATEGORY('part',$,(#1127));
#2462 = SHAPE_DEFINITION_REPRESENTATION(#2463,#2469);
#2463 = PRODUCT_DEFINITION_SHAPE('','',#2464);
#2464 = PRODUCT_DEFINITION('design','',#2465,#2468);
#2465 = PRODUCT_DEFINITION_FORMATION('','',#2466);
#2466 = PRODUCT('MQ135_Sensor','MQ135_Sensor','',(#2467));
#2467 = PRODUCT_CONTEXT('',#2,'mechanical');
#2468 = PRODUCT_DEFINITION_CONTEXT('part definition',#2,'design');
#2469 = ADVANCED_BREP_SHAPE_REPRESENTATION('',(#11,#2470),#2752);
#2470 = MANIFOLD_SOLID_BREP('',#2471);
#2471 = CLOSED_SHELL('',(#2472,#2560,#2564,#2599,#2654,#2693,#2748));
#2472 = ADVANCED_FACE('',(#2473),#2487,.T.);
#2473 = FACE_BOUND('',#2474,.F.);
#2474 = EDGE_LOOP('',(#2475,#2505,#2532,#2533));
#2475 = ORIENTED_EDGE('',*,*,#2476,.T.);
#2476 = EDGE_CURVE('',#2477,#2479,#2481,.T.);
#2477 = VERTEX_POINT('',#2478);
#2478 = CARTESIAN_POINT('',(9.,5.,1.6));
#2479 = VERTEX_POINT('',#2480);
#2480 = CARTESIAN_POINT('',(9.,5.,2.6));
#2481 = SEAM_CURVE('',#2482,(#2486,#2498),.PCURVE_S1.);
#2482 = LINE('',#2483,#2484);
#2483 = CARTESIAN_POINT('',(9.,5.,1.6));
#2484 = VECTOR('',#2485,1.);
#2485 = DIRECTION('',(0.,0.,1.));
#2486 = PCURVE('',#2487,#2492);
#2487 = CYLINDRICAL_SURFACE('',#2488,9.);
#2488 = AXIS2_PLACEMENT_3D('',#2489,#2490,#2491);
#2489 = CARTESIAN_POINT('',(0.,5.,1.6));
#2490 = DIRECTION('',(-0.,-0.,-1.));
#2491 = DIRECTION('',(1.,0.,0.));
#2492 = DEFINITIONAL_REPRESENTATION('',(#2493),#2497);
#2493 = LINE('',#2494,#2495);
#2494 = CARTESIAN_POINT('',(-0.,0.));
#2495 = VECTOR('',#2496,1.);
#2496 = DIRECTION('',(-0.,-1.));
#2497 = ( GEOMETRIC_REPRESENTATION_CONTEXT(2) 
PARAMETRIC_REPRESENTATION_CONTEXT() REPRESENTATION_CONTEXT('2D SPACE',''
  ) );
#2498 = PCURVE('',#2487,#2499);
#2499 = DEFINITIONAL_REPRESENTATION('',(#2500),#2504);
#2500 = LINE('',#2501,#2502);
#2501 = CARTESIAN_POINT('',(-6.28318530718,0.));
#2502 = VECTOR('',#2503,1.);
#2503 = DIRECTION('',(-0.,-1.));
#2504 = ( GEOMETRIC_REPRESENTATION_CONTEXT(2) 
PARAMETRIC_REPRESENTATION_CONTEXT() REPRESENTATION_CONTEXT('2D SPACE',''
  ) );
#2505 = ORIENTED_EDGE('',*,*,#2506,.T.);
#2506 = EDGE_CURVE('',#2479,#2479,#2507,.T.);
#2507 = SURFACE_CURVE('',#2508,(#2513,#2520),.PCURVE_S1.);
#2508 = CIRCLE('',#2509,9.);
#2509 = AXIS2_PLACEMENT_3D('',#2510,#2511,#2512);
#2510 = CARTESIAN_POINT('',(0.,5.,2.6));
#2511 = DIRECTION('',(0.,0.,1.));
#2512 = DIRECTION('',(1.,0.,0.));
#2513 = PCURVE('',#2487,#2514);
#2514 = DEFINITIONAL_REPRESENTATION('',(#2515),#2519);
#2515 = LINE('',#2516,#2517);
#2516 = CARTESIAN_POINT('',(-0.,-1.));
#2517 = VECTOR('',#2518,1.);
#2518 = DIRECTION('',(-1.,0.));
#2519 = ( GEOMETRIC_REPRESENTATION_CONTEXT(2) 
PARAMETRIC_REPRESENTATION_CONTEXT() REPRESENTATION_CONTEXT('2D SPACE',''
  ) );
#2520 = PCURVE('',#2521,#2526);
#2521 = PLANE('',#2522);
#2522 = AXIS2_PLACEMENT_3D('',#2523,#2524,#2525);
#2523 = CARTESIAN_POINT('',(-1.7763568394E-15,5.,2.6));
#2524 = DIRECTION('',(0.,0.,1.));
#2525 = DIRECTION('',(1.,0.,-0.));
#2526 = DEFINITIONAL_REPRESENTATION('',(#2527),#2531);
#2527 = CIRCLE('',#2528,9.);
#2528 = AXIS2_PLACEMENT_2D('',#2529,#2530);
#2529 = CARTESIAN_POINT('',(1.7763568394E-15,0.));
#2530 = DIRECTION('',(1.,0.));
#2531 = ( GEOMETRIC_REPRESENTATION_CONTEXT(2) 
PARAMETRIC_REPRESENTATION_CONTEXT() REPRESENTATION_CONTEXT('2D SPACE',''
  ) );
#2532 = ORIENTED_EDGE('',*,*,#2476,.F.);
#2533 = ORIENTED_EDGE('',*,*,#2534,.F.);
#2534 = EDGE_CURVE('',#2477,#2477,#2535,.T.);
#2535 = SURFACE_CURVE('',#2536,(#2541,#2548),.PCURVE_S1.);
#2536 = CIRCLE('',#2537,9.);
#2537 = AXIS2_PLACEMENT_3D('',#2538,#2539,#2540);
#2538 = CARTESIAN_POINT('',(0.,5.,1.6));
#2539 = DIRECTION('',(0.,0.,1.));
#2540 = DIRECTION('',(1.,0.,0.));
#2541 = PCURVE('',#2487,#2542);
#2542 = DEFINITIONAL_REPRESENTATION('',(#2543),#2547);
#2543 = LINE('',#2544,#2545);
#2544 = CARTESIAN_POINT('',(-0.,0.));
#2545 = VECTOR('',#2546,1.);
#2546 = DIRECTION('',(-1.,0.));
#2547 = ( GEOMETRIC_REPRESENTATION_CONTEXT(2) 
PARAMETRIC_REPRESENTATION_CONTEXT() REPRESENTATION_CONTEXT('2D SPACE',''
  ) );
#2548 = PCURVE('',#2549,#2554);
#2549 = PLANE('',#2550);
#2550 = AXIS2_PLACEMENT_3D('',#2551,#2552,#2553);
#2551 = CARTESIAN_POINT('',(-1.7763568394E-15,5.,1.6));
#2552 = DIRECTION('',(0.,0.,1.));
#2553 = DIRECTION('',(1.,0.,-0.));
#2554 = DEFINITIONAL_REPRESENTATION('',(#2555),#2559);
#2555 = CIRCLE('',#2556,9.);
#2556 = AXIS2_PLACEMENT_2D('',#2557,#2558);
#2557 = CARTESIAN_POINT('',(1.7763568394E-15,0.));
#2558 = DIRECTION('',(1.,0.));
#2559 = ( GEOMETRIC_REPRESENTATION_CONTEXT(2) 
PARAMETRIC_REPRESENTATION_CONTEXT() REPRESENTATION_CONTEXT('2D SPACE',''
  ) );
#2560 = ADVANCED_FACE('',(#2561),#2549,.F.);
#2561 = FACE_BOUND('',#2562,.F.);
#2562 = EDGE_LOOP('',(#2563));
#2563 = ORIENTED_EDGE('',*,*,#2534,.T.);
#2564 = ADVANCED_FACE('',(#2565,#2568),#2521,.T.);
#2565 = FACE_BOUND('',#2566,.T.);
#2566 = EDGE_LOOP('',(#2567));
#2567 = ORIENTED_EDGE('',*,*,#2506,.T.);
#2568 = FACE_BOUND('',#2569,.T.);
#2569 = EDGE_LOOP('',(#2570));
#2570 = ORIENTED_EDGE('',*,*,#2571,.F.);
#2571 = EDGE_CURVE('',#2572,#2572,#2574,.T.);
#2572 = VERTEX_POINT('',#2573);
#2573 = CARTESIAN_POINT('',(8.,5.,2.6));
#2574 = SURFACE_CURVE('',#2575,(#2580,#2587),.PCURVE_S1.);
#2575 = CIRCLE('',#2576,8.);
#2576 = AXIS2_PLACEMENT_3D('',#2577,#2578,#2579);
#2577 = CARTESIAN_POINT('',(0.,5.,2.6));
#2578 = DIRECTION('',(0.,0.,1.));
#2579 = DIRECTION('',(1.,0.,0.));
#2580 = PCURVE('',#2521,#2581);
#2581 = DEFINITIONAL_REPRESENTATION('',(#2582),#2586);
#2582 = CIRCLE('',#2583,8.);
#2583 = AXIS2_PLACEMENT_2D('',#2584,#2585);
#2584 = CARTESIAN_POINT('',(1.7763568394E-15,0.));
#2585 = DIRECTION('',(1.,0.));
#2586 = ( GEOMETRIC_REPRESENTATION_CONTEXT(2) 
PARAMETRIC_REPRESENTATION_CONTEXT() REPRESENTATION_CONTEXT('2D SPACE',''
  ) );
#2587 = PCURVE('',#2588,#2593);
#2588 = CYLINDRICAL_SURFACE('',#2589,8.);
#2589 = AXIS2_PLACEMENT_3D('',#2590,#2591,#2592);
#2590 = CARTESIAN_POINT('',(0.,5.,2.6));
#2591 = DIRECTION('',(-0.,-0.,-1.));
#2592 = DIRECTION('',(1.,0.,0.));
#2593 = DEFINITIONAL_REPRESENTATION('',(#2594),#2598);
#2594 = LINE('',#2595,#2596);
#2595 = CARTESIAN_POINT('',(-0.,0.));
#2596 = VECTOR('',#2597,1.);
#2597 = DIRECTION('',(-1.,0.));
#2598 = ( GEOMETRIC_REPRESENTATION_CONTEXT(2) 
PARAMETRIC_REPRESENTATION_CONTEXT() REPRESENTATION_CONTEXT('2D SPACE',''
  ) );
#2599 = ADVANCED_FACE('',(#2600),#2588,.T.);
#2600 = FACE_BOUND('',#2601,.F.);
#2601 = EDGE_LOOP('',(#2602,#2625,#2652,#2653));
#2602 = ORIENTED_EDGE('',*,*,#2603,.T.);
#2603 = EDGE_CURVE('',#2572,#2604,#2606,.T.);
#2604 = VERTEX_POINT('',#2605);
#2605 = CARTESIAN_POINT('',(8.,5.,12.1));
#2606 = SEAM_CURVE('',#2607,(#2611,#2618),.PCURVE_S1.);
#2607 = LINE('',#2608,#2609);
#2608 = CARTESIAN_POINT('',(8.,5.,2.6));
#2609 = VECTOR('',#2610,1.);
#2610 = DIRECTION('',(0.,0.,1.));
#2611 = PCURVE('',#2588,#2612);
#2612 = DEFINITIONAL_REPRESENTATION('',(#2613),#2617);
#2613 = LINE('',#2614,#2615);
#2614 = CARTESIAN_POINT('',(-0.,0.));
#2615 = VECTOR('',#2616,1.);
#2616 = DIRECTION('',(-0.,-1.));
#2617 = ( GEOMETRIC_REPRESENTATION_CONTEXT(2) 
PARAMETRIC_REPRESENTATION_CONTEXT() REPRESENTATION_CONTEXT('2D SPACE',''
  ) );
#2618 = PCURVE('',#2588,#2619);
#2619 = DEFINITIONAL_REPRESENTATION('',(#2620),#2624);
#2620 = LINE('',#2621,#2622);
#2621 = CARTESIAN_POINT('',(-6.28318530718,0.));
#2622 = VECTOR('',#2623,1.);
#2623 = DIRECTION('',(-0.,-1.));
#2624 = ( GEOMETRIC_REPRESENTATION_CONTEXT(2) 
PARAMETRIC_REPRESENTATION_CONTEXT() REPRESENTATION_CONTEXT('2D SPACE',''
  ) );
#2625 = ORIENTED_EDGE('',*,*,#2626,.T.);
#2626 = EDGE_CURVE('',#2604,#2604,#2627,.T.);
#2627 = SURFACE_CURVE('',#2628,(#2633,#2640),.PCURVE_S1.);
#2628 = CIRCLE('',#2629,8.);
#2629 = AXIS2_PLACEMENT_3D('',#2630,#2631,#2632);
#2630 = CARTESIAN_POINT('',(0.,5.,12.1));
#2631 = DIRECTION('',(0.,0.,1.));
#2632 = DIRECTION('',(1.,0.,0.));
#2633 = PCURVE('',#2588,#2634);
#2634 = DEFINITIONAL_REPRESENTATION('',(#2635),#2639);
#2635 = LINE('',#2636,#2637);
#2636 = CARTESIAN_POINT('',(-0.,-9.5));
#2637 = VECTOR('',#2638,1.);
#2638 = DIRECTION('',(-1.,0.));
#2639 = ( GEOMETRIC_REPRESENTATION_CONTEXT(2) 
PARAMETRIC_REPRESENTATION_CONTEXT() REPRESENTATION_CONTEXT('2D SPACE',''
  ) );
#2640 = PCURVE('',#2641,#2646);
#2641 = PLANE('',#2642);
#2642 = AXIS2_PLACEMENT_3D('',#2643,#2644,#2645);
#2643 = CARTESIAN_POINT('',(0.,5.,12.1));
#2644 = DIRECTION('',(0.,0.,1.));
#2645 = DIRECTION('',(1.,0.,-0.));
#2646 = DEFINITIONAL_REPRESENTATION('',(#2647),#2651);
#2647 = CIRCLE('',#2648,8.);
#2648 = AXIS2_PLACEMENT_2D('',#2649,#2650);
#2649 = CARTESIAN_POINT('',(0.,-3.552713678801E-15));
#2650 = DIRECTION('',(1.,0.));
#2651 = ( GEOMETRIC_REPRESENTATION_CONTEXT(2) 
PARAMETRIC_REPRESENTATION_CONTEXT() REPRESENTATION_CONTEXT('2D SPACE',''
  ) );
#2652 = ORIENTED_EDGE('',*,*,#2603,.F.);
#2653 = ORIENTED_EDGE('',*,*,#2571,.F.);
#2654 = ADVANCED_FACE('',(#2655,#2658),#2641,.T.);
#2655 = FACE_BOUND('',#2656,.T.);
#2656 = EDGE_LOOP('',(#2657));
#2657 = ORIENTED_EDGE('',*,*,#2626,.T.);
#2658 = FACE_BOUND('',#2659,.T.);
#2659 = EDGE_LOOP('',(#2660));
#2660 = ORIENTED_EDGE('',*,*,#2661,.T.);
#2661 = EDGE_CURVE('',#2662,#2662,#2664,.T.);
#2662 = VERTEX_POINT('',#2663);
#2663 = CARTESIAN_POINT('',(6.,5.,12.1));
#2664 = SURFACE_CURVE('',#2665,(#2670,#2681),.PCURVE_S1.);
#2665 = CIRCLE('',#2666,6.);
#2666 = AXIS2_PLACEMENT_3D('',#2667,#2668,#2669);
#2667 = CARTESIAN_POINT('',(0.,5.,12.1));
#2668 = DIRECTION('',(0.,0.,-1.));
#2669 = DIRECTION('',(1.,0.,0.));
#2670 = PCURVE('',#2641,#2671);
#2671 = DEFINITIONAL_REPRESENTATION('',(#2672),#2680);
#2672 = ( BOUNDED_CURVE() B_SPLINE_CURVE(2,(#2673,#2674,#2675,#2676,
#2677,#2678,#2679),.UNSPECIFIED.,.T.,.F.) B_SPLINE_CURVE_WITH_KNOTS((1,2
    ,2,2,2,1),(-2.094395102393,0.,2.094395102393,4.188790204786,
6.28318530718,8.377580409573),.UNSPECIFIED.) CURVE() 
GEOMETRIC_REPRESENTATION_ITEM() RATIONAL_B_SPLINE_CURVE((1.,0.5,1.,0.5,
1.,0.5,1.)) REPRESENTATION_ITEM('') );
#2673 = CARTESIAN_POINT('',(6.,-3.552713678801E-15));
#2674 = CARTESIAN_POINT('',(6.,-10.39230484541));
#2675 = CARTESIAN_POINT('',(-3.,-5.196152422707));
#2676 = CARTESIAN_POINT('',(-12.,-5.022289837777E-15));
#2677 = CARTESIAN_POINT('',(-3.,5.196152422707));
#2678 = CARTESIAN_POINT('',(6.,10.392304845413));
#2679 = CARTESIAN_POINT('',(6.,-3.552713678801E-15));
#2680 = ( GEOMETRIC_REPRESENTATION_CONTEXT(2) 
PARAMETRIC_REPRESENTATION_CONTEXT() REPRESENTATION_CONTEXT('2D SPACE',''
  ) );
#2681 = PCURVE('',#2682,#2687);
#2682 = CYLINDRICAL_SURFACE('',#2683,6.);
#2683 = AXIS2_PLACEMENT_3D('',#2684,#2685,#2686);
#2684 = CARTESIAN_POINT('',(0.,5.,11.8));
#2685 = DIRECTION('',(-0.,-0.,-1.));
#2686 = DIRECTION('',(1.,0.,0.));
#2687 = DEFINITIONAL_REPRESENTATION('',(#2688),#2692);
#2688 = LINE('',#2689,#2690);
#2689 = CARTESIAN_POINT('',(-6.28318530718,-0.3));
#2690 = VECTOR('',#2691,1.);
#2691 = DIRECTION('',(1.,-0.));
#2692 = ( GEOMETRIC_REPRESENTATION_CONTEXT(2) 
PARAMETRIC_REPRESENTATION_CONTEXT() REPRESENTATION_CONTEXT('2D SPACE',''
  ) );
#2693 = ADVANCED_FACE('',(#2694),#2682,.T.);
#2694 = FACE_BOUND('',#2695,.F.);
#2695 = EDGE_LOOP('',(#2696,#2697,#2720,#2747));
#2696 = ORIENTED_EDGE('',*,*,#2661,.T.);
#2697 = ORIENTED_EDGE('',*,*,#2698,.T.);
#2698 = EDGE_CURVE('',#2662,#2699,#2701,.T.);
#2699 = VERTEX_POINT('',#2700);
#2700 = CARTESIAN_POINT('',(6.,5.,12.6));
#2701 = SEAM_CURVE('',#2702,(#2706,#2713),.PCURVE_S1.);
#2702 = LINE('',#2703,#2704);
#2703 = CARTESIAN_POINT('',(6.,5.,11.8));
#2704 = VECTOR('',#2705,1.);
#2705 = DIRECTION('',(0.,0.,1.));
#2706 = PCURVE('',#2682,#2707);
#2707 = DEFINITIONAL_REPRESENTATION('',(#2708),#2712);
#2708 = LINE('',#2709,#2710);
#2709 = CARTESIAN_POINT('',(-6.28318530718,0.));
#2710 = VECTOR('',#2711,1.);
#2711 = DIRECTION('',(-0.,-1.));
#2712 = ( GEOMETRIC_REPRESENTATION_CONTEXT(2) 
PARAMETRIC_REPRESENTATION_CONTEXT() REPRESENTATION_CONTEXT('2D SPACE',''
  ) );
#2713 = PCURVE('',#2682,#2714);
#2714 = DEFINITIONAL_REPRESENTATION('',(#2715),#2719);
#2715 = LINE('',#2716,#2717);
#2716 = CARTESIAN_POINT('',(-0.,0.));
#2717 = VECTOR('',#2718,1.);
#2718 = DIRECTION('',(-0.,-1.));
#2719 = ( GEOMETRIC_REPRESENTATION_CONTEXT(2) 
PARAMETRIC_REPRESENTATION_CONTEXT() REPRESENTATION_CONTEXT('2D SPACE',''
  ) );
#2720 = ORIENTED_EDGE('',*,*,#2721,.T.);
#2721 = EDGE_CURVE('',#2699,#2699,#2722,.T.);
#2722 = SURFACE_CURVE('',#2723,(#2728,#2735),.PCURVE_S1.);
#2723 = CIRCLE('',#2724,6.);
#2724 = AXIS2_PLACEMENT_3D('',#2725,#2726,#2727);
#2725 = CARTESIAN_POINT('',(0.,5.,12.6));
#2726 = DIRECTION('',(0.,0.,1.));
#2727 = DIRECTION('',(1.,0.,0.));
#2728 = PCURVE('',#2682,#2729);
#2729 = DEFINITIONAL_REPRESENTATION('',(#2730),#2734);
#2730 = LINE('',#2731,#2732);
#2731 = CARTESIAN_POINT('',(-0.,-0.8));
#2732 = VECTOR('',#2733,1.);
#2733 = DIRECTION('',(-1.,0.));
#2734 = ( GEOMETRIC_REPRESENTATION_CONTEXT(2) 
PARAMETRIC_REPRESENTATION_CONTEXT() REPRESENTATION_CONTEXT('2D SPACE',''
  ) );
#2735 = PCURVE('',#2736,#2741);
#2736 = PLANE('',#2737);
#2737 = AXIS2_PLACEMENT_3D('',#2738,#2739,#2740);
#2738 = CARTESIAN_POINT('',(1.7763568394E-15,5.,12.6));
#2739 = DIRECTION('',(0.,0.,1.));
#2740 = DIRECTION('',(1.,0.,-0.));
#2741 = DEFINITIONAL_REPRESENTATION('',(#2742),#2746);
#2742 = CIRCLE('',#2743,6.);
#2743 = AXIS2_PLACEMENT_2D('',#2744,#2745);
#2744 = CARTESIAN_POINT('',(-1.7763568394E-15,-3.552713678801E-15));
#2745 = DIRECTION('',(1.,0.));
#2746 = ( GEOMETRIC_REPRESENTATION_CONTEXT(2) 
PARAMETRIC_REPRESENTATION_CONTEXT() REPRESENTATION_CONTEXT('2D SPACE',''
  ) );
#2747 = ORIENTED_EDGE('',*,*,#2698,.F.);
#2748 = ADVANCED_FACE('',(#2749),#2736,.T.);
#2749 = FACE_BOUND('',#2750,.T.);
#2750 = EDGE_LOOP('',(#2751));
#2751 = ORIENTED_EDGE('',*,*,#2721,.T.);
#2752 = ( GEOMETRIC_REPRESENTATION_CONTEXT(3) 
GLOBAL_UNCERTAINTY_ASSIGNED_CONTEXT((#2756)) 
GLOBAL_UNIT_ASSIGNED_CONTEXT((#2753,#2754,#2755)) REPRESENTATION_CONTEXT
('Context #1','3D Context with UNIT and UNCERTAINTY') );
#2753 = ( LENGTH_UNIT() NAMED_UNIT(*) SI_UNIT(.MILLI.,.METRE.) );
#2754 = ( NAMED_UNIT(*) PLANE_ANGLE_UNIT() SI_UNIT($,.RADIAN.) );
#2755 = ( NAMED_UNIT(*) SI_UNIT($,.STERADIAN.) SOLID_ANGLE_UNIT() );
#2756 = UNCERTAINTY_MEASURE_WITH_UNIT(LENGTH_MEASURE(1.E-07),#2753,
  'distance_accuracy_value','confusion accuracy');
#2757 = CONTEXT_DEPENDENT_SHAPE_REPRESENTATION(#2758,#2760);
#2758 = ( REPRESENTATION_RELATIONSHIP('','',#2469,#10) 
REPRESENTATION_RELATIONSHIP_WITH_TRANSFORMATION(#2759) 
SHAPE_REPRESENTATION_RELATIONSHIP() );
#2759 = ITEM_DEFINED_TRANSFORMATION('','',#11,#27);
#2760 = PRODUCT_DEFINITION_SHAPE('Placement','Placement of an item',
  #2761);
#2761 = NEXT_ASSEMBLY_USAGE_OCCURRENCE('4','MQ135_Sensor','',#5,#2464,$
  );
#2762 = PRODUCT_RELATED_PRODUCT_CATEGORY('part',$,(#2466));
#2763 = SHAPE_DEFINITION_REPRESENTATION(#2764,#2770);
#2764 = PRODUCT_DEFINITION_SHAPE('','',#2765);
#2765 = PRODUCT_DEFINITION('design','',#2766,#2769);
#2766 = PRODUCT_DEFINITION_FORMATION('','',#2767);
#2767 = PRODUCT('LM393','LM393','',(#2768));
#2768 = PRODUCT_CONTEXT('',#2,'mechanical');
#2769 = PRODUCT_DEFINITION_CONTEXT('part definition',#2,'design');
#2770 = ADVANCED_BREP_SHAPE_REPRESENTATION('',(#11,#2771),#5813);
#2771 = MANIFOLD_SOLID_BREP('',#2772);
#2772 = CLOSED_SHELL('',(#2773,#3219,#3351,#3455,#3504,#4307,#4356,#4405
    ,#4432,#4481,#4530,#4557,#4606,#4678,#4771,#4798,#5049,#5098,#5125,
    #5152,#5159,#5166,#5173,#5200,#5227,#5234,#5283,#5355,#5382,#5431,
    #5480,#5507,#5556,#5605,#5632,#5681,#5731,#5758,#5765,#5772,#5779,
    #5806));
#2773 = ADVANCED_FACE('',(#2774),#2788,.F.);
#2774 = FACE_BOUND('',#2775,.F.);
#2775 = EDGE_LOOP('',(#2776,#2811,#2839,#2867,#2895,#2923,#2951,#2979,
    #3007,#3035,#3058,#3086,#3114,#3142,#3165,#3193));
#2776 = ORIENTED_EDGE('',*,*,#2777,.F.);
#2777 = EDGE_CURVE('',#2778,#2780,#2782,.T.);
#2778 = VERTEX_POINT('',#2779);
#2779 = CARTESIAN_POINT('',(-6.45,-6.95,-2.));
#2780 = VERTEX_POINT('',#2781);
#2781 = CARTESIAN_POINT('',(-6.45,-6.95,-0.4));
#2782 = SURFACE_CURVE('',#2783,(#2787,#2799),.PCURVE_S1.);
#2783 = LINE('',#2784,#2785);
#2784 = CARTESIAN_POINT('',(-6.45,-6.95,-2.));
#2785 = VECTOR('',#2786,1.);
#2786 = DIRECTION('',(0.,0.,1.));
#2787 = PCURVE('',#2788,#2793);
#2788 = PLANE('',#2789);
#2789 = AXIS2_PLACEMENT_3D('',#2790,#2791,#2792);
#2790 = CARTESIAN_POINT('',(-6.45,-6.95,-2.));
#2791 = DIRECTION('',(1.,0.,0.));
#2792 = DIRECTION('',(0.,0.,1.));
#2793 = DEFINITIONAL_REPRESENTATION('',(#2794),#2798);
#2794 = LINE('',#2795,#2796);
#2795 = CARTESIAN_POINT('',(0.,0.));
#2796 = VECTOR('',#2797,1.);
#2797 = DIRECTION('',(1.,0.));
#2798 = ( GEOMETRIC_REPRESENTATION_CONTEXT(2) 
PARAMETRIC_REPRESENTATION_CONTEXT() REPRESENTATION_CONTEXT('2D SPACE',''
  ) );
#2799 = PCURVE('',#2800,#2805);
#2800 = PLANE('',#2801);
#2801 = AXIS2_PLACEMENT_3D('',#2802,#2803,#2804);
#2802 = CARTESIAN_POINT('',(-6.45,-6.95,-2.));
#2803 = DIRECTION('',(0.,1.,0.));
#2804 = DIRECTION('',(0.,0.,1.));
#2805 = DEFINITIONAL_REPRESENTATION('',(#2806),#2810);
#2806 = LINE('',#2807,#2808);
#2807 = CARTESIAN_POINT('',(0.,0.));
#2808 = VECTOR('',#2809,1.);
#2809 = DIRECTION('',(1.,0.));
#2810 = ( GEOMETRIC_REPRESENTATION_CONTEXT(2) 
PARAMETRIC_REPRESENTATION_CONTEXT() REPRESENTATION_CONTEXT('2D SPACE',''
  ) );
#2811 = ORIENTED_EDGE('',*,*,#2812,.T.);
#2812 = EDGE_CURVE('',#2778,#2813,#2815,.T.);
#2813 = VERTEX_POINT('',#2814);
#2814 = CARTESIAN_POINT('',(-6.45,-3.05,-2.));
#2815 = SURFACE_CURVE('',#2816,(#2820,#2827),.PCURVE_S1.);
#2816 = LINE('',#2817,#2818);
#2817 = CARTESIAN_POINT('',(-6.45,-6.95,-2.));
#2818 = VECTOR('',#2819,1.);
#2819 = DIRECTION('',(0.,1.,0.));
#2820 = PCURVE('',#2788,#2821);
#2821 = DEFINITIONAL_REPRESENTATION('',(#2822),#2826);
#2822 = LINE('',#2823,#2824);
#2823 = CARTESIAN_POINT('',(0.,0.));
#2824 = VECTOR('',#2825,1.);
#2825 = DIRECTION('',(0.,-1.));
#2826 = ( GEOMETRIC_REPRESENTATION_CONTEXT(2) 
PARAMETRIC_REPRESENTATION_CONTEXT() REPRESENTATION_CONTEXT('2D SPACE',''
  ) );
#2827 = PCURVE('',#2828,#2833);
#2828 = PLANE('',#2829);
#2829 = AXIS2_PLACEMENT_3D('',#2830,#2831,#2832);
#2830 = CARTESIAN_POINT('',(-6.45,-6.95,-2.));
#2831 = DIRECTION('',(0.,0.,1.));
#2832 = DIRECTION('',(1.,0.,0.));
#2833 = DEFINITIONAL_REPRESENTATION('',(#2834),#2838);
#2834 = LINE('',#2835,#2836);
#2835 = CARTESIAN_POINT('',(0.,0.));
#2836 = VECTOR('',#2837,1.);
#2837 = DIRECTION('',(0.,1.));
#2838 = ( GEOMETRIC_REPRESENTATION_CONTEXT(2) 
PARAMETRIC_REPRESENTATION_CONTEXT() REPRESENTATION_CONTEXT('2D SPACE',''
  ) );
#2839 = ORIENTED_EDGE('',*,*,#2840,.T.);
#2840 = EDGE_CURVE('',#2813,#2841,#2843,.T.);
#2841 = VERTEX_POINT('',#2842);
#2842 = CARTESIAN_POINT('',(-6.45,-3.05,-0.4));
#2843 = SURFACE_CURVE('',#2844,(#2848,#2855),.PCURVE_S1.);
#2844 = LINE('',#2845,#2846);
#2845 = CARTESIAN_POINT('',(-6.45,-3.05,-2.));
#2846 = VECTOR('',#2847,1.);
#2847 = DIRECTION('',(0.,0.,1.));
#2848 = PCURVE('',#2788,#2849);
#2849 = DEFINITIONAL_REPRESENTATION('',(#2850),#2854);
#2850 = LINE('',#2851,#2852);
#2851 = CARTESIAN_POINT('',(0.,-3.9));
#2852 = VECTOR('',#2853,1.);
#2853 = DIRECTION('',(1.,0.));
#2854 = ( GEOMETRIC_REPRESENTATION_CONTEXT(2) 
PARAMETRIC_REPRESENTATION_CONTEXT() REPRESENTATION_CONTEXT('2D SPACE',''
  ) );
#2855 = PCURVE('',#2856,#2861);
#2856 = PLANE('',#2857);
#2857 = AXIS2_PLACEMENT_3D('',#2858,#2859,#2860);
#2858 = CARTESIAN_POINT('',(-6.45,-3.05,-2.));
#2859 = DIRECTION('',(0.,1.,0.));
#2860 = DIRECTION('',(0.,0.,1.));
#2861 = DEFINITIONAL_REPRESENTATION('',(#2862),#2866);
#2862 = LINE('',#2863,#2864);
#2863 = CARTESIAN_POINT('',(0.,0.));
#2864 = VECTOR('',#2865,1.);
#2865 = DIRECTION('',(1.,0.));
#2866 = ( GEOMETRIC_REPRESENTATION_CONTEXT(2) 
PARAMETRIC_REPRESENTATION_CONTEXT() REPRESENTATION_CONTEXT('2D SPACE',''
  ) );
#2867 = ORIENTED_EDGE('',*,*,#2868,.F.);
#2868 = EDGE_CURVE('',#2869,#2841,#2871,.T.);
#2869 = VERTEX_POINT('',#2870);
#2870 = CARTESIAN_POINT('',(-6.45,-3.295,-0.4));
#2871 = SURFACE_CURVE('',#2872,(#2876,#2883),.PCURVE_S1.);
#2872 = LINE('',#2873,#2874);
#2873 = CARTESIAN_POINT('',(-6.45,-3.295,-0.4));
#2874 = VECTOR('',#2875,1.);
#2875 = DIRECTION('',(0.,1.,0.));
#2876 = PCURVE('',#2788,#2877);
#2877 = DEFINITIONAL_REPRESENTATION('',(#2878),#2882);
#2878 = LINE('',#2879,#2880);
#2879 = CARTESIAN_POINT('',(1.6,-3.655));
#2880 = VECTOR('',#2881,1.);
#2881 = DIRECTION('',(0.,-1.));
#2882 = ( GEOMETRIC_REPRESENTATION_CONTEXT(2) 
PARAMETRIC_REPRESENTATION_CONTEXT() REPRESENTATION_CONTEXT('2D SPACE',''
  ) );
#2883 = PCURVE('',#2884,#2889);
#2884 = PLANE('',#2885);
#2885 = AXIS2_PLACEMENT_3D('',#2886,#2887,#2888);
#2886 = CARTESIAN_POINT('',(-7.35,-3.295,-0.4));
#2887 = DIRECTION('',(0.,0.,1.));
#2888 = DIRECTION('',(1.,0.,0.));
#2889 = DEFINITIONAL_REPRESENTATION('',(#2890),#2894);
#2890 = LINE('',#2891,#2892);
#2891 = CARTESIAN_POINT('',(0.9,0.));
#2892 = VECTOR('',#2893,1.);
#2893 = DIRECTION('',(0.,1.));
#2894 = ( GEOMETRIC_REPRESENTATION_CONTEXT(2) 
PARAMETRIC_REPRESENTATION_CONTEXT() REPRESENTATION_CONTEXT('2D SPACE',''
  ) );
#2895 = ORIENTED_EDGE('',*,*,#2896,.T.);
#2896 = EDGE_CURVE('',#2869,#2897,#2899,.T.);
#2897 = VERTEX_POINT('',#2898);
#2898 = CARTESIAN_POINT('',(-6.45,-3.295,0.));
#2899 = SURFACE_CURVE('',#2900,(#2904,#2911),.PCURVE_S1.);
#2900 = LINE('',#2901,#2902);
#2901 = CARTESIAN_POINT('',(-6.45,-3.295,-0.4));
#2902 = VECTOR('',#2903,1.);
#2903 = DIRECTION('',(0.,0.,1.));
#2904 = PCURVE('',#2788,#2905);
#2905 = DEFINITIONAL_REPRESENTATION('',(#2906),#2910);
#2906 = LINE('',#2907,#2908);
#2907 = CARTESIAN_POINT('',(1.6,-3.655));
#2908 = VECTOR('',#2909,1.);
#2909 = DIRECTION('',(1.,0.));
#2910 = ( GEOMETRIC_REPRESENTATION_CONTEXT(2) 
PARAMETRIC_REPRESENTATION_CONTEXT() REPRESENTATION_CONTEXT('2D SPACE',''
  ) );
#2911 = PCURVE('',#2912,#2917);
#2912 = PLANE('',#2913);
#2913 = AXIS2_PLACEMENT_3D('',#2914,#2915,#2916);
#2914 = CARTESIAN_POINT('',(-7.35,-3.295,-0.4));
#2915 = DIRECTION('',(0.,1.,0.));
#2916 = DIRECTION('',(0.,0.,1.));
#2917 = DEFINITIONAL_REPRESENTATION('',(#2918),#2922);
#2918 = LINE('',#2919,#2920);
#2919 = CARTESIAN_POINT('',(0.,0.9));
#2920 = VECTOR('',#2921,1.);
#2921 = DIRECTION('',(1.,0.));
#2922 = ( GEOMETRIC_REPRESENTATION_CONTEXT(2) 
PARAMETRIC_REPRESENTATION_CONTEXT() REPRESENTATION_CONTEXT('2D SPACE',''
  ) );
#2923 = ORIENTED_EDGE('',*,*,#2924,.F.);
#2924 = EDGE_CURVE('',#2925,#2897,#2927,.T.);
#2925 = VERTEX_POINT('',#2926);
#2926 = CARTESIAN_POINT('',(-6.45,-4.165,0.));
#2927 = SURFACE_CURVE('',#2928,(#2932,#2939),.PCURVE_S1.);
#2928 = LINE('',#2929,#2930);
#2929 = CARTESIAN_POINT('',(-6.45,-6.95,0.));
#2930 = VECTOR('',#2931,1.);
#2931 = DIRECTION('',(0.,1.,0.));
#2932 = PCURVE('',#2788,#2933);
#2933 = DEFINITIONAL_REPRESENTATION('',(#2934),#2938);
#2934 = LINE('',#2935,#2936);
#2935 = CARTESIAN_POINT('',(2.,0.));
#2936 = VECTOR('',#2937,1.);
#2937 = DIRECTION('',(0.,-1.));
#2938 = ( GEOMETRIC_REPRESENTATION_CONTEXT(2) 
PARAMETRIC_REPRESENTATION_CONTEXT() REPRESENTATION_CONTEXT('2D SPACE',''
  ) );
#2939 = PCURVE('',#2940,#2945);
#2940 = PLANE('',#2941);
#2941 = AXIS2_PLACEMENT_3D('',#2942,#2943,#2944);
#2942 = CARTESIAN_POINT('',(-6.45,-6.95,0.));
#2943 = DIRECTION('',(0.,0.,1.));
#2944 = DIRECTION('',(1.,0.,0.));
#2945 = DEFINITIONAL_REPRESENTATION('',(#2946),#2950);
#2946 = LINE('',#2947,#2948);
#2947 = CARTESIAN_POINT('',(8.881784197001E-16,0.));
#2948 = VECTOR('',#2949,1.);
#2949 = DIRECTION('',(0.,1.));
#2950 = ( GEOMETRIC_REPRESENTATION_CONTEXT(2) 
PARAMETRIC_REPRESENTATION_CONTEXT() REPRESENTATION_CONTEXT('2D SPACE',''
  ) );
#2951 = ORIENTED_EDGE('',*,*,#2952,.F.);
#2952 = EDGE_CURVE('',#2953,#2925,#2955,.T.);
#2953 = VERTEX_POINT('',#2954);
#2954 = CARTESIAN_POINT('',(-6.45,-4.165,-0.4));
#2955 = SURFACE_CURVE('',#2956,(#2960,#2967),.PCURVE_S1.);
#2956 = LINE('',#2957,#2958);
#2957 = CARTESIAN_POINT('',(-6.45,-4.165,-0.4));
#2958 = VECTOR('',#2959,1.);
#2959 = DIRECTION('',(0.,0.,1.));
#2960 = PCURVE('',#2788,#2961);
#2961 = DEFINITIONAL_REPRESENTATION('',(#2962),#2966);
#2962 = LINE('',#2963,#2964);
#2963 = CARTESIAN_POINT('',(1.6,-2.785));
#2964 = VECTOR('',#2965,1.);
#2965 = DIRECTION('',(1.,0.));
#2966 = ( GEOMETRIC_REPRESENTATION_CONTEXT(2) 
PARAMETRIC_REPRESENTATION_CONTEXT() REPRESENTATION_CONTEXT('2D SPACE',''
  ) );
#2967 = PCURVE('',#2968,#2973);
#2968 = PLANE('',#2969);
#2969 = AXIS2_PLACEMENT_3D('',#2970,#2971,#2972);
#2970 = CARTESIAN_POINT('',(-7.35,-4.165,-0.4));
#2971 = DIRECTION('',(0.,1.,0.));
#2972 = DIRECTION('',(0.,0.,1.));
#2973 = DEFINITIONAL_REPRESENTATION('',(#2974),#2978);
#2974 = LINE('',#2975,#2976);
#2975 = CARTESIAN_POINT('',(0.,0.9));
#2976 = VECTOR('',#2977,1.);
#2977 = DIRECTION('',(1.,0.));
#2978 = ( GEOMETRIC_REPRESENTATION_CONTEXT(2) 
PARAMETRIC_REPRESENTATION_CONTEXT() REPRESENTATION_CONTEXT('2D SPACE',''
  ) );
#2979 = ORIENTED_EDGE('',*,*,#2980,.F.);
#2980 = EDGE_CURVE('',#2981,#2953,#2983,.T.);
#2981 = VERTEX_POINT('',#2982);
#2982 = CARTESIAN_POINT('',(-6.45,-4.565,-0.4));
#2983 = SURFACE_CURVE('',#2984,(#2988,#2995),.PCURVE_S1.);
#2984 = LINE('',#2985,#2986);
#2985 = CARTESIAN_POINT('',(-6.45,-4.565,-0.4));
#2986 = VECTOR('',#2987,1.);
#2987 = DIRECTION('',(0.,1.,0.));
#2988 = PCURVE('',#2788,#2989);
#2989 = DEFINITIONAL_REPRESENTATION('',(#2990),#2994);
#2990 = LINE('',#2991,#2992);
#2991 = CARTESIAN_POINT('',(1.6,-2.385));
#2992 = VECTOR('',#2993,1.);
#2993 = DIRECTION('',(0.,-1.));
#2994 = ( GEOMETRIC_REPRESENTATION_CONTEXT(2) 
PARAMETRIC_REPRESENTATION_CONTEXT() REPRESENTATION_CONTEXT('2D SPACE',''
  ) );
#2995 = PCURVE('',#2996,#3001);
#2996 = PLANE('',#2997);
#2997 = AXIS2_PLACEMENT_3D('',#2998,#2999,#3000);
#2998 = CARTESIAN_POINT('',(-7.35,-4.565,-0.4));
#2999 = DIRECTION('',(0.,0.,1.));
#3000 = DIRECTION('',(1.,0.,0.));
#3001 = DEFINITIONAL_REPRESENTATION('',(#3002),#3006);
#3002 = LINE('',#3003,#3004);
#3003 = CARTESIAN_POINT('',(0.9,0.));
#3004 = VECTOR('',#3005,1.);
#3005 = DIRECTION('',(0.,1.));
#3006 = ( GEOMETRIC_REPRESENTATION_CONTEXT(2) 
PARAMETRIC_REPRESENTATION_CONTEXT() REPRESENTATION_CONTEXT('2D SPACE',''
  ) );
#3007 = ORIENTED_EDGE('',*,*,#3008,.T.);
#3008 = EDGE_CURVE('',#2981,#3009,#3011,.T.);
#3009 = VERTEX_POINT('',#3010);
#3010 = CARTESIAN_POINT('',(-6.45,-4.565,0.));
#3011 = SURFACE_CURVE('',#3012,(#3016,#3023),.PCURVE_S1.);
#3012 = LINE('',#3013,#3014);
#3013 = CARTESIAN_POINT('',(-6.45,-4.565,-0.4));
#3014 = VECTOR('',#3015,1.);
#3015 = DIRECTION('',(0.,0.,1.));
#3016 = PCURVE('',#2788,#3017);
#3017 = DEFINITIONAL_REPRESENTATION('',(#3018),#3022);
#3018 = LINE('',#3019,#3020);
#3019 = CARTESIAN_POINT('',(1.6,-2.385));
#3020 = VECTOR('',#3021,1.);
#3021 = DIRECTION('',(1.,0.));
#3022 = ( GEOMETRIC_REPRESENTATION_CONTEXT(2) 
PARAMETRIC_REPRESENTATION_CONTEXT() REPRESENTATION_CONTEXT('2D SPACE',''
  ) );
#3023 = PCURVE('',#3024,#3029);
#3024 = PLANE('',#3025);
#3025 = AXIS2_PLACEMENT_3D('',#3026,#3027,#3028);
#3026 = CARTESIAN_POINT('',(-7.35,-4.565,-0.4));
#3027 = DIRECTION('',(0.,1.,0.));
#3028 = DIRECTION('',(0.,0.,1.));
#3029 = DEFINITIONAL_REPRESENTATION('',(#3030),#3034);
#3030 = LINE('',#3031,#3032);
#3031 = CARTESIAN_POINT('',(0.,0.9));
#3032 = VECTOR('',#3033,1.);
#3033 = DIRECTION('',(1.,0.));
#3034 = ( GEOMETRIC_REPRESENTATION_CONTEXT(2) 
PARAMETRIC_REPRESENTATION_CONTEXT() REPRESENTATION_CONTEXT('2D SPACE',''
  ) );
#3035 = ORIENTED_EDGE('',*,*,#3036,.F.);
#3036 = EDGE_CURVE('',#3037,#3009,#3039,.T.);
#3037 = VERTEX_POINT('',#3038);
#3038 = CARTESIAN_POINT('',(-6.45,-5.435,0.));
#3039 = SURFACE_CURVE('',#3040,(#3044,#3051),.PCURVE_S1.);
#3040 = LINE('',#3041,#3042);
#3041 = CARTESIAN_POINT('',(-6.45,-6.95,0.));
#3042 = VECTOR('',#3043,1.);
#3043 = DIRECTION('',(0.,1.,0.));
#3044 = PCURVE('',#2788,#3045);
#3045 = DEFINITIONAL_REPRESENTATION('',(#3046),#3050);
#3046 = LINE('',#3047,#3048);
#3047 = CARTESIAN_POINT('',(2.,0.));
#3048 = VECTOR('',#3049,1.);
#3049 = DIRECTION('',(0.,-1.));
#3050 = ( GEOMETRIC_REPRESENTATION_CONTEXT(2) 
PARAMETRIC_REPRESENTATION_CONTEXT() REPRESENTATION_CONTEXT('2D SPACE',''
  ) );
#3051 = PCURVE('',#2940,#3052);
#3052 = DEFINITIONAL_REPRESENTATION('',(#3053),#3057);
#3053 = LINE('',#3054,#3055);
#3054 = CARTESIAN_POINT('',(8.881784197001E-16,0.));
#3055 = VECTOR('',#3056,1.);
#3056 = DIRECTION('',(0.,1.));
#3057 = ( GEOMETRIC_REPRESENTATION_CONTEXT(2) 
PARAMETRIC_REPRESENTATION_CONTEXT() REPRESENTATION_CONTEXT('2D SPACE',''
  ) );
#3058 = ORIENTED_EDGE('',*,*,#3059,.F.);
#3059 = EDGE_CURVE('',#3060,#3037,#3062,.T.);
#3060 = VERTEX_POINT('',#3061);
#3061 = CARTESIAN_POINT('',(-6.45,-5.435,-0.4));
#3062 = SURFACE_CURVE('',#3063,(#3067,#3074),.PCURVE_S1.);
#3063 = LINE('',#3064,#3065);
#3064 = CARTESIAN_POINT('',(-6.45,-5.435,-0.4));
#3065 = VECTOR('',#3066,1.);
#3066 = DIRECTION('',(0.,0.,1.));
#3067 = PCURVE('',#2788,#3068);
#3068 = DEFINITIONAL_REPRESENTATION('',(#3069),#3073);
#3069 = LINE('',#3070,#3071);
#3070 = CARTESIAN_POINT('',(1.6,-1.515));
#3071 = VECTOR('',#3072,1.);
#3072 = DIRECTION('',(1.,0.));
#3073 = ( GEOMETRIC_REPRESENTATION_CONTEXT(2) 
PARAMETRIC_REPRESENTATION_CONTEXT() REPRESENTATION_CONTEXT('2D SPACE',''
  ) );
#3074 = PCURVE('',#3075,#3080);
#3075 = PLANE('',#3076);
#3076 = AXIS2_PLACEMENT_3D('',#3077,#3078,#3079);
#3077 = CARTESIAN_POINT('',(-7.35,-5.435,-0.4));
#3078 = DIRECTION('',(0.,1.,0.));
#3079 = DIRECTION('',(0.,0.,1.));
#3080 = DEFINITIONAL_REPRESENTATION('',(#3081),#3085);
#3081 = LINE('',#3082,#3083);
#3082 = CARTESIAN_POINT('',(0.,0.9));
#3083 = VECTOR('',#3084,1.);
#3084 = DIRECTION('',(1.,0.));
#3085 = ( GEOMETRIC_REPRESENTATION_CONTEXT(2) 
PARAMETRIC_REPRESENTATION_CONTEXT() REPRESENTATION_CONTEXT('2D SPACE',''
  ) );
#3086 = ORIENTED_EDGE('',*,*,#3087,.F.);
#3087 = EDGE_CURVE('',#3088,#3060,#3090,.T.);
#3088 = VERTEX_POINT('',#3089);
#3089 = CARTESIAN_POINT('',(-6.45,-5.835,-0.4));
#3090 = SURFACE_CURVE('',#3091,(#3095,#3102),.PCURVE_S1.);
#3091 = LINE('',#3092,#3093);
#3092 = CARTESIAN_POINT('',(-6.45,-5.835,-0.4));
#3093 = VECTOR('',#3094,1.);
#3094 = DIRECTION('',(0.,1.,0.));
#3095 = PCURVE('',#2788,#3096);
#3096 = DEFINITIONAL_REPRESENTATION('',(#3097),#3101);
#3097 = LINE('',#3098,#3099);
#3098 = CARTESIAN_POINT('',(1.6,-1.115));
#3099 = VECTOR('',#3100,1.);
#3100 = DIRECTION('',(0.,-1.));
#3101 = ( GEOMETRIC_REPRESENTATION_CONTEXT(2) 
PARAMETRIC_REPRESENTATION_CONTEXT() REPRESENTATION_CONTEXT('2D SPACE',''
  ) );
#3102 = PCURVE('',#3103,#3108);
#3103 = PLANE('',#3104);
#3104 = AXIS2_PLACEMENT_3D('',#3105,#3106,#3107);
#3105 = CARTESIAN_POINT('',(-7.35,-5.835,-0.4));
#3106 = DIRECTION('',(0.,0.,1.));
#3107 = DIRECTION('',(1.,0.,0.));
#3108 = DEFINITIONAL_REPRESENTATION('',(#3109),#3113);
#3109 = LINE('',#3110,#3111);
#3110 = CARTESIAN_POINT('',(0.9,0.));
#3111 = VECTOR('',#3112,1.);
#3112 = DIRECTION('',(0.,1.));
#3113 = ( GEOMETRIC_REPRESENTATION_CONTEXT(2) 
PARAMETRIC_REPRESENTATION_CONTEXT() REPRESENTATION_CONTEXT('2D SPACE',''
  ) );
#3114 = ORIENTED_EDGE('',*,*,#3115,.T.);
#3115 = EDGE_CURVE('',#3088,#3116,#3118,.T.);
#3116 = VERTEX_POINT('',#3117);
#3117 = CARTESIAN_POINT('',(-6.45,-5.835,0.));
#3118 = SURFACE_CURVE('',#3119,(#3123,#3130),.PCURVE_S1.);
#3119 = LINE('',#3120,#3121);
#3120 = CARTESIAN_POINT('',(-6.45,-5.835,-0.4));
#3121 = VECTOR('',#3122,1.);
#3122 = DIRECTION('',(0.,0.,1.));
#3123 = PCURVE('',#2788,#3124);
#3124 = DEFINITIONAL_REPRESENTATION('',(#3125),#3129);
#3125 = LINE('',#3126,#3127);
#3126 = CARTESIAN_POINT('',(1.6,-1.115));
#3127 = VECTOR('',#3128,1.);
#3128 = DIRECTION('',(1.,0.));
#3129 = ( GEOMETRIC_REPRESENTATION_CONTEXT(2) 
PARAMETRIC_REPRESENTATION_CONTEXT() REPRESENTATION_CONTEXT('2D SPACE',''
  ) );
#3130 = PCURVE('',#3131,#3136);
#3131 = PLANE('',#3132);
#3132 = AXIS2_PLACEMENT_3D('',#3133,#3134,#3135);
#3133 = CARTESIAN_POINT('',(-7.35,-5.835,-0.4));
#3134 = DIRECTION('',(0.,1.,0.));
#3135 = DIRECTION('',(0.,0.,1.));
#3136 = DEFINITIONAL_REPRESENTATION('',(#3137),#3141);
#3137 = LINE('',#3138,#3139);
#3138 = CARTESIAN_POINT('',(0.,0.9));
#3139 = VECTOR('',#3140,1.);
#3140 = DIRECTION('',(1.,0.));
#3141 = ( GEOMETRIC_REPRESENTATION_CONTEXT(2) 
PARAMETRIC_REPRESENTATION_CONTEXT() REPRESENTATION_CONTEXT('2D SPACE',''
  ) );
#3142 = ORIENTED_EDGE('',*,*,#3143,.F.);
#3143 = EDGE_CURVE('',#3144,#3116,#3146,.T.);
#3144 = VERTEX_POINT('',#3145);
#3145 = CARTESIAN_POINT('',(-6.45,-6.705,0.));
#3146 = SURFACE_CURVE('',#3147,(#3151,#3158),.PCURVE_S1.);
#3147 = LINE('',#3148,#3149);
#3148 = CARTESIAN_POINT('',(-6.45,-6.95,0.));
#3149 = VECTOR('',#3150,1.);
#3150 = DIRECTION('',(0.,1.,0.));
#3151 = PCURVE('',#2788,#3152);
#3152 = DEFINITIONAL_REPRESENTATION('',(#3153),#3157);
#3153 = LINE('',#3154,#3155);
#3154 = CARTESIAN_POINT('',(2.,0.));
#3155 = VECTOR('',#3156,1.);
#3156 = DIRECTION('',(0.,-1.));
#3157 = ( GEOMETRIC_REPRESENTATION_CONTEXT(2) 
PARAMETRIC_REPRESENTATION_CONTEXT() REPRESENTATION_CONTEXT('2D SPACE',''
  ) );
#3158 = PCURVE('',#2940,#3159);
#3159 = DEFINITIONAL_REPRESENTATION('',(#3160),#3164);
#3160 = LINE('',#3161,#3162);
#3161 = CARTESIAN_POINT('',(8.881784197001E-16,0.));
#3162 = VECTOR('',#3163,1.);
#3163 = DIRECTION('',(0.,1.));
#3164 = ( GEOMETRIC_REPRESENTATION_CONTEXT(2) 
PARAMETRIC_REPRESENTATION_CONTEXT() REPRESENTATION_CONTEXT('2D SPACE',''
  ) );
#3165 = ORIENTED_EDGE('',*,*,#3166,.F.);
#3166 = EDGE_CURVE('',#3167,#3144,#3169,.T.);
#3167 = VERTEX_POINT('',#3168);
#3168 = CARTESIAN_POINT('',(-6.45,-6.705,-0.4));
#3169 = SURFACE_CURVE('',#3170,(#3174,#3181),.PCURVE_S1.);
#3170 = LINE('',#3171,#3172);
#3171 = CARTESIAN_POINT('',(-6.45,-6.705,-0.4));
#3172 = VECTOR('',#3173,1.);
#3173 = DIRECTION('',(0.,0.,1.));
#3174 = PCURVE('',#2788,#3175);
#3175 = DEFINITIONAL_REPRESENTATION('',(#3176),#3180);
#3176 = LINE('',#3177,#3178);
#3177 = CARTESIAN_POINT('',(1.6,-0.245));
#3178 = VECTOR('',#3179,1.);
#3179 = DIRECTION('',(1.,0.));
#3180 = ( GEOMETRIC_REPRESENTATION_CONTEXT(2) 
PARAMETRIC_REPRESENTATION_CONTEXT() REPRESENTATION_CONTEXT('2D SPACE',''
  ) );
#3181 = PCURVE('',#3182,#3187);
#3182 = PLANE('',#3183);
#3183 = AXIS2_PLACEMENT_3D('',#3184,#3185,#3186);
#3184 = CARTESIAN_POINT('',(-7.35,-6.705,-0.4));
#3185 = DIRECTION('',(0.,1.,0.));
#3186 = DIRECTION('',(0.,0.,1.));
#3187 = DEFINITIONAL_REPRESENTATION('',(#3188),#3192);
#3188 = LINE('',#3189,#3190);
#3189 = CARTESIAN_POINT('',(0.,0.9));
#3190 = VECTOR('',#3191,1.);
#3191 = DIRECTION('',(1.,0.));
#3192 = ( GEOMETRIC_REPRESENTATION_CONTEXT(2) 
PARAMETRIC_REPRESENTATION_CONTEXT() REPRESENTATION_CONTEXT('2D SPACE',''
  ) );
#3193 = ORIENTED_EDGE('',*,*,#3194,.F.);
#3194 = EDGE_CURVE('',#2780,#3167,#3195,.T.);
#3195 = SURFACE_CURVE('',#3196,(#3200,#3207),.PCURVE_S1.);
#3196 = LINE('',#3197,#3198);
#3197 = CARTESIAN_POINT('',(-6.45,-7.105,-0.4));
#3198 = VECTOR('',#3199,1.);
#3199 = DIRECTION('',(0.,1.,0.));
#3200 = PCURVE('',#2788,#3201);
#3201 = DEFINITIONAL_REPRESENTATION('',(#3202),#3206);
#3202 = LINE('',#3203,#3204);
#3203 = CARTESIAN_POINT('',(1.6,0.155));
#3204 = VECTOR('',#3205,1.);
#3205 = DIRECTION('',(0.,-1.));
#3206 = ( GEOMETRIC_REPRESENTATION_CONTEXT(2) 
PARAMETRIC_REPRESENTATION_CONTEXT() REPRESENTATION_CONTEXT('2D SPACE',''
  ) );
#3207 = PCURVE('',#3208,#3213);
#3208 = PLANE('',#3209);
#3209 = AXIS2_PLACEMENT_3D('',#3210,#3211,#3212);
#3210 = CARTESIAN_POINT('',(-7.35,-7.105,-0.4));
#3211 = DIRECTION('',(0.,0.,1.));
#3212 = DIRECTION('',(1.,0.,0.));
#3213 = DEFINITIONAL_REPRESENTATION('',(#3214),#3218);
#3214 = LINE('',#3215,#3216);
#3215 = CARTESIAN_POINT('',(0.9,0.));
#3216 = VECTOR('',#3217,1.);
#3217 = DIRECTION('',(0.,1.));
#3218 = ( GEOMETRIC_REPRESENTATION_CONTEXT(2) 
PARAMETRIC_REPRESENTATION_CONTEXT() REPRESENTATION_CONTEXT('2D SPACE',''
  ) );
#3219 = ADVANCED_FACE('',(#3220),#2800,.F.);
#3220 = FACE_BOUND('',#3221,.F.);
#3221 = EDGE_LOOP('',(#3222,#3245,#3246,#3274,#3297,#3325));
#3222 = ORIENTED_EDGE('',*,*,#3223,.F.);
#3223 = EDGE_CURVE('',#2778,#3224,#3226,.T.);
#3224 = VERTEX_POINT('',#3225);
#3225 = CARTESIAN_POINT('',(-1.55,-6.95,-2.));
#3226 = SURFACE_CURVE('',#3227,(#3231,#3238),.PCURVE_S1.);
#3227 = LINE('',#3228,#3229);
#3228 = CARTESIAN_POINT('',(-6.45,-6.95,-2.));
#3229 = VECTOR('',#3230,1.);
#3230 = DIRECTION('',(1.,0.,0.));
#3231 = PCURVE('',#2800,#3232);
#3232 = DEFINITIONAL_REPRESENTATION('',(#3233),#3237);
#3233 = LINE('',#3234,#3235);
#3234 = CARTESIAN_POINT('',(0.,0.));
#3235 = VECTOR('',#3236,1.);
#3236 = DIRECTION('',(0.,1.));
#3237 = ( GEOMETRIC_REPRESENTATION_CONTEXT(2) 
PARAMETRIC_REPRESENTATION_CONTEXT() REPRESENTATION_CONTEXT('2D SPACE',''
  ) );
#3238 = PCURVE('',#2828,#3239);
#3239 = DEFINITIONAL_REPRESENTATION('',(#3240),#3244);
#3240 = LINE('',#3241,#3242);
#3241 = CARTESIAN_POINT('',(0.,0.));
#3242 = VECTOR('',#3243,1.);
#3243 = DIRECTION('',(1.,0.));
#3244 = ( GEOMETRIC_REPRESENTATION_CONTEXT(2) 
PARAMETRIC_REPRESENTATION_CONTEXT() REPRESENTATION_CONTEXT('2D SPACE',''
  ) );
#3245 = ORIENTED_EDGE('',*,*,#2777,.T.);
#3246 = ORIENTED_EDGE('',*,*,#3247,.T.);
#3247 = EDGE_CURVE('',#2780,#3248,#3250,.T.);
#3248 = VERTEX_POINT('',#3249);
#3249 = CARTESIAN_POINT('',(-6.45,-6.95,0.));
#3250 = SURFACE_CURVE('',#3251,(#3255,#3262),.PCURVE_S1.);
#3251 = LINE('',#3252,#3253);
#3252 = CARTESIAN_POINT('',(-6.45,-6.95,-2.));
#3253 = VECTOR('',#3254,1.);
#3254 = DIRECTION('',(0.,0.,1.));
#3255 = PCURVE('',#2800,#3256);
#3256 = DEFINITIONAL_REPRESENTATION('',(#3257),#3261);
#3257 = LINE('',#3258,#3259);
#3258 = CARTESIAN_POINT('',(0.,0.));
#3259 = VECTOR('',#3260,1.);
#3260 = DIRECTION('',(1.,0.));
#3261 = ( GEOMETRIC_REPRESENTATION_CONTEXT(2) 
PARAMETRIC_REPRESENTATION_CONTEXT() REPRESENTATION_CONTEXT('2D SPACE',''
  ) );
#3262 = PCURVE('',#3263,#3268);
#3263 = PLANE('',#3264);
#3264 = AXIS2_PLACEMENT_3D('',#3265,#3266,#3267);
#3265 = CARTESIAN_POINT('',(-6.45,-7.105,-0.4));
#3266 = DIRECTION('',(1.,0.,0.));
#3267 = DIRECTION('',(0.,0.,1.));
#3268 = DEFINITIONAL_REPRESENTATION('',(#3269),#3273);
#3269 = LINE('',#3270,#3271);
#3270 = CARTESIAN_POINT('',(-1.6,-0.155));
#3271 = VECTOR('',#3272,1.);
#3272 = DIRECTION('',(1.,0.));
#3273 = ( GEOMETRIC_REPRESENTATION_CONTEXT(2) 
PARAMETRIC_REPRESENTATION_CONTEXT() REPRESENTATION_CONTEXT('2D SPACE',''
  ) );
#3274 = ORIENTED_EDGE('',*,*,#3275,.T.);
#3275 = EDGE_CURVE('',#3248,#3276,#3278,.T.);
#3276 = VERTEX_POINT('',#3277);
#3277 = CARTESIAN_POINT('',(-1.55,-6.95,0.));
#3278 = SURFACE_CURVE('',#3279,(#3283,#3290),.PCURVE_S1.);
#3279 = LINE('',#3280,#3281);
#3280 = CARTESIAN_POINT('',(-6.45,-6.95,0.));
#3281 = VECTOR('',#3282,1.);
#3282 = DIRECTION('',(1.,0.,0.));
#3283 = PCURVE('',#2800,#3284);
#3284 = DEFINITIONAL_REPRESENTATION('',(#3285),#3289);
#3285 = LINE('',#3286,#3287);
#3286 = CARTESIAN_POINT('',(2.,0.));
#3287 = VECTOR('',#3288,1.);
#3288 = DIRECTION('',(0.,1.));
#3289 = ( GEOMETRIC_REPRESENTATION_CONTEXT(2) 
PARAMETRIC_REPRESENTATION_CONTEXT() REPRESENTATION_CONTEXT('2D SPACE',''
  ) );
#3290 = PCURVE('',#2940,#3291);
#3291 = DEFINITIONAL_REPRESENTATION('',(#3292),#3296);
#3292 = LINE('',#3293,#3294);
#3293 = CARTESIAN_POINT('',(8.881784197001E-16,0.));
#3294 = VECTOR('',#3295,1.);
#3295 = DIRECTION('',(1.,0.));
#3296 = ( GEOMETRIC_REPRESENTATION_CONTEXT(2) 
PARAMETRIC_REPRESENTATION_CONTEXT() REPRESENTATION_CONTEXT('2D SPACE',''
  ) );
#3297 = ORIENTED_EDGE('',*,*,#3298,.F.);
#3298 = EDGE_CURVE('',#3299,#3276,#3301,.T.);
#3299 = VERTEX_POINT('',#3300);
#3300 = CARTESIAN_POINT('',(-1.55,-6.95,-0.4));
#3301 = SURFACE_CURVE('',#3302,(#3306,#3313),.PCURVE_S1.);
#3302 = LINE('',#3303,#3304);
#3303 = CARTESIAN_POINT('',(-1.55,-6.95,-2.));
#3304 = VECTOR('',#3305,1.);
#3305 = DIRECTION('',(0.,0.,1.));
#3306 = PCURVE('',#2800,#3307);
#3307 = DEFINITIONAL_REPRESENTATION('',(#3308),#3312);
#3308 = LINE('',#3309,#3310);
#3309 = CARTESIAN_POINT('',(0.,4.9));
#3310 = VECTOR('',#3311,1.);
#3311 = DIRECTION('',(1.,0.));
#3312 = ( GEOMETRIC_REPRESENTATION_CONTEXT(2) 
PARAMETRIC_REPRESENTATION_CONTEXT() REPRESENTATION_CONTEXT('2D SPACE',''
  ) );
#3313 = PCURVE('',#3314,#3319);
#3314 = PLANE('',#3315);
#3315 = AXIS2_PLACEMENT_3D('',#3316,#3317,#3318);
#3316 = CARTESIAN_POINT('',(-1.55,-7.105,-0.4));
#3317 = DIRECTION('',(1.,0.,0.));
#3318 = DIRECTION('',(0.,0.,1.));
#3319 = DEFINITIONAL_REPRESENTATION('',(#3320),#3324);
#3320 = LINE('',#3321,#3322);
#3321 = CARTESIAN_POINT('',(-1.6,-0.155));
#3322 = VECTOR('',#3323,1.);
#3323 = DIRECTION('',(1.,0.));
#3324 = ( GEOMETRIC_REPRESENTATION_CONTEXT(2) 
PARAMETRIC_REPRESENTATION_CONTEXT() REPRESENTATION_CONTEXT('2D SPACE',''
  ) );
#3325 = ORIENTED_EDGE('',*,*,#3326,.F.);
#3326 = EDGE_CURVE('',#3224,#3299,#3327,.T.);
#3327 = SURFACE_CURVE('',#3328,(#3332,#3339),.PCURVE_S1.);
#3328 = LINE('',#3329,#3330);
#3329 = CARTESIAN_POINT('',(-1.55,-6.95,-2.));
#3330 = VECTOR('',#3331,1.);
#3331 = DIRECTION('',(0.,0.,1.));
#3332 = PCURVE('',#2800,#3333);
#3333 = DEFINITIONAL_REPRESENTATION('',(#3334),#3338);
#3334 = LINE('',#3335,#3336);
#3335 = CARTESIAN_POINT('',(0.,4.9));
#3336 = VECTOR('',#3337,1.);
#3337 = DIRECTION('',(1.,0.));
#3338 = ( GEOMETRIC_REPRESENTATION_CONTEXT(2) 
PARAMETRIC_REPRESENTATION_CONTEXT() REPRESENTATION_CONTEXT('2D SPACE',''
  ) );
#3339 = PCURVE('',#3340,#3345);
#3340 = PLANE('',#3341);
#3341 = AXIS2_PLACEMENT_3D('',#3342,#3343,#3344);
#3342 = CARTESIAN_POINT('',(-1.55,-6.95,-2.));
#3343 = DIRECTION('',(1.,0.,0.));
#3344 = DIRECTION('',(0.,0.,1.));
#3345 = DEFINITIONAL_REPRESENTATION('',(#3346),#3350);
#3346 = LINE('',#3347,#3348);
#3347 = CARTESIAN_POINT('',(0.,0.));
#3348 = VECTOR('',#3349,1.);
#3349 = DIRECTION('',(1.,0.));
#3350 = ( GEOMETRIC_REPRESENTATION_CONTEXT(2) 
PARAMETRIC_REPRESENTATION_CONTEXT() REPRESENTATION_CONTEXT('2D SPACE',''
  ) );
#3351 = ADVANCED_FACE('',(#3352),#3208,.F.);
#3352 = FACE_BOUND('',#3353,.F.);
#3353 = EDGE_LOOP('',(#3354,#3384,#3412,#3433,#3434));
#3354 = ORIENTED_EDGE('',*,*,#3355,.F.);
#3355 = EDGE_CURVE('',#3356,#3358,#3360,.T.);
#3356 = VERTEX_POINT('',#3357);
#3357 = CARTESIAN_POINT('',(-7.35,-7.105,-0.4));
#3358 = VERTEX_POINT('',#3359);
#3359 = CARTESIAN_POINT('',(-7.35,-6.705,-0.4));
#3360 = SURFACE_CURVE('',#3361,(#3365,#3372),.PCURVE_S1.);
#3361 = LINE('',#3362,#3363);
#3362 = CARTESIAN_POINT('',(-7.35,-7.105,-0.4));
#3363 = VECTOR('',#3364,1.);
#3364 = DIRECTION('',(0.,1.,0.));
#3365 = PCURVE('',#3208,#3366);
#3366 = DEFINITIONAL_REPRESENTATION('',(#3367),#3371);
#3367 = LINE('',#3368,#3369);
#3368 = CARTESIAN_POINT('',(0.,0.));
#3369 = VECTOR('',#3370,1.);
#3370 = DIRECTION('',(0.,1.));
#3371 = ( GEOMETRIC_REPRESENTATION_CONTEXT(2) 
PARAMETRIC_REPRESENTATION_CONTEXT() REPRESENTATION_CONTEXT('2D SPACE',''
  ) );
#3372 = PCURVE('',#3373,#3378);
#3373 = PLANE('',#3374);
#3374 = AXIS2_PLACEMENT_3D('',#3375,#3376,#3377);
#3375 = CARTESIAN_POINT('',(-7.35,-7.105,-0.4));
#3376 = DIRECTION('',(1.,0.,0.));
#3377 = DIRECTION('',(0.,0.,1.));
#3378 = DEFINITIONAL_REPRESENTATION('',(#3379),#3383);
#3379 = LINE('',#3380,#3381);
#3380 = CARTESIAN_POINT('',(0.,0.));
#3381 = VECTOR('',#3382,1.);
#3382 = DIRECTION('',(0.,-1.));
#3383 = ( GEOMETRIC_REPRESENTATION_CONTEXT(2) 
PARAMETRIC_REPRESENTATION_CONTEXT() REPRESENTATION_CONTEXT('2D SPACE',''
  ) );
#3384 = ORIENTED_EDGE('',*,*,#3385,.T.);
#3385 = EDGE_CURVE('',#3356,#3386,#3388,.T.);
#3386 = VERTEX_POINT('',#3387);
#3387 = CARTESIAN_POINT('',(-6.45,-7.105,-0.4));
#3388 = SURFACE_CURVE('',#3389,(#3393,#3400),.PCURVE_S1.);
#3389 = LINE('',#3390,#3391);
#3390 = CARTESIAN_POINT('',(-7.35,-7.105,-0.4));
#3391 = VECTOR('',#3392,1.);
#3392 = DIRECTION('',(1.,0.,0.));
#3393 = PCURVE('',#3208,#3394);
#3394 = DEFINITIONAL_REPRESENTATION('',(#3395),#3399);
#3395 = LINE('',#3396,#3397);
#3396 = CARTESIAN_POINT('',(0.,0.));
#3397 = VECTOR('',#3398,1.);
#3398 = DIRECTION('',(1.,0.));
#3399 = ( GEOMETRIC_REPRESENTATION_CONTEXT(2) 
PARAMETRIC_REPRESENTATION_CONTEXT() REPRESENTATION_CONTEXT('2D SPACE',''
  ) );
#3400 = PCURVE('',#3401,#3406);
#3401 = PLANE('',#3402);
#3402 = AXIS2_PLACEMENT_3D('',#3403,#3404,#3405);
#3403 = CARTESIAN_POINT('',(-7.35,-7.105,-0.4));
#3404 = DIRECTION('',(0.,1.,0.));
#3405 = DIRECTION('',(0.,0.,1.));
#3406 = DEFINITIONAL_REPRESENTATION('',(#3407),#3411);
#3407 = LINE('',#3408,#3409);
#3408 = CARTESIAN_POINT('',(0.,0.));
#3409 = VECTOR('',#3410,1.);
#3410 = DIRECTION('',(0.,1.));
#3411 = ( GEOMETRIC_REPRESENTATION_CONTEXT(2) 
PARAMETRIC_REPRESENTATION_CONTEXT() REPRESENTATION_CONTEXT('2D SPACE',''
  ) );
#3412 = ORIENTED_EDGE('',*,*,#3413,.T.);
#3413 = EDGE_CURVE('',#3386,#2780,#3414,.T.);
#3414 = SURFACE_CURVE('',#3415,(#3419,#3426),.PCURVE_S1.);
#3415 = LINE('',#3416,#3417);
#3416 = CARTESIAN_POINT('',(-6.45,-7.105,-0.4));
#3417 = VECTOR('',#3418,1.);
#3418 = DIRECTION('',(0.,1.,0.));
#3419 = PCURVE('',#3208,#3420);
#3420 = DEFINITIONAL_REPRESENTATION('',(#3421),#3425);
#3421 = LINE('',#3422,#3423);
#3422 = CARTESIAN_POINT('',(0.9,0.));
#3423 = VECTOR('',#3424,1.);
#3424 = DIRECTION('',(0.,1.));
#3425 = ( GEOMETRIC_REPRESENTATION_CONTEXT(2) 
PARAMETRIC_REPRESENTATION_CONTEXT() REPRESENTATION_CONTEXT('2D SPACE',''
  ) );
#3426 = PCURVE('',#3263,#3427);
#3427 = DEFINITIONAL_REPRESENTATION('',(#3428),#3432);
#3428 = LINE('',#3429,#3430);
#3429 = CARTESIAN_POINT('',(0.,0.));
#3430 = VECTOR('',#3431,1.);
#3431 = DIRECTION('',(0.,-1.));
#3432 = ( GEOMETRIC_REPRESENTATION_CONTEXT(2) 
PARAMETRIC_REPRESENTATION_CONTEXT() REPRESENTATION_CONTEXT('2D SPACE',''
  ) );
#3433 = ORIENTED_EDGE('',*,*,#3194,.T.);
#3434 = ORIENTED_EDGE('',*,*,#3435,.F.);
#3435 = EDGE_CURVE('',#3358,#3167,#3436,.T.);
#3436 = SURFACE_CURVE('',#3437,(#3441,#3448),.PCURVE_S1.);
#3437 = LINE('',#3438,#3439);
#3438 = CARTESIAN_POINT('',(-7.35,-6.705,-0.4));
#3439 = VECTOR('',#3440,1.);
#3440 = DIRECTION('',(1.,0.,0.));
#3441 = PCURVE('',#3208,#3442);
#3442 = DEFINITIONAL_REPRESENTATION('',(#3443),#3447);
#3443 = LINE('',#3444,#3445);
#3444 = CARTESIAN_POINT('',(0.,0.4));
#3445 = VECTOR('',#3446,1.);
#3446 = DIRECTION('',(1.,0.));
#3447 = ( GEOMETRIC_REPRESENTATION_CONTEXT(2) 
PARAMETRIC_REPRESENTATION_CONTEXT() REPRESENTATION_CONTEXT('2D SPACE',''
  ) );
#3448 = PCURVE('',#3182,#3449);
#3449 = DEFINITIONAL_REPRESENTATION('',(#3450),#3454);
#3450 = LINE('',#3451,#3452);
#3451 = CARTESIAN_POINT('',(0.,0.));
#3452 = VECTOR('',#3453,1.);
#3453 = DIRECTION('',(0.,1.));
#3454 = ( GEOMETRIC_REPRESENTATION_CONTEXT(2) 
PARAMETRIC_REPRESENTATION_CONTEXT() REPRESENTATION_CONTEXT('2D SPACE',''
  ) );
#3455 = ADVANCED_FACE('',(#3456),#3182,.T.);
#3456 = FACE_BOUND('',#3457,.T.);
#3457 = EDGE_LOOP('',(#3458,#3459,#3482,#3503));
#3458 = ORIENTED_EDGE('',*,*,#3435,.F.);
#3459 = ORIENTED_EDGE('',*,*,#3460,.T.);
#3460 = EDGE_CURVE('',#3358,#3461,#3463,.T.);
#3461 = VERTEX_POINT('',#3462);
#3462 = CARTESIAN_POINT('',(-7.35,-6.705,0.));
#3463 = SURFACE_CURVE('',#3464,(#3468,#3475),.PCURVE_S1.);
#3464 = LINE('',#3465,#3466);
#3465 = CARTESIAN_POINT('',(-7.35,-6.705,-0.4));
#3466 = VECTOR('',#3467,1.);
#3467 = DIRECTION('',(0.,0.,1.));
#3468 = PCURVE('',#3182,#3469);
#3469 = DEFINITIONAL_REPRESENTATION('',(#3470),#3474);
#3470 = LINE('',#3471,#3472);
#3471 = CARTESIAN_POINT('',(0.,0.));
#3472 = VECTOR('',#3473,1.);
#3473 = DIRECTION('',(1.,0.));
#3474 = ( GEOMETRIC_REPRESENTATION_CONTEXT(2) 
PARAMETRIC_REPRESENTATION_CONTEXT() REPRESENTATION_CONTEXT('2D SPACE',''
  ) );
#3475 = PCURVE('',#3373,#3476);
#3476 = DEFINITIONAL_REPRESENTATION('',(#3477),#3481);
#3477 = LINE('',#3478,#3479);
#3478 = CARTESIAN_POINT('',(0.,-0.4));
#3479 = VECTOR('',#3480,1.);
#3480 = DIRECTION('',(1.,0.));
#3481 = ( GEOMETRIC_REPRESENTATION_CONTEXT(2) 
PARAMETRIC_REPRESENTATION_CONTEXT() REPRESENTATION_CONTEXT('2D SPACE',''
  ) );
#3482 = ORIENTED_EDGE('',*,*,#3483,.T.);
#3483 = EDGE_CURVE('',#3461,#3144,#3484,.T.);
#3484 = SURFACE_CURVE('',#3485,(#3489,#3496),.PCURVE_S1.);
#3485 = LINE('',#3486,#3487);
#3486 = CARTESIAN_POINT('',(-7.35,-6.705,0.));
#3487 = VECTOR('',#3488,1.);
#3488 = DIRECTION('',(1.,0.,0.));
#3489 = PCURVE('',#3182,#3490);
#3490 = DEFINITIONAL_REPRESENTATION('',(#3491),#3495);
#3491 = LINE('',#3492,#3493);
#3492 = CARTESIAN_POINT('',(0.4,0.));
#3493 = VECTOR('',#3494,1.);
#3494 = DIRECTION('',(0.,1.));
#3495 = ( GEOMETRIC_REPRESENTATION_CONTEXT(2) 
PARAMETRIC_REPRESENTATION_CONTEXT() REPRESENTATION_CONTEXT('2D SPACE',''
  ) );
#3496 = PCURVE('',#2940,#3497);
#3497 = DEFINITIONAL_REPRESENTATION('',(#3498),#3502);
#3498 = LINE('',#3499,#3500);
#3499 = CARTESIAN_POINT('',(-0.9,0.245));
#3500 = VECTOR('',#3501,1.);
#3501 = DIRECTION('',(1.,0.));
#3502 = ( GEOMETRIC_REPRESENTATION_CONTEXT(2) 
PARAMETRIC_REPRESENTATION_CONTEXT() REPRESENTATION_CONTEXT('2D SPACE',''
  ) );
#3503 = ORIENTED_EDGE('',*,*,#3166,.F.);
#3504 = ADVANCED_FACE('',(#3505),#2940,.T.);
#3505 = FACE_BOUND('',#3506,.T.);
#3506 = EDGE_LOOP('',(#3507,#3508,#3509,#3532,#3555,#3576,#3577,#3600,
    #3628,#3656,#3684,#3707,#3735,#3763,#3791,#3814,#3842,#3870,#3898,
    #3921,#3949,#3977,#4005,#4033,#4056,#4084,#4112,#4140,#4161,#4162,
    #4185,#4213,#4234,#4235,#4258,#4286));
#3507 = ORIENTED_EDGE('',*,*,#3143,.F.);
#3508 = ORIENTED_EDGE('',*,*,#3483,.F.);
#3509 = ORIENTED_EDGE('',*,*,#3510,.F.);
#3510 = EDGE_CURVE('',#3511,#3461,#3513,.T.);
#3511 = VERTEX_POINT('',#3512);
#3512 = CARTESIAN_POINT('',(-7.35,-7.105,0.));
#3513 = SURFACE_CURVE('',#3514,(#3518,#3525),.PCURVE_S1.);
#3514 = LINE('',#3515,#3516);
#3515 = CARTESIAN_POINT('',(-7.35,-7.105,0.));
#3516 = VECTOR('',#3517,1.);
#3517 = DIRECTION('',(0.,1.,0.));
#3518 = PCURVE('',#2940,#3519);
#3519 = DEFINITIONAL_REPRESENTATION('',(#3520),#3524);
#3520 = LINE('',#3521,#3522);
#3521 = CARTESIAN_POINT('',(-0.9,-0.155));
#3522 = VECTOR('',#3523,1.);
#3523 = DIRECTION('',(0.,1.));
#3524 = ( GEOMETRIC_REPRESENTATION_CONTEXT(2) 
PARAMETRIC_REPRESENTATION_CONTEXT() REPRESENTATION_CONTEXT('2D SPACE',''
  ) );
#3525 = PCURVE('',#3373,#3526);
#3526 = DEFINITIONAL_REPRESENTATION('',(#3527),#3531);
#3527 = LINE('',#3528,#3529);
#3528 = CARTESIAN_POINT('',(0.4,0.));
#3529 = VECTOR('',#3530,1.);
#3530 = DIRECTION('',(0.,-1.));
#3531 = ( GEOMETRIC_REPRESENTATION_CONTEXT(2) 
PARAMETRIC_REPRESENTATION_CONTEXT() REPRESENTATION_CONTEXT('2D SPACE',''
  ) );
#3532 = ORIENTED_EDGE('',*,*,#3533,.T.);
#3533 = EDGE_CURVE('',#3511,#3534,#3536,.T.);
#3534 = VERTEX_POINT('',#3535);
#3535 = CARTESIAN_POINT('',(-6.45,-7.105,0.));
#3536 = SURFACE_CURVE('',#3537,(#3541,#3548),.PCURVE_S1.);
#3537 = LINE('',#3538,#3539);
#3538 = CARTESIAN_POINT('',(-7.35,-7.105,0.));
#3539 = VECTOR('',#3540,1.);
#3540 = DIRECTION('',(1.,0.,0.));
#3541 = PCURVE('',#2940,#3542);
#3542 = DEFINITIONAL_REPRESENTATION('',(#3543),#3547);
#3543 = LINE('',#3544,#3545);
#3544 = CARTESIAN_POINT('',(-0.9,-0.155));
#3545 = VECTOR('',#3546,1.);
#3546 = DIRECTION('',(1.,0.));
#3547 = ( GEOMETRIC_REPRESENTATION_CONTEXT(2) 
PARAMETRIC_REPRESENTATION_CONTEXT() REPRESENTATION_CONTEXT('2D SPACE',''
  ) );
#3548 = PCURVE('',#3401,#3549);
#3549 = DEFINITIONAL_REPRESENTATION('',(#3550),#3554);
#3550 = LINE('',#3551,#3552);
#3551 = CARTESIAN_POINT('',(0.4,0.));
#3552 = VECTOR('',#3553,1.);
#3553 = DIRECTION('',(0.,1.));
#3554 = ( GEOMETRIC_REPRESENTATION_CONTEXT(2) 
PARAMETRIC_REPRESENTATION_CONTEXT() REPRESENTATION_CONTEXT('2D SPACE',''
  ) );
#3555 = ORIENTED_EDGE('',*,*,#3556,.T.);
#3556 = EDGE_CURVE('',#3534,#3248,#3557,.T.);
#3557 = SURFACE_CURVE('',#3558,(#3562,#3569),.PCURVE_S1.);
#3558 = LINE('',#3559,#3560);
#3559 = CARTESIAN_POINT('',(-6.45,-7.105,0.));
#3560 = VECTOR('',#3561,1.);
#3561 = DIRECTION('',(0.,1.,0.));
#3562 = PCURVE('',#2940,#3563);
#3563 = DEFINITIONAL_REPRESENTATION('',(#3564),#3568);
#3564 = LINE('',#3565,#3566);
#3565 = CARTESIAN_POINT('',(-8.881784197001E-16,-0.155));
#3566 = VECTOR('',#3567,1.);
#3567 = DIRECTION('',(0.,1.));
#3568 = ( GEOMETRIC_REPRESENTATION_CONTEXT(2) 
PARAMETRIC_REPRESENTATION_CONTEXT() REPRESENTATION_CONTEXT('2D SPACE',''
  ) );
#3569 = PCURVE('',#3263,#3570);
#3570 = DEFINITIONAL_REPRESENTATION('',(#3571),#3575);
#3571 = LINE('',#3572,#3573);
#3572 = CARTESIAN_POINT('',(0.4,0.));
#3573 = VECTOR('',#3574,1.);
#3574 = DIRECTION('',(0.,-1.));
#3575 = ( GEOMETRIC_REPRESENTATION_CONTEXT(2) 
PARAMETRIC_REPRESENTATION_CONTEXT() REPRESENTATION_CONTEXT('2D SPACE',''
  ) );
#3576 = ORIENTED_EDGE('',*,*,#3275,.T.);
#3577 = ORIENTED_EDGE('',*,*,#3578,.F.);
#3578 = EDGE_CURVE('',#3579,#3276,#3581,.T.);
#3579 = VERTEX_POINT('',#3580);
#3580 = CARTESIAN_POINT('',(-1.55,-7.105,0.));
#3581 = SURFACE_CURVE('',#3582,(#3586,#3593),.PCURVE_S1.);
#3582 = LINE('',#3583,#3584);
#3583 = CARTESIAN_POINT('',(-1.55,-7.105,0.));
#3584 = VECTOR('',#3585,1.);
#3585 = DIRECTION('',(0.,1.,0.));
#3586 = PCURVE('',#2940,#3587);
#3587 = DEFINITIONAL_REPRESENTATION('',(#3588),#3592);
#3588 = LINE('',#3589,#3590);
#3589 = CARTESIAN_POINT('',(4.9,-0.155));
#3590 = VECTOR('',#3591,1.);
#3591 = DIRECTION('',(0.,1.));
#3592 = ( GEOMETRIC_REPRESENTATION_CONTEXT(2) 
PARAMETRIC_REPRESENTATION_CONTEXT() REPRESENTATION_CONTEXT('2D SPACE',''
  ) );
#3593 = PCURVE('',#3314,#3594);
#3594 = DEFINITIONAL_REPRESENTATION('',(#3595),#3599);
#3595 = LINE('',#3596,#3597);
#3596 = CARTESIAN_POINT('',(0.4,0.));
#3597 = VECTOR('',#3598,1.);
#3598 = DIRECTION('',(0.,-1.));
#3599 = ( GEOMETRIC_REPRESENTATION_CONTEXT(2) 
PARAMETRIC_REPRESENTATION_CONTEXT() REPRESENTATION_CONTEXT('2D SPACE',''
  ) );
#3600 = ORIENTED_EDGE('',*,*,#3601,.T.);
#3601 = EDGE_CURVE('',#3579,#3602,#3604,.T.);
#3602 = VERTEX_POINT('',#3603);
#3603 = CARTESIAN_POINT('',(-0.65,-7.105,0.));
#3604 = SURFACE_CURVE('',#3605,(#3609,#3616),.PCURVE_S1.);
#3605 = LINE('',#3606,#3607);
#3606 = CARTESIAN_POINT('',(-1.55,-7.105,0.));
#3607 = VECTOR('',#3608,1.);
#3608 = DIRECTION('',(1.,0.,0.));
#3609 = PCURVE('',#2940,#3610);
#3610 = DEFINITIONAL_REPRESENTATION('',(#3611),#3615);
#3611 = LINE('',#3612,#3613);
#3612 = CARTESIAN_POINT('',(4.9,-0.155));
#3613 = VECTOR('',#3614,1.);
#3614 = DIRECTION('',(1.,0.));
#3615 = ( GEOMETRIC_REPRESENTATION_CONTEXT(2) 
PARAMETRIC_REPRESENTATION_CONTEXT() REPRESENTATION_CONTEXT('2D SPACE',''
  ) );
#3616 = PCURVE('',#3617,#3622);
#3617 = PLANE('',#3618);
#3618 = AXIS2_PLACEMENT_3D('',#3619,#3620,#3621);
#3619 = CARTESIAN_POINT('',(-1.55,-7.105,-0.4));
#3620 = DIRECTION('',(0.,1.,0.));
#3621 = DIRECTION('',(0.,0.,1.));
#3622 = DEFINITIONAL_REPRESENTATION('',(#3623),#3627);
#3623 = LINE('',#3624,#3625);
#3624 = CARTESIAN_POINT('',(0.4,0.));
#3625 = VECTOR('',#3626,1.);
#3626 = DIRECTION('',(0.,1.));
#3627 = ( GEOMETRIC_REPRESENTATION_CONTEXT(2) 
PARAMETRIC_REPRESENTATION_CONTEXT() REPRESENTATION_CONTEXT('2D SPACE',''
  ) );
#3628 = ORIENTED_EDGE('',*,*,#3629,.T.);
#3629 = EDGE_CURVE('',#3602,#3630,#3632,.T.);
#3630 = VERTEX_POINT('',#3631);
#3631 = CARTESIAN_POINT('',(-0.65,-6.705,0.));
#3632 = SURFACE_CURVE('',#3633,(#3637,#3644),.PCURVE_S1.);
#3633 = LINE('',#3634,#3635);
#3634 = CARTESIAN_POINT('',(-0.65,-7.105,0.));
#3635 = VECTOR('',#3636,1.);
#3636 = DIRECTION('',(0.,1.,0.));
#3637 = PCURVE('',#2940,#3638);
#3638 = DEFINITIONAL_REPRESENTATION('',(#3639),#3643);
#3639 = LINE('',#3640,#3641);
#3640 = CARTESIAN_POINT('',(5.8,-0.155));
#3641 = VECTOR('',#3642,1.);
#3642 = DIRECTION('',(0.,1.));
#3643 = ( GEOMETRIC_REPRESENTATION_CONTEXT(2) 
PARAMETRIC_REPRESENTATION_CONTEXT() REPRESENTATION_CONTEXT('2D SPACE',''
  ) );
#3644 = PCURVE('',#3645,#3650);
#3645 = PLANE('',#3646);
#3646 = AXIS2_PLACEMENT_3D('',#3647,#3648,#3649);
#3647 = CARTESIAN_POINT('',(-0.65,-7.105,-0.4));
#3648 = DIRECTION('',(1.,0.,0.));
#3649 = DIRECTION('',(0.,0.,1.));
#3650 = DEFINITIONAL_REPRESENTATION('',(#3651),#3655);
#3651 = LINE('',#3652,#3653);
#3652 = CARTESIAN_POINT('',(0.4,0.));
#3653 = VECTOR('',#3654,1.);
#3654 = DIRECTION('',(0.,-1.));
#3655 = ( GEOMETRIC_REPRESENTATION_CONTEXT(2) 
PARAMETRIC_REPRESENTATION_CONTEXT() REPRESENTATION_CONTEXT('2D SPACE',''
  ) );
#3656 = ORIENTED_EDGE('',*,*,#3657,.F.);
#3657 = EDGE_CURVE('',#3658,#3630,#3660,.T.);
#3658 = VERTEX_POINT('',#3659);
#3659 = CARTESIAN_POINT('',(-1.55,-6.705,0.));
#3660 = SURFACE_CURVE('',#3661,(#3665,#3672),.PCURVE_S1.);
#3661 = LINE('',#3662,#3663);
#3662 = CARTESIAN_POINT('',(-1.55,-6.705,0.));
#3663 = VECTOR('',#3664,1.);
#3664 = DIRECTION('',(1.,0.,0.));
#3665 = PCURVE('',#2940,#3666);
#3666 = DEFINITIONAL_REPRESENTATION('',(#3667),#3671);
#3667 = LINE('',#3668,#3669);
#3668 = CARTESIAN_POINT('',(4.9,0.245));
#3669 = VECTOR('',#3670,1.);
#3670 = DIRECTION('',(1.,0.));
#3671 = ( GEOMETRIC_REPRESENTATION_CONTEXT(2) 
PARAMETRIC_REPRESENTATION_CONTEXT() REPRESENTATION_CONTEXT('2D SPACE',''
  ) );
#3672 = PCURVE('',#3673,#3678);
#3673 = PLANE('',#3674);
#3674 = AXIS2_PLACEMENT_3D('',#3675,#3676,#3677);
#3675 = CARTESIAN_POINT('',(-1.55,-6.705,-0.4));
#3676 = DIRECTION('',(0.,1.,0.));
#3677 = DIRECTION('',(0.,0.,1.));
#3678 = DEFINITIONAL_REPRESENTATION('',(#3679),#3683);
#3679 = LINE('',#3680,#3681);
#3680 = CARTESIAN_POINT('',(0.4,0.));
#3681 = VECTOR('',#3682,1.);
#3682 = DIRECTION('',(0.,1.));
#3683 = ( GEOMETRIC_REPRESENTATION_CONTEXT(2) 
PARAMETRIC_REPRESENTATION_CONTEXT() REPRESENTATION_CONTEXT('2D SPACE',''
  ) );
#3684 = ORIENTED_EDGE('',*,*,#3685,.T.);
#3685 = EDGE_CURVE('',#3658,#3686,#3688,.T.);
#3686 = VERTEX_POINT('',#3687);
#3687 = CARTESIAN_POINT('',(-1.55,-5.835,0.));
#3688 = SURFACE_CURVE('',#3689,(#3693,#3700),.PCURVE_S1.);
#3689 = LINE('',#3690,#3691);
#3690 = CARTESIAN_POINT('',(-1.55,-6.95,0.));
#3691 = VECTOR('',#3692,1.);
#3692 = DIRECTION('',(0.,1.,0.));
#3693 = PCURVE('',#2940,#3694);
#3694 = DEFINITIONAL_REPRESENTATION('',(#3695),#3699);
#3695 = LINE('',#3696,#3697);
#3696 = CARTESIAN_POINT('',(4.9,0.));
#3697 = VECTOR('',#3698,1.);
#3698 = DIRECTION('',(0.,1.));
#3699 = ( GEOMETRIC_REPRESENTATION_CONTEXT(2) 
PARAMETRIC_REPRESENTATION_CONTEXT() REPRESENTATION_CONTEXT('2D SPACE',''
  ) );
#3700 = PCURVE('',#3340,#3701);
#3701 = DEFINITIONAL_REPRESENTATION('',(#3702),#3706);
#3702 = LINE('',#3703,#3704);
#3703 = CARTESIAN_POINT('',(2.,0.));
#3704 = VECTOR('',#3705,1.);
#3705 = DIRECTION('',(0.,-1.));
#3706 = ( GEOMETRIC_REPRESENTATION_CONTEXT(2) 
PARAMETRIC_REPRESENTATION_CONTEXT() REPRESENTATION_CONTEXT('2D SPACE',''
  ) );
#3707 = ORIENTED_EDGE('',*,*,#3708,.T.);
#3708 = EDGE_CURVE('',#3686,#3709,#3711,.T.);
#3709 = VERTEX_POINT('',#3710);
#3710 = CARTESIAN_POINT('',(-0.65,-5.835,0.));
#3711 = SURFACE_CURVE('',#3712,(#3716,#3723),.PCURVE_S1.);
#3712 = LINE('',#3713,#3714);
#3713 = CARTESIAN_POINT('',(-1.55,-5.835,0.));
#3714 = VECTOR('',#3715,1.);
#3715 = DIRECTION('',(1.,0.,0.));
#3716 = PCURVE('',#2940,#3717);
#3717 = DEFINITIONAL_REPRESENTATION('',(#3718),#3722);
#3718 = LINE('',#3719,#3720);
#3719 = CARTESIAN_POINT('',(4.9,1.115));
#3720 = VECTOR('',#3721,1.);
#3721 = DIRECTION('',(1.,0.));
#3722 = ( GEOMETRIC_REPRESENTATION_CONTEXT(2) 
PARAMETRIC_REPRESENTATION_CONTEXT() REPRESENTATION_CONTEXT('2D SPACE',''
  ) );
#3723 = PCURVE('',#3724,#3729);
#3724 = PLANE('',#3725);
#3725 = AXIS2_PLACEMENT_3D('',#3726,#3727,#3728);
#3726 = CARTESIAN_POINT('',(-1.55,-5.835,-0.4));
#3727 = DIRECTION('',(0.,1.,0.));
#3728 = DIRECTION('',(0.,0.,1.));
#3729 = DEFINITIONAL_REPRESENTATION('',(#3730),#3734);
#3730 = LINE('',#3731,#3732);
#3731 = CARTESIAN_POINT('',(0.4,0.));
#3732 = VECTOR('',#3733,1.);
#3733 = DIRECTION('',(0.,1.));
#3734 = ( GEOMETRIC_REPRESENTATION_CONTEXT(2) 
PARAMETRIC_REPRESENTATION_CONTEXT() REPRESENTATION_CONTEXT('2D SPACE',''
  ) );
#3735 = ORIENTED_EDGE('',*,*,#3736,.T.);
#3736 = EDGE_CURVE('',#3709,#3737,#3739,.T.);
#3737 = VERTEX_POINT('',#3738);
#3738 = CARTESIAN_POINT('',(-0.65,-5.435,0.));
#3739 = SURFACE_CURVE('',#3740,(#3744,#3751),.PCURVE_S1.);
#3740 = LINE('',#3741,#3742);
#3741 = CARTESIAN_POINT('',(-0.65,-5.835,0.));
#3742 = VECTOR('',#3743,1.);
#3743 = DIRECTION('',(0.,1.,0.));
#3744 = PCURVE('',#2940,#3745);
#3745 = DEFINITIONAL_REPRESENTATION('',(#3746),#3750);
#3746 = LINE('',#3747,#3748);
#3747 = CARTESIAN_POINT('',(5.8,1.115));
#3748 = VECTOR('',#3749,1.);
#3749 = DIRECTION('',(0.,1.));
#3750 = ( GEOMETRIC_REPRESENTATION_CONTEXT(2) 
PARAMETRIC_REPRESENTATION_CONTEXT() REPRESENTATION_CONTEXT('2D SPACE',''
  ) );
#3751 = PCURVE('',#3752,#3757);
#3752 = PLANE('',#3753);
#3753 = AXIS2_PLACEMENT_3D('',#3754,#3755,#3756);
#3754 = CARTESIAN_POINT('',(-0.65,-5.835,-0.4));
#3755 = DIRECTION('',(1.,0.,0.));
#3756 = DIRECTION('',(0.,0.,1.));
#3757 = DEFINITIONAL_REPRESENTATION('',(#3758),#3762);
#3758 = LINE('',#3759,#3760);
#3759 = CARTESIAN_POINT('',(0.4,0.));
#3760 = VECTOR('',#3761,1.);
#3761 = DIRECTION('',(0.,-1.));
#3762 = ( GEOMETRIC_REPRESENTATION_CONTEXT(2) 
PARAMETRIC_REPRESENTATION_CONTEXT() REPRESENTATION_CONTEXT('2D SPACE',''
  ) );
#3763 = ORIENTED_EDGE('',*,*,#3764,.F.);
#3764 = EDGE_CURVE('',#3765,#3737,#3767,.T.);
#3765 = VERTEX_POINT('',#3766);
#3766 = CARTESIAN_POINT('',(-1.55,-5.435,0.));
#3767 = SURFACE_CURVE('',#3768,(#3772,#3779),.PCURVE_S1.);
#3768 = LINE('',#3769,#3770);
#3769 = CARTESIAN_POINT('',(-1.55,-5.435,0.));
#3770 = VECTOR('',#3771,1.);
#3771 = DIRECTION('',(1.,0.,0.));
#3772 = PCURVE('',#2940,#3773);
#3773 = DEFINITIONAL_REPRESENTATION('',(#3774),#3778);
#3774 = LINE('',#3775,#3776);
#3775 = CARTESIAN_POINT('',(4.9,1.515));
#3776 = VECTOR('',#3777,1.);
#3777 = DIRECTION('',(1.,0.));
#3778 = ( GEOMETRIC_REPRESENTATION_CONTEXT(2) 
PARAMETRIC_REPRESENTATION_CONTEXT() REPRESENTATION_CONTEXT('2D SPACE',''
  ) );
#3779 = PCURVE('',#3780,#3785);
#3780 = PLANE('',#3781);
#3781 = AXIS2_PLACEMENT_3D('',#3782,#3783,#3784);
#3782 = CARTESIAN_POINT('',(-1.55,-5.435,-0.4));
#3783 = DIRECTION('',(0.,1.,0.));
#3784 = DIRECTION('',(0.,0.,1.));
#3785 = DEFINITIONAL_REPRESENTATION('',(#3786),#3790);
#3786 = LINE('',#3787,#3788);
#3787 = CARTESIAN_POINT('',(0.4,0.));
#3788 = VECTOR('',#3789,1.);
#3789 = DIRECTION('',(0.,1.));
#3790 = ( GEOMETRIC_REPRESENTATION_CONTEXT(2) 
PARAMETRIC_REPRESENTATION_CONTEXT() REPRESENTATION_CONTEXT('2D SPACE',''
  ) );
#3791 = ORIENTED_EDGE('',*,*,#3792,.T.);
#3792 = EDGE_CURVE('',#3765,#3793,#3795,.T.);
#3793 = VERTEX_POINT('',#3794);
#3794 = CARTESIAN_POINT('',(-1.55,-4.565,0.));
#3795 = SURFACE_CURVE('',#3796,(#3800,#3807),.PCURVE_S1.);
#3796 = LINE('',#3797,#3798);
#3797 = CARTESIAN_POINT('',(-1.55,-6.95,0.));
#3798 = VECTOR('',#3799,1.);
#3799 = DIRECTION('',(0.,1.,0.));
#3800 = PCURVE('',#2940,#3801);
#3801 = DEFINITIONAL_REPRESENTATION('',(#3802),#3806);
#3802 = LINE('',#3803,#3804);
#3803 = CARTESIAN_POINT('',(4.9,0.));
#3804 = VECTOR('',#3805,1.);
#3805 = DIRECTION('',(0.,1.));
#3806 = ( GEOMETRIC_REPRESENTATION_CONTEXT(2) 
PARAMETRIC_REPRESENTATION_CONTEXT() REPRESENTATION_CONTEXT('2D SPACE',''
  ) );
#3807 = PCURVE('',#3340,#3808);
#3808 = DEFINITIONAL_REPRESENTATION('',(#3809),#3813);
#3809 = LINE('',#3810,#3811);
#3810 = CARTESIAN_POINT('',(2.,0.));
#3811 = VECTOR('',#3812,1.);
#3812 = DIRECTION('',(0.,-1.));
#3813 = ( GEOMETRIC_REPRESENTATION_CONTEXT(2) 
PARAMETRIC_REPRESENTATION_CONTEXT() REPRESENTATION_CONTEXT('2D SPACE',''
  ) );
#3814 = ORIENTED_EDGE('',*,*,#3815,.T.);
#3815 = EDGE_CURVE('',#3793,#3816,#3818,.T.);
#3816 = VERTEX_POINT('',#3817);
#3817 = CARTESIAN_POINT('',(-0.65,-4.565,0.));
#3818 = SURFACE_CURVE('',#3819,(#3823,#3830),.PCURVE_S1.);
#3819 = LINE('',#3820,#3821);
#3820 = CARTESIAN_POINT('',(-1.55,-4.565,0.));
#3821 = VECTOR('',#3822,1.);
#3822 = DIRECTION('',(1.,0.,0.));
#3823 = PCURVE('',#2940,#3824);
#3824 = DEFINITIONAL_REPRESENTATION('',(#3825),#3829);
#3825 = LINE('',#3826,#3827);
#3826 = CARTESIAN_POINT('',(4.9,2.385));
#3827 = VECTOR('',#3828,1.);
#3828 = DIRECTION('',(1.,0.));
#3829 = ( GEOMETRIC_REPRESENTATION_CONTEXT(2) 
PARAMETRIC_REPRESENTATION_CONTEXT() REPRESENTATION_CONTEXT('2D SPACE',''
  ) );
#3830 = PCURVE('',#3831,#3836);
#3831 = PLANE('',#3832);
#3832 = AXIS2_PLACEMENT_3D('',#3833,#3834,#3835);
#3833 = CARTESIAN_POINT('',(-1.55,-4.565,-0.4));
#3834 = DIRECTION('',(0.,1.,0.));
#3835 = DIRECTION('',(0.,0.,1.));
#3836 = DEFINITIONAL_REPRESENTATION('',(#3837),#3841);
#3837 = LINE('',#3838,#3839);
#3838 = CARTESIAN_POINT('',(0.4,0.));
#3839 = VECTOR('',#3840,1.);
#3840 = DIRECTION('',(0.,1.));
#3841 = ( GEOMETRIC_REPRESENTATION_CONTEXT(2) 
PARAMETRIC_REPRESENTATION_CONTEXT() REPRESENTATION_CONTEXT('2D SPACE',''
  ) );
#3842 = ORIENTED_EDGE('',*,*,#3843,.T.);
#3843 = EDGE_CURVE('',#3816,#3844,#3846,.T.);
#3844 = VERTEX_POINT('',#3845);
#3845 = CARTESIAN_POINT('',(-0.65,-4.165,0.));
#3846 = SURFACE_CURVE('',#3847,(#3851,#3858),.PCURVE_S1.);
#3847 = LINE('',#3848,#3849);
#3848 = CARTESIAN_POINT('',(-0.65,-4.565,0.));
#3849 = VECTOR('',#3850,1.);
#3850 = DIRECTION('',(0.,1.,0.));
#3851 = PCURVE('',#2940,#3852);
#3852 = DEFINITIONAL_REPRESENTATION('',(#3853),#3857);
#3853 = LINE('',#3854,#3855);
#3854 = CARTESIAN_POINT('',(5.8,2.385));
#3855 = VECTOR('',#3856,1.);
#3856 = DIRECTION('',(0.,1.));
#3857 = ( GEOMETRIC_REPRESENTATION_CONTEXT(2) 
PARAMETRIC_REPRESENTATION_CONTEXT() REPRESENTATION_CONTEXT('2D SPACE',''
  ) );
#3858 = PCURVE('',#3859,#3864);
#3859 = PLANE('',#3860);
#3860 = AXIS2_PLACEMENT_3D('',#3861,#3862,#3863);
#3861 = CARTESIAN_POINT('',(-0.65,-4.565,-0.4));
#3862 = DIRECTION('',(1.,0.,0.));
#3863 = DIRECTION('',(0.,0.,1.));
#3864 = DEFINITIONAL_REPRESENTATION('',(#3865),#3869);
#3865 = LINE('',#3866,#3867);
#3866 = CARTESIAN_POINT('',(0.4,0.));
#3867 = VECTOR('',#3868,1.);
#3868 = DIRECTION('',(0.,-1.));
#3869 = ( GEOMETRIC_REPRESENTATION_CONTEXT(2) 
PARAMETRIC_REPRESENTATION_CONTEXT() REPRESENTATION_CONTEXT('2D SPACE',''
  ) );
#3870 = ORIENTED_EDGE('',*,*,#3871,.F.);
#3871 = EDGE_CURVE('',#3872,#3844,#3874,.T.);
#3872 = VERTEX_POINT('',#3873);
#3873 = CARTESIAN_POINT('',(-1.55,-4.165,0.));
#3874 = SURFACE_CURVE('',#3875,(#3879,#3886),.PCURVE_S1.);
#3875 = LINE('',#3876,#3877);
#3876 = CARTESIAN_POINT('',(-1.55,-4.165,0.));
#3877 = VECTOR('',#3878,1.);
#3878 = DIRECTION('',(1.,0.,0.));
#3879 = PCURVE('',#2940,#3880);
#3880 = DEFINITIONAL_REPRESENTATION('',(#3881),#3885);
#3881 = LINE('',#3882,#3883);
#3882 = CARTESIAN_POINT('',(4.9,2.785));
#3883 = VECTOR('',#3884,1.);
#3884 = DIRECTION('',(1.,0.));
#3885 = ( GEOMETRIC_REPRESENTATION_CONTEXT(2) 
PARAMETRIC_REPRESENTATION_CONTEXT() REPRESENTATION_CONTEXT('2D SPACE',''
  ) );
#3886 = PCURVE('',#3887,#3892);
#3887 = PLANE('',#3888);
#3888 = AXIS2_PLACEMENT_3D('',#3889,#3890,#3891);
#3889 = CARTESIAN_POINT('',(-1.55,-4.165,-0.4));
#3890 = DIRECTION('',(0.,1.,0.));
#3891 = DIRECTION('',(0.,0.,1.));
#3892 = DEFINITIONAL_REPRESENTATION('',(#3893),#3897);
#3893 = LINE('',#3894,#3895);
#3894 = CARTESIAN_POINT('',(0.4,0.));
#3895 = VECTOR('',#3896,1.);
#3896 = DIRECTION('',(0.,1.));
#3897 = ( GEOMETRIC_REPRESENTATION_CONTEXT(2) 
PARAMETRIC_REPRESENTATION_CONTEXT() REPRESENTATION_CONTEXT('2D SPACE',''
  ) );
#3898 = ORIENTED_EDGE('',*,*,#3899,.T.);
#3899 = EDGE_CURVE('',#3872,#3900,#3902,.T.);
#3900 = VERTEX_POINT('',#3901);
#3901 = CARTESIAN_POINT('',(-1.55,-3.295,0.));
#3902 = SURFACE_CURVE('',#3903,(#3907,#3914),.PCURVE_S1.);
#3903 = LINE('',#3904,#3905);
#3904 = CARTESIAN_POINT('',(-1.55,-6.95,0.));
#3905 = VECTOR('',#3906,1.);
#3906 = DIRECTION('',(0.,1.,0.));
#3907 = PCURVE('',#2940,#3908);
#3908 = DEFINITIONAL_REPRESENTATION('',(#3909),#3913);
#3909 = LINE('',#3910,#3911);
#3910 = CARTESIAN_POINT('',(4.9,0.));
#3911 = VECTOR('',#3912,1.);
#3912 = DIRECTION('',(0.,1.));
#3913 = ( GEOMETRIC_REPRESENTATION_CONTEXT(2) 
PARAMETRIC_REPRESENTATION_CONTEXT() REPRESENTATION_CONTEXT('2D SPACE',''
  ) );
#3914 = PCURVE('',#3340,#3915);
#3915 = DEFINITIONAL_REPRESENTATION('',(#3916),#3920);
#3916 = LINE('',#3917,#3918);
#3917 = CARTESIAN_POINT('',(2.,0.));
#3918 = VECTOR('',#3919,1.);
#3919 = DIRECTION('',(0.,-1.));
#3920 = ( GEOMETRIC_REPRESENTATION_CONTEXT(2) 
PARAMETRIC_REPRESENTATION_CONTEXT() REPRESENTATION_CONTEXT('2D SPACE',''
  ) );
#3921 = ORIENTED_EDGE('',*,*,#3922,.T.);
#3922 = EDGE_CURVE('',#3900,#3923,#3925,.T.);
#3923 = VERTEX_POINT('',#3924);
#3924 = CARTESIAN_POINT('',(-0.65,-3.295,0.));
#3925 = SURFACE_CURVE('',#3926,(#3930,#3937),.PCURVE_S1.);
#3926 = LINE('',#3927,#3928);
#3927 = CARTESIAN_POINT('',(-1.55,-3.295,0.));
#3928 = VECTOR('',#3929,1.);
#3929 = DIRECTION('',(1.,0.,0.));
#3930 = PCURVE('',#2940,#3931);
#3931 = DEFINITIONAL_REPRESENTATION('',(#3932),#3936);
#3932 = LINE('',#3933,#3934);
#3933 = CARTESIAN_POINT('',(4.9,3.655));
#3934 = VECTOR('',#3935,1.);
#3935 = DIRECTION('',(1.,0.));
#3936 = ( GEOMETRIC_REPRESENTATION_CONTEXT(2) 
PARAMETRIC_REPRESENTATION_CONTEXT() REPRESENTATION_CONTEXT('2D SPACE',''
  ) );
#3937 = PCURVE('',#3938,#3943);
#3938 = PLANE('',#3939);
#3939 = AXIS2_PLACEMENT_3D('',#3940,#3941,#3942);
#3940 = CARTESIAN_POINT('',(-1.55,-3.295,-0.4));
#3941 = DIRECTION('',(0.,1.,0.));
#3942 = DIRECTION('',(0.,0.,1.));
#3943 = DEFINITIONAL_REPRESENTATION('',(#3944),#3948);
#3944 = LINE('',#3945,#3946);
#3945 = CARTESIAN_POINT('',(0.4,0.));
#3946 = VECTOR('',#3947,1.);
#3947 = DIRECTION('',(0.,1.));
#3948 = ( GEOMETRIC_REPRESENTATION_CONTEXT(2) 
PARAMETRIC_REPRESENTATION_CONTEXT() REPRESENTATION_CONTEXT('2D SPACE',''
  ) );
#3949 = ORIENTED_EDGE('',*,*,#3950,.T.);
#3950 = EDGE_CURVE('',#3923,#3951,#3953,.T.);
#3951 = VERTEX_POINT('',#3952);
#3952 = CARTESIAN_POINT('',(-0.65,-2.895,0.));
#3953 = SURFACE_CURVE('',#3954,(#3958,#3965),.PCURVE_S1.);
#3954 = LINE('',#3955,#3956);
#3955 = CARTESIAN_POINT('',(-0.65,-3.295,0.));
#3956 = VECTOR('',#3957,1.);
#3957 = DIRECTION('',(0.,1.,0.));
#3958 = PCURVE('',#2940,#3959);
#3959 = DEFINITIONAL_REPRESENTATION('',(#3960),#3964);
#3960 = LINE('',#3961,#3962);
#3961 = CARTESIAN_POINT('',(5.8,3.655));
#3962 = VECTOR('',#3963,1.);
#3963 = DIRECTION('',(0.,1.));
#3964 = ( GEOMETRIC_REPRESENTATION_CONTEXT(2) 
PARAMETRIC_REPRESENTATION_CONTEXT() REPRESENTATION_CONTEXT('2D SPACE',''
  ) );
#3965 = PCURVE('',#3966,#3971);
#3966 = PLANE('',#3967);
#3967 = AXIS2_PLACEMENT_3D('',#3968,#3969,#3970);
#3968 = CARTESIAN_POINT('',(-0.65,-3.295,-0.4));
#3969 = DIRECTION('',(1.,0.,0.));
#3970 = DIRECTION('',(0.,0.,1.));
#3971 = DEFINITIONAL_REPRESENTATION('',(#3972),#3976);
#3972 = LINE('',#3973,#3974);
#3973 = CARTESIAN_POINT('',(0.4,0.));
#3974 = VECTOR('',#3975,1.);
#3975 = DIRECTION('',(0.,-1.));
#3976 = ( GEOMETRIC_REPRESENTATION_CONTEXT(2) 
PARAMETRIC_REPRESENTATION_CONTEXT() REPRESENTATION_CONTEXT('2D SPACE',''
  ) );
#3977 = ORIENTED_EDGE('',*,*,#3978,.F.);
#3978 = EDGE_CURVE('',#3979,#3951,#3981,.T.);
#3979 = VERTEX_POINT('',#3980);
#3980 = CARTESIAN_POINT('',(-1.55,-2.895,0.));
#3981 = SURFACE_CURVE('',#3982,(#3986,#3993),.PCURVE_S1.);
#3982 = LINE('',#3983,#3984);
#3983 = CARTESIAN_POINT('',(-1.55,-2.895,0.));
#3984 = VECTOR('',#3985,1.);
#3985 = DIRECTION('',(1.,0.,0.));
#3986 = PCURVE('',#2940,#3987);
#3987 = DEFINITIONAL_REPRESENTATION('',(#3988),#3992);
#3988 = LINE('',#3989,#3990);
#3989 = CARTESIAN_POINT('',(4.9,4.055));
#3990 = VECTOR('',#3991,1.);
#3991 = DIRECTION('',(1.,0.));
#3992 = ( GEOMETRIC_REPRESENTATION_CONTEXT(2) 
PARAMETRIC_REPRESENTATION_CONTEXT() REPRESENTATION_CONTEXT('2D SPACE',''
  ) );
#3993 = PCURVE('',#3994,#3999);
#3994 = PLANE('',#3995);
#3995 = AXIS2_PLACEMENT_3D('',#3996,#3997,#3998);
#3996 = CARTESIAN_POINT('',(-1.55,-2.895,-0.4));
#3997 = DIRECTION('',(0.,1.,0.));
#3998 = DIRECTION('',(0.,0.,1.));
#3999 = DEFINITIONAL_REPRESENTATION('',(#4000),#4004);
#4000 = LINE('',#4001,#4002);
#4001 = CARTESIAN_POINT('',(0.4,0.));
#4002 = VECTOR('',#4003,1.);
#4003 = DIRECTION('',(0.,1.));
#4004 = ( GEOMETRIC_REPRESENTATION_CONTEXT(2) 
PARAMETRIC_REPRESENTATION_CONTEXT() REPRESENTATION_CONTEXT('2D SPACE',''
  ) );
#4005 = ORIENTED_EDGE('',*,*,#4006,.F.);
#4006 = EDGE_CURVE('',#4007,#3979,#4009,.T.);
#4007 = VERTEX_POINT('',#4008);
#4008 = CARTESIAN_POINT('',(-1.55,-3.05,0.));
#4009 = SURFACE_CURVE('',#4010,(#4014,#4021),.PCURVE_S1.);
#4010 = LINE('',#4011,#4012);
#4011 = CARTESIAN_POINT('',(-1.55,-3.295,0.));
#4012 = VECTOR('',#4013,1.);
#4013 = DIRECTION('',(0.,1.,0.));
#4014 = PCURVE('',#2940,#4015);
#4015 = DEFINITIONAL_REPRESENTATION('',(#4016),#4020);
#4016 = LINE('',#4017,#4018);
#4017 = CARTESIAN_POINT('',(4.9,3.655));
#4018 = VECTOR('',#4019,1.);
#4019 = DIRECTION('',(0.,1.));
#4020 = ( GEOMETRIC_REPRESENTATION_CONTEXT(2) 
PARAMETRIC_REPRESENTATION_CONTEXT() REPRESENTATION_CONTEXT('2D SPACE',''
  ) );
#4021 = PCURVE('',#4022,#4027);
#4022 = PLANE('',#4023);
#4023 = AXIS2_PLACEMENT_3D('',#4024,#4025,#4026);
#4024 = CARTESIAN_POINT('',(-1.55,-3.295,-0.4));
#4025 = DIRECTION('',(1.,0.,0.));
#4026 = DIRECTION('',(0.,0.,1.));
#4027 = DEFINITIONAL_REPRESENTATION('',(#4028),#4032);
#4028 = LINE('',#4029,#4030);
#4029 = CARTESIAN_POINT('',(0.4,0.));
#4030 = VECTOR('',#4031,1.);
#4031 = DIRECTION('',(0.,-1.));
#4032 = ( GEOMETRIC_REPRESENTATION_CONTEXT(2) 
PARAMETRIC_REPRESENTATION_CONTEXT() REPRESENTATION_CONTEXT('2D SPACE',''
  ) );
#4033 = ORIENTED_EDGE('',*,*,#4034,.F.);
#4034 = EDGE_CURVE('',#4035,#4007,#4037,.T.);
#4035 = VERTEX_POINT('',#4036);
#4036 = CARTESIAN_POINT('',(-6.45,-3.05,0.));
#4037 = SURFACE_CURVE('',#4038,(#4042,#4049),.PCURVE_S1.);
#4038 = LINE('',#4039,#4040);
#4039 = CARTESIAN_POINT('',(-6.45,-3.05,0.));
#4040 = VECTOR('',#4041,1.);
#4041 = DIRECTION('',(1.,0.,0.));
#4042 = PCURVE('',#2940,#4043);
#4043 = DEFINITIONAL_REPRESENTATION('',(#4044),#4048);
#4044 = LINE('',#4045,#4046);
#4045 = CARTESIAN_POINT('',(8.881784197001E-16,3.9));
#4046 = VECTOR('',#4047,1.);
#4047 = DIRECTION('',(1.,0.));
#4048 = ( GEOMETRIC_REPRESENTATION_CONTEXT(2) 
PARAMETRIC_REPRESENTATION_CONTEXT() REPRESENTATION_CONTEXT('2D SPACE',''
  ) );
#4049 = PCURVE('',#2856,#4050);
#4050 = DEFINITIONAL_REPRESENTATION('',(#4051),#4055);
#4051 = LINE('',#4052,#4053);
#4052 = CARTESIAN_POINT('',(2.,0.));
#4053 = VECTOR('',#4054,1.);
#4054 = DIRECTION('',(0.,1.));
#4055 = ( GEOMETRIC_REPRESENTATION_CONTEXT(2) 
PARAMETRIC_REPRESENTATION_CONTEXT() REPRESENTATION_CONTEXT('2D SPACE',''
  ) );
#4056 = ORIENTED_EDGE('',*,*,#4057,.T.);
#4057 = EDGE_CURVE('',#4035,#4058,#4060,.T.);
#4058 = VERTEX_POINT('',#4059);
#4059 = CARTESIAN_POINT('',(-6.45,-2.895,0.));
#4060 = SURFACE_CURVE('',#4061,(#4065,#4072),.PCURVE_S1.);
#4061 = LINE('',#4062,#4063);
#4062 = CARTESIAN_POINT('',(-6.45,-3.295,0.));
#4063 = VECTOR('',#4064,1.);
#4064 = DIRECTION('',(0.,1.,0.));
#4065 = PCURVE('',#2940,#4066);
#4066 = DEFINITIONAL_REPRESENTATION('',(#4067),#4071);
#4067 = LINE('',#4068,#4069);
#4068 = CARTESIAN_POINT('',(-8.881784197001E-16,3.655));
#4069 = VECTOR('',#4070,1.);
#4070 = DIRECTION('',(0.,1.));
#4071 = ( GEOMETRIC_REPRESENTATION_CONTEXT(2) 
PARAMETRIC_REPRESENTATION_CONTEXT() REPRESENTATION_CONTEXT('2D SPACE',''
  ) );
#4072 = PCURVE('',#4073,#4078);
#4073 = PLANE('',#4074);
#4074 = AXIS2_PLACEMENT_3D('',#4075,#4076,#4077);
#4075 = CARTESIAN_POINT('',(-6.45,-3.295,-0.4));
#4076 = DIRECTION('',(1.,0.,0.));
#4077 = DIRECTION('',(0.,0.,1.));
#4078 = DEFINITIONAL_REPRESENTATION('',(#4079),#4083);
#4079 = LINE('',#4080,#4081);
#4080 = CARTESIAN_POINT('',(0.4,0.));
#4081 = VECTOR('',#4082,1.);
#4082 = DIRECTION('',(0.,-1.));
#4083 = ( GEOMETRIC_REPRESENTATION_CONTEXT(2) 
PARAMETRIC_REPRESENTATION_CONTEXT() REPRESENTATION_CONTEXT('2D SPACE',''
  ) );
#4084 = ORIENTED_EDGE('',*,*,#4085,.F.);
#4085 = EDGE_CURVE('',#4086,#4058,#4088,.T.);
#4086 = VERTEX_POINT('',#4087);
#4087 = CARTESIAN_POINT('',(-7.35,-2.895,0.));
#4088 = SURFACE_CURVE('',#4089,(#4093,#4100),.PCURVE_S1.);
#4089 = LINE('',#4090,#4091);
#4090 = CARTESIAN_POINT('',(-7.35,-2.895,0.));
#4091 = VECTOR('',#4092,1.);
#4092 = DIRECTION('',(1.,0.,0.));
#4093 = PCURVE('',#2940,#4094);
#4094 = DEFINITIONAL_REPRESENTATION('',(#4095),#4099);
#4095 = LINE('',#4096,#4097);
#4096 = CARTESIAN_POINT('',(-0.9,4.055));
#4097 = VECTOR('',#4098,1.);
#4098 = DIRECTION('',(1.,0.));
#4099 = ( GEOMETRIC_REPRESENTATION_CONTEXT(2) 
PARAMETRIC_REPRESENTATION_CONTEXT() REPRESENTATION_CONTEXT('2D SPACE',''
  ) );
#4100 = PCURVE('',#4101,#4106);
#4101 = PLANE('',#4102);
#4102 = AXIS2_PLACEMENT_3D('',#4103,#4104,#4105);
#4103 = CARTESIAN_POINT('',(-7.35,-2.895,-0.4));
#4104 = DIRECTION('',(0.,1.,0.));
#4105 = DIRECTION('',(0.,0.,1.));
#4106 = DEFINITIONAL_REPRESENTATION('',(#4107),#4111);
#4107 = LINE('',#4108,#4109);
#4108 = CARTESIAN_POINT('',(0.4,0.));
#4109 = VECTOR('',#4110,1.);
#4110 = DIRECTION('',(0.,1.));
#4111 = ( GEOMETRIC_REPRESENTATION_CONTEXT(2) 
PARAMETRIC_REPRESENTATION_CONTEXT() REPRESENTATION_CONTEXT('2D SPACE',''
  ) );
#4112 = ORIENTED_EDGE('',*,*,#4113,.F.);
#4113 = EDGE_CURVE('',#4114,#4086,#4116,.T.);
#4114 = VERTEX_POINT('',#4115);
#4115 = CARTESIAN_POINT('',(-7.35,-3.295,0.));
#4116 = SURFACE_CURVE('',#4117,(#4121,#4128),.PCURVE_S1.);
#4117 = LINE('',#4118,#4119);
#4118 = CARTESIAN_POINT('',(-7.35,-3.295,0.));
#4119 = VECTOR('',#4120,1.);
#4120 = DIRECTION('',(0.,1.,0.));
#4121 = PCURVE('',#2940,#4122);
#4122 = DEFINITIONAL_REPRESENTATION('',(#4123),#4127);
#4123 = LINE('',#4124,#4125);
#4124 = CARTESIAN_POINT('',(-0.9,3.655));
#4125 = VECTOR('',#4126,1.);
#4126 = DIRECTION('',(0.,1.));
#4127 = ( GEOMETRIC_REPRESENTATION_CONTEXT(2) 
PARAMETRIC_REPRESENTATION_CONTEXT() REPRESENTATION_CONTEXT('2D SPACE',''
  ) );
#4128 = PCURVE('',#4129,#4134);
#4129 = PLANE('',#4130);
#4130 = AXIS2_PLACEMENT_3D('',#4131,#4132,#4133);
#4131 = CARTESIAN_POINT('',(-7.35,-3.295,-0.4));
#4132 = DIRECTION('',(1.,0.,0.));
#4133 = DIRECTION('',(0.,0.,1.));
#4134 = DEFINITIONAL_REPRESENTATION('',(#4135),#4139);
#4135 = LINE('',#4136,#4137);
#4136 = CARTESIAN_POINT('',(0.4,0.));
#4137 = VECTOR('',#4138,1.);
#4138 = DIRECTION('',(0.,-1.));
#4139 = ( GEOMETRIC_REPRESENTATION_CONTEXT(2) 
PARAMETRIC_REPRESENTATION_CONTEXT() REPRESENTATION_CONTEXT('2D SPACE',''
  ) );
#4140 = ORIENTED_EDGE('',*,*,#4141,.T.);
#4141 = EDGE_CURVE('',#4114,#2897,#4142,.T.);
#4142 = SURFACE_CURVE('',#4143,(#4147,#4154),.PCURVE_S1.);
#4143 = LINE('',#4144,#4145);
#4144 = CARTESIAN_POINT('',(-7.35,-3.295,0.));
#4145 = VECTOR('',#4146,1.);
#4146 = DIRECTION('',(1.,0.,0.));
#4147 = PCURVE('',#2940,#4148);
#4148 = DEFINITIONAL_REPRESENTATION('',(#4149),#4153);
#4149 = LINE('',#4150,#4151);
#4150 = CARTESIAN_POINT('',(-0.9,3.655));
#4151 = VECTOR('',#4152,1.);
#4152 = DIRECTION('',(1.,0.));
#4153 = ( GEOMETRIC_REPRESENTATION_CONTEXT(2) 
PARAMETRIC_REPRESENTATION_CONTEXT() REPRESENTATION_CONTEXT('2D SPACE',''
  ) );
#4154 = PCURVE('',#2912,#4155);
#4155 = DEFINITIONAL_REPRESENTATION('',(#4156),#4160);
#4156 = LINE('',#4157,#4158);
#4157 = CARTESIAN_POINT('',(0.4,0.));
#4158 = VECTOR('',#4159,1.);
#4159 = DIRECTION('',(0.,1.));
#4160 = ( GEOMETRIC_REPRESENTATION_CONTEXT(2) 
PARAMETRIC_REPRESENTATION_CONTEXT() REPRESENTATION_CONTEXT('2D SPACE',''
  ) );
#4161 = ORIENTED_EDGE('',*,*,#2924,.F.);
#4162 = ORIENTED_EDGE('',*,*,#4163,.F.);
#4163 = EDGE_CURVE('',#4164,#2925,#4166,.T.);
#4164 = VERTEX_POINT('',#4165);
#4165 = CARTESIAN_POINT('',(-7.35,-4.165,0.));
#4166 = SURFACE_CURVE('',#4167,(#4171,#4178),.PCURVE_S1.);
#4167 = LINE('',#4168,#4169);
#4168 = CARTESIAN_POINT('',(-7.35,-4.165,0.));
#4169 = VECTOR('',#4170,1.);
#4170 = DIRECTION('',(1.,0.,0.));
#4171 = PCURVE('',#2940,#4172);
#4172 = DEFINITIONAL_REPRESENTATION('',(#4173),#4177);
#4173 = LINE('',#4174,#4175);
#4174 = CARTESIAN_POINT('',(-0.9,2.785));
#4175 = VECTOR('',#4176,1.);
#4176 = DIRECTION('',(1.,0.));
#4177 = ( GEOMETRIC_REPRESENTATION_CONTEXT(2) 
PARAMETRIC_REPRESENTATION_CONTEXT() REPRESENTATION_CONTEXT('2D SPACE',''
  ) );
#4178 = PCURVE('',#2968,#4179);
#4179 = DEFINITIONAL_REPRESENTATION('',(#4180),#4184);
#4180 = LINE('',#4181,#4182);
#4181 = CARTESIAN_POINT('',(0.4,0.));
#4182 = VECTOR('',#4183,1.);
#4183 = DIRECTION('',(0.,1.));
#4184 = ( GEOMETRIC_REPRESENTATION_CONTEXT(2) 
PARAMETRIC_REPRESENTATION_CONTEXT() REPRESENTATION_CONTEXT('2D SPACE',''
  ) );
#4185 = ORIENTED_EDGE('',*,*,#4186,.F.);
#4186 = EDGE_CURVE('',#4187,#4164,#4189,.T.);
#4187 = VERTEX_POINT('',#4188);
#4188 = CARTESIAN_POINT('',(-7.35,-4.565,0.));
#4189 = SURFACE_CURVE('',#4190,(#4194,#4201),.PCURVE_S1.);
#4190 = LINE('',#4191,#4192);
#4191 = CARTESIAN_POINT('',(-7.35,-4.565,0.));
#4192 = VECTOR('',#4193,1.);
#4193 = DIRECTION('',(0.,1.,0.));
#4194 = PCURVE('',#2940,#4195);
#4195 = DEFINITIONAL_REPRESENTATION('',(#4196),#4200);
#4196 = LINE('',#4197,#4198);
#4197 = CARTESIAN_POINT('',(-0.9,2.385));
#4198 = VECTOR('',#4199,1.);
#4199 = DIRECTION('',(0.,1.));
#4200 = ( GEOMETRIC_REPRESENTATION_CONTEXT(2) 
PARAMETRIC_REPRESENTATION_CONTEXT() REPRESENTATION_CONTEXT('2D SPACE',''
  ) );
#4201 = PCURVE('',#4202,#4207);
#4202 = PLANE('',#4203);
#4203 = AXIS2_PLACEMENT_3D('',#4204,#4205,#4206);
#4204 = CARTESIAN_POINT('',(-7.35,-4.565,-0.4));
#4205 = DIRECTION('',(1.,0.,0.));
#4206 = DIRECTION('',(0.,0.,1.));
#4207 = DEFINITIONAL_REPRESENTATION('',(#4208),#4212);
#4208 = LINE('',#4209,#4210);
#4209 = CARTESIAN_POINT('',(0.4,0.));
#4210 = VECTOR('',#4211,1.);
#4211 = DIRECTION('',(0.,-1.));
#4212 = ( GEOMETRIC_REPRESENTATION_CONTEXT(2) 
PARAMETRIC_REPRESENTATION_CONTEXT() REPRESENTATION_CONTEXT('2D SPACE',''
  ) );
#4213 = ORIENTED_EDGE('',*,*,#4214,.T.);
#4214 = EDGE_CURVE('',#4187,#3009,#4215,.T.);
#4215 = SURFACE_CURVE('',#4216,(#4220,#4227),.PCURVE_S1.);
#4216 = LINE('',#4217,#4218);
#4217 = CARTESIAN_POINT('',(-7.35,-4.565,0.));
#4218 = VECTOR('',#4219,1.);
#4219 = DIRECTION('',(1.,0.,0.));
#4220 = PCURVE('',#2940,#4221);
#4221 = DEFINITIONAL_REPRESENTATION('',(#4222),#4226);
#4222 = LINE('',#4223,#4224);
#4223 = CARTESIAN_POINT('',(-0.9,2.385));
#4224 = VECTOR('',#4225,1.);
#4225 = DIRECTION('',(1.,0.));
#4226 = ( GEOMETRIC_REPRESENTATION_CONTEXT(2) 
PARAMETRIC_REPRESENTATION_CONTEXT() REPRESENTATION_CONTEXT('2D SPACE',''
  ) );
#4227 = PCURVE('',#3024,#4228);
#4228 = DEFINITIONAL_REPRESENTATION('',(#4229),#4233);
#4229 = LINE('',#4230,#4231);
#4230 = CARTESIAN_POINT('',(0.4,0.));
#4231 = VECTOR('',#4232,1.);
#4232 = DIRECTION('',(0.,1.));
#4233 = ( GEOMETRIC_REPRESENTATION_CONTEXT(2) 
PARAMETRIC_REPRESENTATION_CONTEXT() REPRESENTATION_CONTEXT('2D SPACE',''
  ) );
#4234 = ORIENTED_EDGE('',*,*,#3036,.F.);
#4235 = ORIENTED_EDGE('',*,*,#4236,.F.);
#4236 = EDGE_CURVE('',#4237,#3037,#4239,.T.);
#4237 = VERTEX_POINT('',#4238);
#4238 = CARTESIAN_POINT('',(-7.35,-5.435,0.));
#4239 = SURFACE_CURVE('',#4240,(#4244,#4251),.PCURVE_S1.);
#4240 = LINE('',#4241,#4242);
#4241 = CARTESIAN_POINT('',(-7.35,-5.435,0.));
#4242 = VECTOR('',#4243,1.);
#4243 = DIRECTION('',(1.,0.,0.));
#4244 = PCURVE('',#2940,#4245);
#4245 = DEFINITIONAL_REPRESENTATION('',(#4246),#4250);
#4246 = LINE('',#4247,#4248);
#4247 = CARTESIAN_POINT('',(-0.9,1.515));
#4248 = VECTOR('',#4249,1.);
#4249 = DIRECTION('',(1.,0.));
#4250 = ( GEOMETRIC_REPRESENTATION_CONTEXT(2) 
PARAMETRIC_REPRESENTATION_CONTEXT() REPRESENTATION_CONTEXT('2D SPACE',''
  ) );
#4251 = PCURVE('',#3075,#4252);
#4252 = DEFINITIONAL_REPRESENTATION('',(#4253),#4257);
#4253 = LINE('',#4254,#4255);
#4254 = CARTESIAN_POINT('',(0.4,0.));
#4255 = VECTOR('',#4256,1.);
#4256 = DIRECTION('',(0.,1.));
#4257 = ( GEOMETRIC_REPRESENTATION_CONTEXT(2) 
PARAMETRIC_REPRESENTATION_CONTEXT() REPRESENTATION_CONTEXT('2D SPACE',''
  ) );
#4258 = ORIENTED_EDGE('',*,*,#4259,.F.);
#4259 = EDGE_CURVE('',#4260,#4237,#4262,.T.);
#4260 = VERTEX_POINT('',#4261);
#4261 = CARTESIAN_POINT('',(-7.35,-5.835,0.));
#4262 = SURFACE_CURVE('',#4263,(#4267,#4274),.PCURVE_S1.);
#4263 = LINE('',#4264,#4265);
#4264 = CARTESIAN_POINT('',(-7.35,-5.835,0.));
#4265 = VECTOR('',#4266,1.);
#4266 = DIRECTION('',(0.,1.,0.));
#4267 = PCURVE('',#2940,#4268);
#4268 = DEFINITIONAL_REPRESENTATION('',(#4269),#4273);
#4269 = LINE('',#4270,#4271);
#4270 = CARTESIAN_POINT('',(-0.9,1.115));
#4271 = VECTOR('',#4272,1.);
#4272 = DIRECTION('',(0.,1.));
#4273 = ( GEOMETRIC_REPRESENTATION_CONTEXT(2) 
PARAMETRIC_REPRESENTATION_CONTEXT() REPRESENTATION_CONTEXT('2D SPACE',''
  ) );
#4274 = PCURVE('',#4275,#4280);
#4275 = PLANE('',#4276);
#4276 = AXIS2_PLACEMENT_3D('',#4277,#4278,#4279);
#4277 = CARTESIAN_POINT('',(-7.35,-5.835,-0.4));
#4278 = DIRECTION('',(1.,0.,0.));
#4279 = DIRECTION('',(0.,0.,1.));
#4280 = DEFINITIONAL_REPRESENTATION('',(#4281),#4285);
#4281 = LINE('',#4282,#4283);
#4282 = CARTESIAN_POINT('',(0.4,0.));
#4283 = VECTOR('',#4284,1.);
#4284 = DIRECTION('',(0.,-1.));
#4285 = ( GEOMETRIC_REPRESENTATION_CONTEXT(2) 
PARAMETRIC_REPRESENTATION_CONTEXT() REPRESENTATION_CONTEXT('2D SPACE',''
  ) );
#4286 = ORIENTED_EDGE('',*,*,#4287,.T.);
#4287 = EDGE_CURVE('',#4260,#3116,#4288,.T.);
#4288 = SURFACE_CURVE('',#4289,(#4293,#4300),.PCURVE_S1.);
#4289 = LINE('',#4290,#4291);
#4290 = CARTESIAN_POINT('',(-7.35,-5.835,0.));
#4291 = VECTOR('',#4292,1.);
#4292 = DIRECTION('',(1.,0.,0.));
#4293 = PCURVE('',#2940,#4294);
#4294 = DEFINITIONAL_REPRESENTATION('',(#4295),#4299);
#4295 = LINE('',#4296,#4297);
#4296 = CARTESIAN_POINT('',(-0.9,1.115));
#4297 = VECTOR('',#4298,1.);
#4298 = DIRECTION('',(1.,0.));
#4299 = ( GEOMETRIC_REPRESENTATION_CONTEXT(2) 
PARAMETRIC_REPRESENTATION_CONTEXT() REPRESENTATION_CONTEXT('2D SPACE',''
  ) );
#4300 = PCURVE('',#3131,#4301);
#4301 = DEFINITIONAL_REPRESENTATION('',(#4302),#4306);
#4302 = LINE('',#4303,#4304);
#4303 = CARTESIAN_POINT('',(0.4,0.));
#4304 = VECTOR('',#4305,1.);
#4305 = DIRECTION('',(0.,1.));
#4306 = ( GEOMETRIC_REPRESENTATION_CONTEXT(2) 
PARAMETRIC_REPRESENTATION_CONTEXT() REPRESENTATION_CONTEXT('2D SPACE',''
  ) );
#4307 = ADVANCED_FACE('',(#4308),#3131,.F.);
#4308 = FACE_BOUND('',#4309,.F.);
#4309 = EDGE_LOOP('',(#4310,#4333,#4354,#4355));
#4310 = ORIENTED_EDGE('',*,*,#4311,.F.);
#4311 = EDGE_CURVE('',#4312,#3088,#4314,.T.);
#4312 = VERTEX_POINT('',#4313);
#4313 = CARTESIAN_POINT('',(-7.35,-5.835,-0.4));
#4314 = SURFACE_CURVE('',#4315,(#4319,#4326),.PCURVE_S1.);
#4315 = LINE('',#4316,#4317);
#4316 = CARTESIAN_POINT('',(-7.35,-5.835,-0.4));
#4317 = VECTOR('',#4318,1.);
#4318 = DIRECTION('',(1.,0.,0.));
#4319 = PCURVE('',#3131,#4320);
#4320 = DEFINITIONAL_REPRESENTATION('',(#4321),#4325);
#4321 = LINE('',#4322,#4323);
#4322 = CARTESIAN_POINT('',(0.,0.));
#4323 = VECTOR('',#4324,1.);
#4324 = DIRECTION('',(0.,1.));
#4325 = ( GEOMETRIC_REPRESENTATION_CONTEXT(2) 
PARAMETRIC_REPRESENTATION_CONTEXT() REPRESENTATION_CONTEXT('2D SPACE',''
  ) );
#4326 = PCURVE('',#3103,#4327);
#4327 = DEFINITIONAL_REPRESENTATION('',(#4328),#4332);
#4328 = LINE('',#4329,#4330);
#4329 = CARTESIAN_POINT('',(0.,0.));
#4330 = VECTOR('',#4331,1.);
#4331 = DIRECTION('',(1.,0.));
#4332 = ( GEOMETRIC_REPRESENTATION_CONTEXT(2) 
PARAMETRIC_REPRESENTATION_CONTEXT() REPRESENTATION_CONTEXT('2D SPACE',''
  ) );
#4333 = ORIENTED_EDGE('',*,*,#4334,.T.);
#4334 = EDGE_CURVE('',#4312,#4260,#4335,.T.);
#4335 = SURFACE_CURVE('',#4336,(#4340,#4347),.PCURVE_S1.);
#4336 = LINE('',#4337,#4338);
#4337 = CARTESIAN_POINT('',(-7.35,-5.835,-0.4));
#4338 = VECTOR('',#4339,1.);
#4339 = DIRECTION('',(0.,0.,1.));
#4340 = PCURVE('',#3131,#4341);
#4341 = DEFINITIONAL_REPRESENTATION('',(#4342),#4346);
#4342 = LINE('',#4343,#4344);
#4343 = CARTESIAN_POINT('',(0.,0.));
#4344 = VECTOR('',#4345,1.);
#4345 = DIRECTION('',(1.,0.));
#4346 = ( GEOMETRIC_REPRESENTATION_CONTEXT(2) 
PARAMETRIC_REPRESENTATION_CONTEXT() REPRESENTATION_CONTEXT('2D SPACE',''
  ) );
#4347 = PCURVE('',#4275,#4348);
#4348 = DEFINITIONAL_REPRESENTATION('',(#4349),#4353);
#4349 = LINE('',#4350,#4351);
#4350 = CARTESIAN_POINT('',(0.,0.));
#4351 = VECTOR('',#4352,1.);
#4352 = DIRECTION('',(1.,0.));
#4353 = ( GEOMETRIC_REPRESENTATION_CONTEXT(2) 
PARAMETRIC_REPRESENTATION_CONTEXT() REPRESENTATION_CONTEXT('2D SPACE',''
  ) );
#4354 = ORIENTED_EDGE('',*,*,#4287,.T.);
#4355 = ORIENTED_EDGE('',*,*,#3115,.F.);
#4356 = ADVANCED_FACE('',(#4357),#3103,.F.);
#4357 = FACE_BOUND('',#4358,.F.);
#4358 = EDGE_LOOP('',(#4359,#4382,#4383,#4384));
#4359 = ORIENTED_EDGE('',*,*,#4360,.F.);
#4360 = EDGE_CURVE('',#4312,#4361,#4363,.T.);
#4361 = VERTEX_POINT('',#4362);
#4362 = CARTESIAN_POINT('',(-7.35,-5.435,-0.4));
#4363 = SURFACE_CURVE('',#4364,(#4368,#4375),.PCURVE_S1.);
#4364 = LINE('',#4365,#4366);
#4365 = CARTESIAN_POINT('',(-7.35,-5.835,-0.4));
#4366 = VECTOR('',#4367,1.);
#4367 = DIRECTION('',(0.,1.,0.));
#4368 = PCURVE('',#3103,#4369);
#4369 = DEFINITIONAL_REPRESENTATION('',(#4370),#4374);
#4370 = LINE('',#4371,#4372);
#4371 = CARTESIAN_POINT('',(0.,0.));
#4372 = VECTOR('',#4373,1.);
#4373 = DIRECTION('',(0.,1.));
#4374 = ( GEOMETRIC_REPRESENTATION_CONTEXT(2) 
PARAMETRIC_REPRESENTATION_CONTEXT() REPRESENTATION_CONTEXT('2D SPACE',''
  ) );
#4375 = PCURVE('',#4275,#4376);
#4376 = DEFINITIONAL_REPRESENTATION('',(#4377),#4381);
#4377 = LINE('',#4378,#4379);
#4378 = CARTESIAN_POINT('',(0.,0.));
#4379 = VECTOR('',#4380,1.);
#4380 = DIRECTION('',(0.,-1.));
#4381 = ( GEOMETRIC_REPRESENTATION_CONTEXT(2) 
PARAMETRIC_REPRESENTATION_CONTEXT() REPRESENTATION_CONTEXT('2D SPACE',''
  ) );
#4382 = ORIENTED_EDGE('',*,*,#4311,.T.);
#4383 = ORIENTED_EDGE('',*,*,#3087,.T.);
#4384 = ORIENTED_EDGE('',*,*,#4385,.F.);
#4385 = EDGE_CURVE('',#4361,#3060,#4386,.T.);
#4386 = SURFACE_CURVE('',#4387,(#4391,#4398),.PCURVE_S1.);
#4387 = LINE('',#4388,#4389);
#4388 = CARTESIAN_POINT('',(-7.35,-5.435,-0.4));
#4389 = VECTOR('',#4390,1.);
#4390 = DIRECTION('',(1.,0.,0.));
#4391 = PCURVE('',#3103,#4392);
#4392 = DEFINITIONAL_REPRESENTATION('',(#4393),#4397);
#4393 = LINE('',#4394,#4395);
#4394 = CARTESIAN_POINT('',(0.,0.4));
#4395 = VECTOR('',#4396,1.);
#4396 = DIRECTION('',(1.,0.));
#4397 = ( GEOMETRIC_REPRESENTATION_CONTEXT(2) 
PARAMETRIC_REPRESENTATION_CONTEXT() REPRESENTATION_CONTEXT('2D SPACE',''
  ) );
#4398 = PCURVE('',#3075,#4399);
#4399 = DEFINITIONAL_REPRESENTATION('',(#4400),#4404);
#4400 = LINE('',#4401,#4402);
#4401 = CARTESIAN_POINT('',(0.,0.));
#4402 = VECTOR('',#4403,1.);
#4403 = DIRECTION('',(0.,1.));
#4404 = ( GEOMETRIC_REPRESENTATION_CONTEXT(2) 
PARAMETRIC_REPRESENTATION_CONTEXT() REPRESENTATION_CONTEXT('2D SPACE',''
  ) );
#4405 = ADVANCED_FACE('',(#4406),#3075,.T.);
#4406 = FACE_BOUND('',#4407,.T.);
#4407 = EDGE_LOOP('',(#4408,#4409,#4430,#4431));
#4408 = ORIENTED_EDGE('',*,*,#4385,.F.);
#4409 = ORIENTED_EDGE('',*,*,#4410,.T.);
#4410 = EDGE_CURVE('',#4361,#4237,#4411,.T.);
#4411 = SURFACE_CURVE('',#4412,(#4416,#4423),.PCURVE_S1.);
#4412 = LINE('',#4413,#4414);
#4413 = CARTESIAN_POINT('',(-7.35,-5.435,-0.4));
#4414 = VECTOR('',#4415,1.);
#4415 = DIRECTION('',(0.,0.,1.));
#4416 = PCURVE('',#3075,#4417);
#4417 = DEFINITIONAL_REPRESENTATION('',(#4418),#4422);
#4418 = LINE('',#4419,#4420);
#4419 = CARTESIAN_POINT('',(0.,0.));
#4420 = VECTOR('',#4421,1.);
#4421 = DIRECTION('',(1.,0.));
#4422 = ( GEOMETRIC_REPRESENTATION_CONTEXT(2) 
PARAMETRIC_REPRESENTATION_CONTEXT() REPRESENTATION_CONTEXT('2D SPACE',''
  ) );
#4423 = PCURVE('',#4275,#4424);
#4424 = DEFINITIONAL_REPRESENTATION('',(#4425),#4429);
#4425 = LINE('',#4426,#4427);
#4426 = CARTESIAN_POINT('',(0.,-0.4));
#4427 = VECTOR('',#4428,1.);
#4428 = DIRECTION('',(1.,0.));
#4429 = ( GEOMETRIC_REPRESENTATION_CONTEXT(2) 
PARAMETRIC_REPRESENTATION_CONTEXT() REPRESENTATION_CONTEXT('2D SPACE',''
  ) );
#4430 = ORIENTED_EDGE('',*,*,#4236,.T.);
#4431 = ORIENTED_EDGE('',*,*,#3059,.F.);
#4432 = ADVANCED_FACE('',(#4433),#3024,.F.);
#4433 = FACE_BOUND('',#4434,.F.);
#4434 = EDGE_LOOP('',(#4435,#4458,#4479,#4480));
#4435 = ORIENTED_EDGE('',*,*,#4436,.F.);
#4436 = EDGE_CURVE('',#4437,#2981,#4439,.T.);
#4437 = VERTEX_POINT('',#4438);
#4438 = CARTESIAN_POINT('',(-7.35,-4.565,-0.4));
#4439 = SURFACE_CURVE('',#4440,(#4444,#4451),.PCURVE_S1.);
#4440 = LINE('',#4441,#4442);
#4441 = CARTESIAN_POINT('',(-7.35,-4.565,-0.4));
#4442 = VECTOR('',#4443,1.);
#4443 = DIRECTION('',(1.,0.,0.));
#4444 = PCURVE('',#3024,#4445);
#4445 = DEFINITIONAL_REPRESENTATION('',(#4446),#4450);
#4446 = LINE('',#4447,#4448);
#4447 = CARTESIAN_POINT('',(0.,0.));
#4448 = VECTOR('',#4449,1.);
#4449 = DIRECTION('',(0.,1.));
#4450 = ( GEOMETRIC_REPRESENTATION_CONTEXT(2) 
PARAMETRIC_REPRESENTATION_CONTEXT() REPRESENTATION_CONTEXT('2D SPACE',''
  ) );
#4451 = PCURVE('',#2996,#4452);
#4452 = DEFINITIONAL_REPRESENTATION('',(#4453),#4457);
#4453 = LINE('',#4454,#4455);
#4454 = CARTESIAN_POINT('',(0.,0.));
#4455 = VECTOR('',#4456,1.);
#4456 = DIRECTION('',(1.,0.));
#4457 = ( GEOMETRIC_REPRESENTATION_CONTEXT(2) 
PARAMETRIC_REPRESENTATION_CONTEXT() REPRESENTATION_CONTEXT('2D SPACE',''
  ) );
#4458 = ORIENTED_EDGE('',*,*,#4459,.T.);
#4459 = EDGE_CURVE('',#4437,#4187,#4460,.T.);
#4460 = SURFACE_CURVE('',#4461,(#4465,#4472),.PCURVE_S1.);
#4461 = LINE('',#4462,#4463);
#4462 = CARTESIAN_POINT('',(-7.35,-4.565,-0.4));
#4463 = VECTOR('',#4464,1.);
#4464 = DIRECTION('',(0.,0.,1.));
#4465 = PCURVE('',#3024,#4466);
#4466 = DEFINITIONAL_REPRESENTATION('',(#4467),#4471);
#4467 = LINE('',#4468,#4469);
#4468 = CARTESIAN_POINT('',(0.,0.));
#4469 = VECTOR('',#4470,1.);
#4470 = DIRECTION('',(1.,0.));
#4471 = ( GEOMETRIC_REPRESENTATION_CONTEXT(2) 
PARAMETRIC_REPRESENTATION_CONTEXT() REPRESENTATION_CONTEXT('2D SPACE',''
  ) );
#4472 = PCURVE('',#4202,#4473);
#4473 = DEFINITIONAL_REPRESENTATION('',(#4474),#4478);
#4474 = LINE('',#4475,#4476);
#4475 = CARTESIAN_POINT('',(0.,0.));
#4476 = VECTOR('',#4477,1.);
#4477 = DIRECTION('',(1.,0.));
#4478 = ( GEOMETRIC_REPRESENTATION_CONTEXT(2) 
PARAMETRIC_REPRESENTATION_CONTEXT() REPRESENTATION_CONTEXT('2D SPACE',''
  ) );
#4479 = ORIENTED_EDGE('',*,*,#4214,.T.);
#4480 = ORIENTED_EDGE('',*,*,#3008,.F.);
#4481 = ADVANCED_FACE('',(#4482),#2996,.F.);
#4482 = FACE_BOUND('',#4483,.F.);
#4483 = EDGE_LOOP('',(#4484,#4507,#4508,#4509));
#4484 = ORIENTED_EDGE('',*,*,#4485,.F.);
#4485 = EDGE_CURVE('',#4437,#4486,#4488,.T.);
#4486 = VERTEX_POINT('',#4487);
#4487 = CARTESIAN_POINT('',(-7.35,-4.165,-0.4));
#4488 = SURFACE_CURVE('',#4489,(#4493,#4500),.PCURVE_S1.);
#4489 = LINE('',#4490,#4491);
#4490 = CARTESIAN_POINT('',(-7.35,-4.565,-0.4));
#4491 = VECTOR('',#4492,1.);
#4492 = DIRECTION('',(0.,1.,0.));
#4493 = PCURVE('',#2996,#4494);
#4494 = DEFINITIONAL_REPRESENTATION('',(#4495),#4499);
#4495 = LINE('',#4496,#4497);
#4496 = CARTESIAN_POINT('',(0.,0.));
#4497 = VECTOR('',#4498,1.);
#4498 = DIRECTION('',(0.,1.));
#4499 = ( GEOMETRIC_REPRESENTATION_CONTEXT(2) 
PARAMETRIC_REPRESENTATION_CONTEXT() REPRESENTATION_CONTEXT('2D SPACE',''
  ) );
#4500 = PCURVE('',#4202,#4501);
#4501 = DEFINITIONAL_REPRESENTATION('',(#4502),#4506);
#4502 = LINE('',#4503,#4504);
#4503 = CARTESIAN_POINT('',(0.,0.));
#4504 = VECTOR('',#4505,1.);
#4505 = DIRECTION('',(0.,-1.));
#4506 = ( GEOMETRIC_REPRESENTATION_CONTEXT(2) 
PARAMETRIC_REPRESENTATION_CONTEXT() REPRESENTATION_CONTEXT('2D SPACE',''
  ) );
#4507 = ORIENTED_EDGE('',*,*,#4436,.T.);
#4508 = ORIENTED_EDGE('',*,*,#2980,.T.);
#4509 = ORIENTED_EDGE('',*,*,#4510,.F.);
#4510 = EDGE_CURVE('',#4486,#2953,#4511,.T.);
#4511 = SURFACE_CURVE('',#4512,(#4516,#4523),.PCURVE_S1.);
#4512 = LINE('',#4513,#4514);
#4513 = CARTESIAN_POINT('',(-7.35,-4.165,-0.4));
#4514 = VECTOR('',#4515,1.);
#4515 = DIRECTION('',(1.,0.,0.));
#4516 = PCURVE('',#2996,#4517);
#4517 = DEFINITIONAL_REPRESENTATION('',(#4518),#4522);
#4518 = LINE('',#4519,#4520);
#4519 = CARTESIAN_POINT('',(0.,0.4));
#4520 = VECTOR('',#4521,1.);
#4521 = DIRECTION('',(1.,0.));
#4522 = ( GEOMETRIC_REPRESENTATION_CONTEXT(2) 
PARAMETRIC_REPRESENTATION_CONTEXT() REPRESENTATION_CONTEXT('2D SPACE',''
  ) );
#4523 = PCURVE('',#2968,#4524);
#4524 = DEFINITIONAL_REPRESENTATION('',(#4525),#4529);
#4525 = LINE('',#4526,#4527);
#4526 = CARTESIAN_POINT('',(0.,0.));
#4527 = VECTOR('',#4528,1.);
#4528 = DIRECTION('',(0.,1.));
#4529 = ( GEOMETRIC_REPRESENTATION_CONTEXT(2) 
PARAMETRIC_REPRESENTATION_CONTEXT() REPRESENTATION_CONTEXT('2D SPACE',''
  ) );
#4530 = ADVANCED_FACE('',(#4531),#2968,.T.);
#4531 = FACE_BOUND('',#4532,.T.);
#4532 = EDGE_LOOP('',(#4533,#4534,#4555,#4556));
#4533 = ORIENTED_EDGE('',*,*,#4510,.F.);
#4534 = ORIENTED_EDGE('',*,*,#4535,.T.);
#4535 = EDGE_CURVE('',#4486,#4164,#4536,.T.);
#4536 = SURFACE_CURVE('',#4537,(#4541,#4548),.PCURVE_S1.);
#4537 = LINE('',#4538,#4539);
#4538 = CARTESIAN_POINT('',(-7.35,-4.165,-0.4));
#4539 = VECTOR('',#4540,1.);
#4540 = DIRECTION('',(0.,0.,1.));
#4541 = PCURVE('',#2968,#4542);
#4542 = DEFINITIONAL_REPRESENTATION('',(#4543),#4547);
#4543 = LINE('',#4544,#4545);
#4544 = CARTESIAN_POINT('',(0.,0.));
#4545 = VECTOR('',#4546,1.);
#4546 = DIRECTION('',(1.,0.));
#4547 = ( GEOMETRIC_REPRESENTATION_CONTEXT(2) 
PARAMETRIC_REPRESENTATION_CONTEXT() REPRESENTATION_CONTEXT('2D SPACE',''
  ) );
#4548 = PCURVE('',#4202,#4549);
#4549 = DEFINITIONAL_REPRESENTATION('',(#4550),#4554);
#4550 = LINE('',#4551,#4552);
#4551 = CARTESIAN_POINT('',(0.,-0.4));
#4552 = VECTOR('',#4553,1.);
#4553 = DIRECTION('',(1.,0.));
#4554 = ( GEOMETRIC_REPRESENTATION_CONTEXT(2) 
PARAMETRIC_REPRESENTATION_CONTEXT() REPRESENTATION_CONTEXT('2D SPACE',''
  ) );
#4555 = ORIENTED_EDGE('',*,*,#4163,.T.);
#4556 = ORIENTED_EDGE('',*,*,#2952,.F.);
#4557 = ADVANCED_FACE('',(#4558),#2912,.F.);
#4558 = FACE_BOUND('',#4559,.F.);
#4559 = EDGE_LOOP('',(#4560,#4583,#4604,#4605));
#4560 = ORIENTED_EDGE('',*,*,#4561,.F.);
#4561 = EDGE_CURVE('',#4562,#2869,#4564,.T.);
#4562 = VERTEX_POINT('',#4563);
#4563 = CARTESIAN_POINT('',(-7.35,-3.295,-0.4));
#4564 = SURFACE_CURVE('',#4565,(#4569,#4576),.PCURVE_S1.);
#4565 = LINE('',#4566,#4567);
#4566 = CARTESIAN_POINT('',(-7.35,-3.295,-0.4));
#4567 = VECTOR('',#4568,1.);
#4568 = DIRECTION('',(1.,0.,0.));
#4569 = PCURVE('',#2912,#4570);
#4570 = DEFINITIONAL_REPRESENTATION('',(#4571),#4575);
#4571 = LINE('',#4572,#4573);
#4572 = CARTESIAN_POINT('',(0.,0.));
#4573 = VECTOR('',#4574,1.);
#4574 = DIRECTION('',(0.,1.));
#4575 = ( GEOMETRIC_REPRESENTATION_CONTEXT(2) 
PARAMETRIC_REPRESENTATION_CONTEXT() REPRESENTATION_CONTEXT('2D SPACE',''
  ) );
#4576 = PCURVE('',#2884,#4577);
#4577 = DEFINITIONAL_REPRESENTATION('',(#4578),#4582);
#4578 = LINE('',#4579,#4580);
#4579 = CARTESIAN_POINT('',(0.,0.));
#4580 = VECTOR('',#4581,1.);
#4581 = DIRECTION('',(1.,0.));
#4582 = ( GEOMETRIC_REPRESENTATION_CONTEXT(2) 
PARAMETRIC_REPRESENTATION_CONTEXT() REPRESENTATION_CONTEXT('2D SPACE',''
  ) );
#4583 = ORIENTED_EDGE('',*,*,#4584,.T.);
#4584 = EDGE_CURVE('',#4562,#4114,#4585,.T.);
#4585 = SURFACE_CURVE('',#4586,(#4590,#4597),.PCURVE_S1.);
#4586 = LINE('',#4587,#4588);
#4587 = CARTESIAN_POINT('',(-7.35,-3.295,-0.4));
#4588 = VECTOR('',#4589,1.);
#4589 = DIRECTION('',(0.,0.,1.));
#4590 = PCURVE('',#2912,#4591);
#4591 = DEFINITIONAL_REPRESENTATION('',(#4592),#4596);
#4592 = LINE('',#4593,#4594);
#4593 = CARTESIAN_POINT('',(0.,0.));
#4594 = VECTOR('',#4595,1.);
#4595 = DIRECTION('',(1.,0.));
#4596 = ( GEOMETRIC_REPRESENTATION_CONTEXT(2) 
PARAMETRIC_REPRESENTATION_CONTEXT() REPRESENTATION_CONTEXT('2D SPACE',''
  ) );
#4597 = PCURVE('',#4129,#4598);
#4598 = DEFINITIONAL_REPRESENTATION('',(#4599),#4603);
#4599 = LINE('',#4600,#4601);
#4600 = CARTESIAN_POINT('',(0.,0.));
#4601 = VECTOR('',#4602,1.);
#4602 = DIRECTION('',(1.,0.));
#4603 = ( GEOMETRIC_REPRESENTATION_CONTEXT(2) 
PARAMETRIC_REPRESENTATION_CONTEXT() REPRESENTATION_CONTEXT('2D SPACE',''
  ) );
#4604 = ORIENTED_EDGE('',*,*,#4141,.T.);
#4605 = ORIENTED_EDGE('',*,*,#2896,.F.);
#4606 = ADVANCED_FACE('',(#4607),#2884,.F.);
#4607 = FACE_BOUND('',#4608,.F.);
#4608 = EDGE_LOOP('',(#4609,#4632,#4633,#4634,#4657));
#4609 = ORIENTED_EDGE('',*,*,#4610,.F.);
#4610 = EDGE_CURVE('',#4562,#4611,#4613,.T.);
#4611 = VERTEX_POINT('',#4612);
#4612 = CARTESIAN_POINT('',(-7.35,-2.895,-0.4));
#4613 = SURFACE_CURVE('',#4614,(#4618,#4625),.PCURVE_S1.);
#4614 = LINE('',#4615,#4616);
#4615 = CARTESIAN_POINT('',(-7.35,-3.295,-0.4));
#4616 = VECTOR('',#4617,1.);
#4617 = DIRECTION('',(0.,1.,0.));
#4618 = PCURVE('',#2884,#4619);
#4619 = DEFINITIONAL_REPRESENTATION('',(#4620),#4624);
#4620 = LINE('',#4621,#4622);
#4621 = CARTESIAN_POINT('',(0.,0.));
#4622 = VECTOR('',#4623,1.);
#4623 = DIRECTION('',(0.,1.));
#4624 = ( GEOMETRIC_REPRESENTATION_CONTEXT(2) 
PARAMETRIC_REPRESENTATION_CONTEXT() REPRESENTATION_CONTEXT('2D SPACE',''
  ) );
#4625 = PCURVE('',#4129,#4626);
#4626 = DEFINITIONAL_REPRESENTATION('',(#4627),#4631);
#4627 = LINE('',#4628,#4629);
#4628 = CARTESIAN_POINT('',(0.,0.));
#4629 = VECTOR('',#4630,1.);
#4630 = DIRECTION('',(0.,-1.));
#4631 = ( GEOMETRIC_REPRESENTATION_CONTEXT(2) 
PARAMETRIC_REPRESENTATION_CONTEXT() REPRESENTATION_CONTEXT('2D SPACE',''
  ) );
#4632 = ORIENTED_EDGE('',*,*,#4561,.T.);
#4633 = ORIENTED_EDGE('',*,*,#2868,.T.);
#4634 = ORIENTED_EDGE('',*,*,#4635,.T.);
#4635 = EDGE_CURVE('',#2841,#4636,#4638,.T.);
#4636 = VERTEX_POINT('',#4637);
#4637 = CARTESIAN_POINT('',(-6.45,-2.895,-0.4));
#4638 = SURFACE_CURVE('',#4639,(#4643,#4650),.PCURVE_S1.);
#4639 = LINE('',#4640,#4641);
#4640 = CARTESIAN_POINT('',(-6.45,-3.295,-0.4));
#4641 = VECTOR('',#4642,1.);
#4642 = DIRECTION('',(0.,1.,0.));
#4643 = PCURVE('',#2884,#4644);
#4644 = DEFINITIONAL_REPRESENTATION('',(#4645),#4649);
#4645 = LINE('',#4646,#4647);
#4646 = CARTESIAN_POINT('',(0.9,0.));
#4647 = VECTOR('',#4648,1.);
#4648 = DIRECTION('',(0.,1.));
#4649 = ( GEOMETRIC_REPRESENTATION_CONTEXT(2) 
PARAMETRIC_REPRESENTATION_CONTEXT() REPRESENTATION_CONTEXT('2D SPACE',''
  ) );
#4650 = PCURVE('',#4073,#4651);
#4651 = DEFINITIONAL_REPRESENTATION('',(#4652),#4656);
#4652 = LINE('',#4653,#4654);
#4653 = CARTESIAN_POINT('',(0.,0.));
#4654 = VECTOR('',#4655,1.);
#4655 = DIRECTION('',(0.,-1.));
#4656 = ( GEOMETRIC_REPRESENTATION_CONTEXT(2) 
PARAMETRIC_REPRESENTATION_CONTEXT() REPRESENTATION_CONTEXT('2D SPACE',''
  ) );
#4657 = ORIENTED_EDGE('',*,*,#4658,.F.);
#4658 = EDGE_CURVE('',#4611,#4636,#4659,.T.);
#4659 = SURFACE_CURVE('',#4660,(#4664,#4671),.PCURVE_S1.);
#4660 = LINE('',#4661,#4662);
#4661 = CARTESIAN_POINT('',(-7.35,-2.895,-0.4));
#4662 = VECTOR('',#4663,1.);
#4663 = DIRECTION('',(1.,0.,0.));
#4664 = PCURVE('',#2884,#4665);
#4665 = DEFINITIONAL_REPRESENTATION('',(#4666),#4670);
#4666 = LINE('',#4667,#4668);
#4667 = CARTESIAN_POINT('',(0.,0.4));
#4668 = VECTOR('',#4669,1.);
#4669 = DIRECTION('',(1.,0.));
#4670 = ( GEOMETRIC_REPRESENTATION_CONTEXT(2) 
PARAMETRIC_REPRESENTATION_CONTEXT() REPRESENTATION_CONTEXT('2D SPACE',''
  ) );
#4671 = PCURVE('',#4101,#4672);
#4672 = DEFINITIONAL_REPRESENTATION('',(#4673),#4677);
#4673 = LINE('',#4674,#4675);
#4674 = CARTESIAN_POINT('',(0.,0.));
#4675 = VECTOR('',#4676,1.);
#4676 = DIRECTION('',(0.,1.));
#4677 = ( GEOMETRIC_REPRESENTATION_CONTEXT(2) 
PARAMETRIC_REPRESENTATION_CONTEXT() REPRESENTATION_CONTEXT('2D SPACE',''
  ) );
#4678 = ADVANCED_FACE('',(#4679),#2856,.T.);
#4679 = FACE_BOUND('',#4680,.T.);
#4680 = EDGE_LOOP('',(#4681,#4704,#4705,#4726,#4727,#4750));
#4681 = ORIENTED_EDGE('',*,*,#4682,.F.);
#4682 = EDGE_CURVE('',#2813,#4683,#4685,.T.);
#4683 = VERTEX_POINT('',#4684);
#4684 = CARTESIAN_POINT('',(-1.55,-3.05,-2.));
#4685 = SURFACE_CURVE('',#4686,(#4690,#4697),.PCURVE_S1.);
#4686 = LINE('',#4687,#4688);
#4687 = CARTESIAN_POINT('',(-6.45,-3.05,-2.));
#4688 = VECTOR('',#4689,1.);
#4689 = DIRECTION('',(1.,0.,0.));
#4690 = PCURVE('',#2856,#4691);
#4691 = DEFINITIONAL_REPRESENTATION('',(#4692),#4696);
#4692 = LINE('',#4693,#4694);
#4693 = CARTESIAN_POINT('',(0.,0.));
#4694 = VECTOR('',#4695,1.);
#4695 = DIRECTION('',(0.,1.));
#4696 = ( GEOMETRIC_REPRESENTATION_CONTEXT(2) 
PARAMETRIC_REPRESENTATION_CONTEXT() REPRESENTATION_CONTEXT('2D SPACE',''
  ) );
#4697 = PCURVE('',#2828,#4698);
#4698 = DEFINITIONAL_REPRESENTATION('',(#4699),#4703);
#4699 = LINE('',#4700,#4701);
#4700 = CARTESIAN_POINT('',(0.,3.9));
#4701 = VECTOR('',#4702,1.);
#4702 = DIRECTION('',(1.,0.));
#4703 = ( GEOMETRIC_REPRESENTATION_CONTEXT(2) 
PARAMETRIC_REPRESENTATION_CONTEXT() REPRESENTATION_CONTEXT('2D SPACE',''
  ) );
#4704 = ORIENTED_EDGE('',*,*,#2840,.T.);
#4705 = ORIENTED_EDGE('',*,*,#4706,.T.);
#4706 = EDGE_CURVE('',#2841,#4035,#4707,.T.);
#4707 = SURFACE_CURVE('',#4708,(#4712,#4719),.PCURVE_S1.);
#4708 = LINE('',#4709,#4710);
#4709 = CARTESIAN_POINT('',(-6.45,-3.05,-2.));
#4710 = VECTOR('',#4711,1.);
#4711 = DIRECTION('',(0.,0.,1.));
#4712 = PCURVE('',#2856,#4713);
#4713 = DEFINITIONAL_REPRESENTATION('',(#4714),#4718);
#4714 = LINE('',#4715,#4716);
#4715 = CARTESIAN_POINT('',(0.,0.));
#4716 = VECTOR('',#4717,1.);
#4717 = DIRECTION('',(1.,0.));
#4718 = ( GEOMETRIC_REPRESENTATION_CONTEXT(2) 
PARAMETRIC_REPRESENTATION_CONTEXT() REPRESENTATION_CONTEXT('2D SPACE',''
  ) );
#4719 = PCURVE('',#4073,#4720);
#4720 = DEFINITIONAL_REPRESENTATION('',(#4721),#4725);
#4721 = LINE('',#4722,#4723);
#4722 = CARTESIAN_POINT('',(-1.6,-0.245));
#4723 = VECTOR('',#4724,1.);
#4724 = DIRECTION('',(1.,0.));
#4725 = ( GEOMETRIC_REPRESENTATION_CONTEXT(2) 
PARAMETRIC_REPRESENTATION_CONTEXT() REPRESENTATION_CONTEXT('2D SPACE',''
  ) );
#4726 = ORIENTED_EDGE('',*,*,#4034,.T.);
#4727 = ORIENTED_EDGE('',*,*,#4728,.F.);
#4728 = EDGE_CURVE('',#4729,#4007,#4731,.T.);
#4729 = VERTEX_POINT('',#4730);
#4730 = CARTESIAN_POINT('',(-1.55,-3.05,-0.4));
#4731 = SURFACE_CURVE('',#4732,(#4736,#4743),.PCURVE_S1.);
#4732 = LINE('',#4733,#4734);
#4733 = CARTESIAN_POINT('',(-1.55,-3.05,-2.));
#4734 = VECTOR('',#4735,1.);
#4735 = DIRECTION('',(0.,0.,1.));
#4736 = PCURVE('',#2856,#4737);
#4737 = DEFINITIONAL_REPRESENTATION('',(#4738),#4742);
#4738 = LINE('',#4739,#4740);
#4739 = CARTESIAN_POINT('',(0.,4.9));
#4740 = VECTOR('',#4741,1.);
#4741 = DIRECTION('',(1.,0.));
#4742 = ( GEOMETRIC_REPRESENTATION_CONTEXT(2) 
PARAMETRIC_REPRESENTATION_CONTEXT() REPRESENTATION_CONTEXT('2D SPACE',''
  ) );
#4743 = PCURVE('',#4022,#4744);
#4744 = DEFINITIONAL_REPRESENTATION('',(#4745),#4749);
#4745 = LINE('',#4746,#4747);
#4746 = CARTESIAN_POINT('',(-1.6,-0.245));
#4747 = VECTOR('',#4748,1.);
#4748 = DIRECTION('',(1.,0.));
#4749 = ( GEOMETRIC_REPRESENTATION_CONTEXT(2) 
PARAMETRIC_REPRESENTATION_CONTEXT() REPRESENTATION_CONTEXT('2D SPACE',''
  ) );
#4750 = ORIENTED_EDGE('',*,*,#4751,.F.);
#4751 = EDGE_CURVE('',#4683,#4729,#4752,.T.);
#4752 = SURFACE_CURVE('',#4753,(#4757,#4764),.PCURVE_S1.);
#4753 = LINE('',#4754,#4755);
#4754 = CARTESIAN_POINT('',(-1.55,-3.05,-2.));
#4755 = VECTOR('',#4756,1.);
#4756 = DIRECTION('',(0.,0.,1.));
#4757 = PCURVE('',#2856,#4758);
#4758 = DEFINITIONAL_REPRESENTATION('',(#4759),#4763);
#4759 = LINE('',#4760,#4761);
#4760 = CARTESIAN_POINT('',(0.,4.9));
#4761 = VECTOR('',#4762,1.);
#4762 = DIRECTION('',(1.,0.));
#4763 = ( GEOMETRIC_REPRESENTATION_CONTEXT(2) 
PARAMETRIC_REPRESENTATION_CONTEXT() REPRESENTATION_CONTEXT('2D SPACE',''
  ) );
#4764 = PCURVE('',#3340,#4765);
#4765 = DEFINITIONAL_REPRESENTATION('',(#4766),#4770);
#4766 = LINE('',#4767,#4768);
#4767 = CARTESIAN_POINT('',(0.,-3.9));
#4768 = VECTOR('',#4769,1.);
#4769 = DIRECTION('',(1.,0.));
#4770 = ( GEOMETRIC_REPRESENTATION_CONTEXT(2) 
PARAMETRIC_REPRESENTATION_CONTEXT() REPRESENTATION_CONTEXT('2D SPACE',''
  ) );
#4771 = ADVANCED_FACE('',(#4772),#2828,.F.);
#4772 = FACE_BOUND('',#4773,.F.);
#4773 = EDGE_LOOP('',(#4774,#4775,#4776,#4797));
#4774 = ORIENTED_EDGE('',*,*,#2812,.F.);
#4775 = ORIENTED_EDGE('',*,*,#3223,.T.);
#4776 = ORIENTED_EDGE('',*,*,#4777,.T.);
#4777 = EDGE_CURVE('',#3224,#4683,#4778,.T.);
#4778 = SURFACE_CURVE('',#4779,(#4783,#4790),.PCURVE_S1.);
#4779 = LINE('',#4780,#4781);
#4780 = CARTESIAN_POINT('',(-1.55,-6.95,-2.));
#4781 = VECTOR('',#4782,1.);
#4782 = DIRECTION('',(0.,1.,0.));
#4783 = PCURVE('',#2828,#4784);
#4784 = DEFINITIONAL_REPRESENTATION('',(#4785),#4789);
#4785 = LINE('',#4786,#4787);
#4786 = CARTESIAN_POINT('',(4.9,0.));
#4787 = VECTOR('',#4788,1.);
#4788 = DIRECTION('',(0.,1.));
#4789 = ( GEOMETRIC_REPRESENTATION_CONTEXT(2) 
PARAMETRIC_REPRESENTATION_CONTEXT() REPRESENTATION_CONTEXT('2D SPACE',''
  ) );
#4790 = PCURVE('',#3340,#4791);
#4791 = DEFINITIONAL_REPRESENTATION('',(#4792),#4796);
#4792 = LINE('',#4793,#4794);
#4793 = CARTESIAN_POINT('',(0.,0.));
#4794 = VECTOR('',#4795,1.);
#4795 = DIRECTION('',(0.,-1.));
#4796 = ( GEOMETRIC_REPRESENTATION_CONTEXT(2) 
PARAMETRIC_REPRESENTATION_CONTEXT() REPRESENTATION_CONTEXT('2D SPACE',''
  ) );
#4797 = ORIENTED_EDGE('',*,*,#4682,.F.);
#4798 = ADVANCED_FACE('',(#4799),#3340,.T.);
#4799 = FACE_BOUND('',#4800,.T.);
#4800 = EDGE_LOOP('',(#4801,#4802,#4803,#4804,#4832,#4853,#4854,#4877,
    #4905,#4926,#4927,#4950,#4978,#4999,#5000,#5023));
#4801 = ORIENTED_EDGE('',*,*,#3326,.F.);
#4802 = ORIENTED_EDGE('',*,*,#4777,.T.);
#4803 = ORIENTED_EDGE('',*,*,#4751,.T.);
#4804 = ORIENTED_EDGE('',*,*,#4805,.F.);
#4805 = EDGE_CURVE('',#4806,#4729,#4808,.T.);
#4806 = VERTEX_POINT('',#4807);
#4807 = CARTESIAN_POINT('',(-1.55,-3.295,-0.4));
#4808 = SURFACE_CURVE('',#4809,(#4813,#4820),.PCURVE_S1.);
#4809 = LINE('',#4810,#4811);
#4810 = CARTESIAN_POINT('',(-1.55,-3.295,-0.4));
#4811 = VECTOR('',#4812,1.);
#4812 = DIRECTION('',(0.,1.,0.));
#4813 = PCURVE('',#3340,#4814);
#4814 = DEFINITIONAL_REPRESENTATION('',(#4815),#4819);
#4815 = LINE('',#4816,#4817);
#4816 = CARTESIAN_POINT('',(1.6,-3.655));
#4817 = VECTOR('',#4818,1.);
#4818 = DIRECTION('',(0.,-1.));
#4819 = ( GEOMETRIC_REPRESENTATION_CONTEXT(2) 
PARAMETRIC_REPRESENTATION_CONTEXT() REPRESENTATION_CONTEXT('2D SPACE',''
  ) );
#4820 = PCURVE('',#4821,#4826);
#4821 = PLANE('',#4822);
#4822 = AXIS2_PLACEMENT_3D('',#4823,#4824,#4825);
#4823 = CARTESIAN_POINT('',(-1.55,-3.295,-0.4));
#4824 = DIRECTION('',(0.,0.,1.));
#4825 = DIRECTION('',(1.,0.,0.));
#4826 = DEFINITIONAL_REPRESENTATION('',(#4827),#4831);
#4827 = LINE('',#4828,#4829);
#4828 = CARTESIAN_POINT('',(0.,0.));
#4829 = VECTOR('',#4830,1.);
#4830 = DIRECTION('',(0.,1.));
#4831 = ( GEOMETRIC_REPRESENTATION_CONTEXT(2) 
PARAMETRIC_REPRESENTATION_CONTEXT() REPRESENTATION_CONTEXT('2D SPACE',''
  ) );
#4832 = ORIENTED_EDGE('',*,*,#4833,.T.);
#4833 = EDGE_CURVE('',#4806,#3900,#4834,.T.);
#4834 = SURFACE_CURVE('',#4835,(#4839,#4846),.PCURVE_S1.);
#4835 = LINE('',#4836,#4837);
#4836 = CARTESIAN_POINT('',(-1.55,-3.295,-0.4));
#4837 = VECTOR('',#4838,1.);
#4838 = DIRECTION('',(0.,0.,1.));
#4839 = PCURVE('',#3340,#4840);
#4840 = DEFINITIONAL_REPRESENTATION('',(#4841),#4845);
#4841 = LINE('',#4842,#4843);
#4842 = CARTESIAN_POINT('',(1.6,-3.655));
#4843 = VECTOR('',#4844,1.);
#4844 = DIRECTION('',(1.,0.));
#4845 = ( GEOMETRIC_REPRESENTATION_CONTEXT(2) 
PARAMETRIC_REPRESENTATION_CONTEXT() REPRESENTATION_CONTEXT('2D SPACE',''
  ) );
#4846 = PCURVE('',#3938,#4847);
#4847 = DEFINITIONAL_REPRESENTATION('',(#4848),#4852);
#4848 = LINE('',#4849,#4850);
#4849 = CARTESIAN_POINT('',(0.,0.));
#4850 = VECTOR('',#4851,1.);
#4851 = DIRECTION('',(1.,0.));
#4852 = ( GEOMETRIC_REPRESENTATION_CONTEXT(2) 
PARAMETRIC_REPRESENTATION_CONTEXT() REPRESENTATION_CONTEXT('2D SPACE',''
  ) );
#4853 = ORIENTED_EDGE('',*,*,#3899,.F.);
#4854 = ORIENTED_EDGE('',*,*,#4855,.F.);
#4855 = EDGE_CURVE('',#4856,#3872,#4858,.T.);
#4856 = VERTEX_POINT('',#4857);
#4857 = CARTESIAN_POINT('',(-1.55,-4.165,-0.4));
#4858 = SURFACE_CURVE('',#4859,(#4863,#4870),.PCURVE_S1.);
#4859 = LINE('',#4860,#4861);
#4860 = CARTESIAN_POINT('',(-1.55,-4.165,-0.4));
#4861 = VECTOR('',#4862,1.);
#4862 = DIRECTION('',(0.,0.,1.));
#4863 = PCURVE('',#3340,#4864);
#4864 = DEFINITIONAL_REPRESENTATION('',(#4865),#4869);
#4865 = LINE('',#4866,#4867);
#4866 = CARTESIAN_POINT('',(1.6,-2.785));
#4867 = VECTOR('',#4868,1.);
#4868 = DIRECTION('',(1.,0.));
#4869 = ( GEOMETRIC_REPRESENTATION_CONTEXT(2) 
PARAMETRIC_REPRESENTATION_CONTEXT() REPRESENTATION_CONTEXT('2D SPACE',''
  ) );
#4870 = PCURVE('',#3887,#4871);
#4871 = DEFINITIONAL_REPRESENTATION('',(#4872),#4876);
#4872 = LINE('',#4873,#4874);
#4873 = CARTESIAN_POINT('',(0.,0.));
#4874 = VECTOR('',#4875,1.);
#4875 = DIRECTION('',(1.,0.));
#4876 = ( GEOMETRIC_REPRESENTATION_CONTEXT(2) 
PARAMETRIC_REPRESENTATION_CONTEXT() REPRESENTATION_CONTEXT('2D SPACE',''
  ) );
#4877 = ORIENTED_EDGE('',*,*,#4878,.F.);
#4878 = EDGE_CURVE('',#4879,#4856,#4881,.T.);
#4879 = VERTEX_POINT('',#4880);
#4880 = CARTESIAN_POINT('',(-1.55,-4.565,-0.4));
#4881 = SURFACE_CURVE('',#4882,(#4886,#4893),.PCURVE_S1.);
#4882 = LINE('',#4883,#4884);
#4883 = CARTESIAN_POINT('',(-1.55,-4.565,-0.4));
#4884 = VECTOR('',#4885,1.);
#4885 = DIRECTION('',(0.,1.,0.));
#4886 = PCURVE('',#3340,#4887);
#4887 = DEFINITIONAL_REPRESENTATION('',(#4888),#4892);
#4888 = LINE('',#4889,#4890);
#4889 = CARTESIAN_POINT('',(1.6,-2.385));
#4890 = VECTOR('',#4891,1.);
#4891 = DIRECTION('',(0.,-1.));
#4892 = ( GEOMETRIC_REPRESENTATION_CONTEXT(2) 
PARAMETRIC_REPRESENTATION_CONTEXT() REPRESENTATION_CONTEXT('2D SPACE',''
  ) );
#4893 = PCURVE('',#4894,#4899);
#4894 = PLANE('',#4895);
#4895 = AXIS2_PLACEMENT_3D('',#4896,#4897,#4898);
#4896 = CARTESIAN_POINT('',(-1.55,-4.565,-0.4));
#4897 = DIRECTION('',(0.,0.,1.));
#4898 = DIRECTION('',(1.,0.,0.));
#4899 = DEFINITIONAL_REPRESENTATION('',(#4900),#4904);
#4900 = LINE('',#4901,#4902);
#4901 = CARTESIAN_POINT('',(0.,0.));
#4902 = VECTOR('',#4903,1.);
#4903 = DIRECTION('',(0.,1.));
#4904 = ( GEOMETRIC_REPRESENTATION_CONTEXT(2) 
PARAMETRIC_REPRESENTATION_CONTEXT() REPRESENTATION_CONTEXT('2D SPACE',''
  ) );
#4905 = ORIENTED_EDGE('',*,*,#4906,.T.);
#4906 = EDGE_CURVE('',#4879,#3793,#4907,.T.);
#4907 = SURFACE_CURVE('',#4908,(#4912,#4919),.PCURVE_S1.);
#4908 = LINE('',#4909,#4910);
#4909 = CARTESIAN_POINT('',(-1.55,-4.565,-0.4));
#4910 = VECTOR('',#4911,1.);
#4911 = DIRECTION('',(0.,0.,1.));
#4912 = PCURVE('',#3340,#4913);
#4913 = DEFINITIONAL_REPRESENTATION('',(#4914),#4918);
#4914 = LINE('',#4915,#4916);
#4915 = CARTESIAN_POINT('',(1.6,-2.385));
#4916 = VECTOR('',#4917,1.);
#4917 = DIRECTION('',(1.,0.));
#4918 = ( GEOMETRIC_REPRESENTATION_CONTEXT(2) 
PARAMETRIC_REPRESENTATION_CONTEXT() REPRESENTATION_CONTEXT('2D SPACE',''
  ) );
#4919 = PCURVE('',#3831,#4920);
#4920 = DEFINITIONAL_REPRESENTATION('',(#4921),#4925);
#4921 = LINE('',#4922,#4923);
#4922 = CARTESIAN_POINT('',(0.,0.));
#4923 = VECTOR('',#4924,1.);
#4924 = DIRECTION('',(1.,0.));
#4925 = ( GEOMETRIC_REPRESENTATION_CONTEXT(2) 
PARAMETRIC_REPRESENTATION_CONTEXT() REPRESENTATION_CONTEXT('2D SPACE',''
  ) );
#4926 = ORIENTED_EDGE('',*,*,#3792,.F.);
#4927 = ORIENTED_EDGE('',*,*,#4928,.F.);
#4928 = EDGE_CURVE('',#4929,#3765,#4931,.T.);
#4929 = VERTEX_POINT('',#4930);
#4930 = CARTESIAN_POINT('',(-1.55,-5.435,-0.4));
#4931 = SURFACE_CURVE('',#4932,(#4936,#4943),.PCURVE_S1.);
#4932 = LINE('',#4933,#4934);
#4933 = CARTESIAN_POINT('',(-1.55,-5.435,-0.4));
#4934 = VECTOR('',#4935,1.);
#4935 = DIRECTION('',(0.,0.,1.));
#4936 = PCURVE('',#3340,#4937);
#4937 = DEFINITIONAL_REPRESENTATION('',(#4938),#4942);
#4938 = LINE('',#4939,#4940);
#4939 = CARTESIAN_POINT('',(1.6,-1.515));
#4940 = VECTOR('',#4941,1.);
#4941 = DIRECTION('',(1.,0.));
#4942 = ( GEOMETRIC_REPRESENTATION_CONTEXT(2) 
PARAMETRIC_REPRESENTATION_CONTEXT() REPRESENTATION_CONTEXT('2D SPACE',''
  ) );
#4943 = PCURVE('',#3780,#4944);
#4944 = DEFINITIONAL_REPRESENTATION('',(#4945),#4949);
#4945 = LINE('',#4946,#4947);
#4946 = CARTESIAN_POINT('',(0.,0.));
#4947 = VECTOR('',#4948,1.);
#4948 = DIRECTION('',(1.,0.));
#4949 = ( GEOMETRIC_REPRESENTATION_CONTEXT(2) 
PARAMETRIC_REPRESENTATION_CONTEXT() REPRESENTATION_CONTEXT('2D SPACE',''
  ) );
#4950 = ORIENTED_EDGE('',*,*,#4951,.F.);
#4951 = EDGE_CURVE('',#4952,#4929,#4954,.T.);
#4952 = VERTEX_POINT('',#4953);
#4953 = CARTESIAN_POINT('',(-1.55,-5.835,-0.4));
#4954 = SURFACE_CURVE('',#4955,(#4959,#4966),.PCURVE_S1.);
#4955 = LINE('',#4956,#4957);
#4956 = CARTESIAN_POINT('',(-1.55,-5.835,-0.4));
#4957 = VECTOR('',#4958,1.);
#4958 = DIRECTION('',(0.,1.,0.));
#4959 = PCURVE('',#3340,#4960);
#4960 = DEFINITIONAL_REPRESENTATION('',(#4961),#4965);
#4961 = LINE('',#4962,#4963);
#4962 = CARTESIAN_POINT('',(1.6,-1.115));
#4963 = VECTOR('',#4964,1.);
#4964 = DIRECTION('',(0.,-1.));
#4965 = ( GEOMETRIC_REPRESENTATION_CONTEXT(2) 
PARAMETRIC_REPRESENTATION_CONTEXT() REPRESENTATION_CONTEXT('2D SPACE',''
  ) );
#4966 = PCURVE('',#4967,#4972);
#4967 = PLANE('',#4968);
#4968 = AXIS2_PLACEMENT_3D('',#4969,#4970,#4971);
#4969 = CARTESIAN_POINT('',(-1.55,-5.835,-0.4));
#4970 = DIRECTION('',(0.,0.,1.));
#4971 = DIRECTION('',(1.,0.,0.));
#4972 = DEFINITIONAL_REPRESENTATION('',(#4973),#4977);
#4973 = LINE('',#4974,#4975);
#4974 = CARTESIAN_POINT('',(0.,0.));
#4975 = VECTOR('',#4976,1.);
#4976 = DIRECTION('',(0.,1.));
#4977 = ( GEOMETRIC_REPRESENTATION_CONTEXT(2) 
PARAMETRIC_REPRESENTATION_CONTEXT() REPRESENTATION_CONTEXT('2D SPACE',''
  ) );
#4978 = ORIENTED_EDGE('',*,*,#4979,.T.);
#4979 = EDGE_CURVE('',#4952,#3686,#4980,.T.);
#4980 = SURFACE_CURVE('',#4981,(#4985,#4992),.PCURVE_S1.);
#4981 = LINE('',#4982,#4983);
#4982 = CARTESIAN_POINT('',(-1.55,-5.835,-0.4));
#4983 = VECTOR('',#4984,1.);
#4984 = DIRECTION('',(0.,0.,1.));
#4985 = PCURVE('',#3340,#4986);
#4986 = DEFINITIONAL_REPRESENTATION('',(#4987),#4991);
#4987 = LINE('',#4988,#4989);
#4988 = CARTESIAN_POINT('',(1.6,-1.115));
#4989 = VECTOR('',#4990,1.);
#4990 = DIRECTION('',(1.,0.));
#4991 = ( GEOMETRIC_REPRESENTATION_CONTEXT(2) 
PARAMETRIC_REPRESENTATION_CONTEXT() REPRESENTATION_CONTEXT('2D SPACE',''
  ) );
#4992 = PCURVE('',#3724,#4993);
#4993 = DEFINITIONAL_REPRESENTATION('',(#4994),#4998);
#4994 = LINE('',#4995,#4996);
#4995 = CARTESIAN_POINT('',(0.,0.));
#4996 = VECTOR('',#4997,1.);
#4997 = DIRECTION('',(1.,0.));
#4998 = ( GEOMETRIC_REPRESENTATION_CONTEXT(2) 
PARAMETRIC_REPRESENTATION_CONTEXT() REPRESENTATION_CONTEXT('2D SPACE',''
  ) );
#4999 = ORIENTED_EDGE('',*,*,#3685,.F.);
#5000 = ORIENTED_EDGE('',*,*,#5001,.F.);
#5001 = EDGE_CURVE('',#5002,#3658,#5004,.T.);
#5002 = VERTEX_POINT('',#5003);
#5003 = CARTESIAN_POINT('',(-1.55,-6.705,-0.4));
#5004 = SURFACE_CURVE('',#5005,(#5009,#5016),.PCURVE_S1.);
#5005 = LINE('',#5006,#5007);
#5006 = CARTESIAN_POINT('',(-1.55,-6.705,-0.4));
#5007 = VECTOR('',#5008,1.);
#5008 = DIRECTION('',(0.,0.,1.));
#5009 = PCURVE('',#3340,#5010);
#5010 = DEFINITIONAL_REPRESENTATION('',(#5011),#5015);
#5011 = LINE('',#5012,#5013);
#5012 = CARTESIAN_POINT('',(1.6,-0.245));
#5013 = VECTOR('',#5014,1.);
#5014 = DIRECTION('',(1.,0.));
#5015 = ( GEOMETRIC_REPRESENTATION_CONTEXT(2) 
PARAMETRIC_REPRESENTATION_CONTEXT() REPRESENTATION_CONTEXT('2D SPACE',''
  ) );
#5016 = PCURVE('',#3673,#5017);
#5017 = DEFINITIONAL_REPRESENTATION('',(#5018),#5022);
#5018 = LINE('',#5019,#5020);
#5019 = CARTESIAN_POINT('',(0.,0.));
#5020 = VECTOR('',#5021,1.);
#5021 = DIRECTION('',(1.,0.));
#5022 = ( GEOMETRIC_REPRESENTATION_CONTEXT(2) 
PARAMETRIC_REPRESENTATION_CONTEXT() REPRESENTATION_CONTEXT('2D SPACE',''
  ) );
#5023 = ORIENTED_EDGE('',*,*,#5024,.F.);
#5024 = EDGE_CURVE('',#3299,#5002,#5025,.T.);
#5025 = SURFACE_CURVE('',#5026,(#5030,#5037),.PCURVE_S1.);
#5026 = LINE('',#5027,#5028);
#5027 = CARTESIAN_POINT('',(-1.55,-7.105,-0.4));
#5028 = VECTOR('',#5029,1.);
#5029 = DIRECTION('',(0.,1.,0.));
#5030 = PCURVE('',#3340,#5031);
#5031 = DEFINITIONAL_REPRESENTATION('',(#5032),#5036);
#5032 = LINE('',#5033,#5034);
#5033 = CARTESIAN_POINT('',(1.6,0.155));
#5034 = VECTOR('',#5035,1.);
#5035 = DIRECTION('',(0.,-1.));
#5036 = ( GEOMETRIC_REPRESENTATION_CONTEXT(2) 
PARAMETRIC_REPRESENTATION_CONTEXT() REPRESENTATION_CONTEXT('2D SPACE',''
  ) );
#5037 = PCURVE('',#5038,#5043);
#5038 = PLANE('',#5039);
#5039 = AXIS2_PLACEMENT_3D('',#5040,#5041,#5042);
#5040 = CARTESIAN_POINT('',(-1.55,-7.105,-0.4));
#5041 = DIRECTION('',(0.,0.,1.));
#5042 = DIRECTION('',(1.,0.,0.));
#5043 = DEFINITIONAL_REPRESENTATION('',(#5044),#5048);
#5044 = LINE('',#5045,#5046);
#5045 = CARTESIAN_POINT('',(0.,0.));
#5046 = VECTOR('',#5047,1.);
#5047 = DIRECTION('',(0.,1.));
#5048 = ( GEOMETRIC_REPRESENTATION_CONTEXT(2) 
PARAMETRIC_REPRESENTATION_CONTEXT() REPRESENTATION_CONTEXT('2D SPACE',''
  ) );
#5049 = ADVANCED_FACE('',(#5050),#3314,.F.);
#5050 = FACE_BOUND('',#5051,.F.);
#5051 = EDGE_LOOP('',(#5052,#5053,#5076,#5097));
#5052 = ORIENTED_EDGE('',*,*,#3578,.F.);
#5053 = ORIENTED_EDGE('',*,*,#5054,.F.);
#5054 = EDGE_CURVE('',#5055,#3579,#5057,.T.);
#5055 = VERTEX_POINT('',#5056);
#5056 = CARTESIAN_POINT('',(-1.55,-7.105,-0.4));
#5057 = SURFACE_CURVE('',#5058,(#5062,#5069),.PCURVE_S1.);
#5058 = LINE('',#5059,#5060);
#5059 = CARTESIAN_POINT('',(-1.55,-7.105,-0.4));
#5060 = VECTOR('',#5061,1.);
#5061 = DIRECTION('',(0.,0.,1.));
#5062 = PCURVE('',#3314,#5063);
#5063 = DEFINITIONAL_REPRESENTATION('',(#5064),#5068);
#5064 = LINE('',#5065,#5066);
#5065 = CARTESIAN_POINT('',(0.,0.));
#5066 = VECTOR('',#5067,1.);
#5067 = DIRECTION('',(1.,0.));
#5068 = ( GEOMETRIC_REPRESENTATION_CONTEXT(2) 
PARAMETRIC_REPRESENTATION_CONTEXT() REPRESENTATION_CONTEXT('2D SPACE',''
  ) );
#5069 = PCURVE('',#3617,#5070);
#5070 = DEFINITIONAL_REPRESENTATION('',(#5071),#5075);
#5071 = LINE('',#5072,#5073);
#5072 = CARTESIAN_POINT('',(0.,0.));
#5073 = VECTOR('',#5074,1.);
#5074 = DIRECTION('',(1.,0.));
#5075 = ( GEOMETRIC_REPRESENTATION_CONTEXT(2) 
PARAMETRIC_REPRESENTATION_CONTEXT() REPRESENTATION_CONTEXT('2D SPACE',''
  ) );
#5076 = ORIENTED_EDGE('',*,*,#5077,.T.);
#5077 = EDGE_CURVE('',#5055,#3299,#5078,.T.);
#5078 = SURFACE_CURVE('',#5079,(#5083,#5090),.PCURVE_S1.);
#5079 = LINE('',#5080,#5081);
#5080 = CARTESIAN_POINT('',(-1.55,-7.105,-0.4));
#5081 = VECTOR('',#5082,1.);
#5082 = DIRECTION('',(0.,1.,0.));
#5083 = PCURVE('',#3314,#5084);
#5084 = DEFINITIONAL_REPRESENTATION('',(#5085),#5089);
#5085 = LINE('',#5086,#5087);
#5086 = CARTESIAN_POINT('',(0.,0.));
#5087 = VECTOR('',#5088,1.);
#5088 = DIRECTION('',(0.,-1.));
#5089 = ( GEOMETRIC_REPRESENTATION_CONTEXT(2) 
PARAMETRIC_REPRESENTATION_CONTEXT() REPRESENTATION_CONTEXT('2D SPACE',''
  ) );
#5090 = PCURVE('',#5038,#5091);
#5091 = DEFINITIONAL_REPRESENTATION('',(#5092),#5096);
#5092 = LINE('',#5093,#5094);
#5093 = CARTESIAN_POINT('',(0.,0.));
#5094 = VECTOR('',#5095,1.);
#5095 = DIRECTION('',(0.,1.));
#5096 = ( GEOMETRIC_REPRESENTATION_CONTEXT(2) 
PARAMETRIC_REPRESENTATION_CONTEXT() REPRESENTATION_CONTEXT('2D SPACE',''
  ) );
#5097 = ORIENTED_EDGE('',*,*,#3298,.T.);
#5098 = ADVANCED_FACE('',(#5099),#3263,.T.);
#5099 = FACE_BOUND('',#5100,.T.);
#5100 = EDGE_LOOP('',(#5101,#5102,#5123,#5124));
#5101 = ORIENTED_EDGE('',*,*,#3556,.F.);
#5102 = ORIENTED_EDGE('',*,*,#5103,.F.);
#5103 = EDGE_CURVE('',#3386,#3534,#5104,.T.);
#5104 = SURFACE_CURVE('',#5105,(#5109,#5116),.PCURVE_S1.);
#5105 = LINE('',#5106,#5107);
#5106 = CARTESIAN_POINT('',(-6.45,-7.105,-0.4));
#5107 = VECTOR('',#5108,1.);
#5108 = DIRECTION('',(0.,0.,1.));
#5109 = PCURVE('',#3263,#5110);
#5110 = DEFINITIONAL_REPRESENTATION('',(#5111),#5115);
#5111 = LINE('',#5112,#5113);
#5112 = CARTESIAN_POINT('',(0.,0.));
#5113 = VECTOR('',#5114,1.);
#5114 = DIRECTION('',(1.,0.));
#5115 = ( GEOMETRIC_REPRESENTATION_CONTEXT(2) 
PARAMETRIC_REPRESENTATION_CONTEXT() REPRESENTATION_CONTEXT('2D SPACE',''
  ) );
#5116 = PCURVE('',#3401,#5117);
#5117 = DEFINITIONAL_REPRESENTATION('',(#5118),#5122);
#5118 = LINE('',#5119,#5120);
#5119 = CARTESIAN_POINT('',(0.,0.9));
#5120 = VECTOR('',#5121,1.);
#5121 = DIRECTION('',(1.,0.));
#5122 = ( GEOMETRIC_REPRESENTATION_CONTEXT(2) 
PARAMETRIC_REPRESENTATION_CONTEXT() REPRESENTATION_CONTEXT('2D SPACE',''
  ) );
#5123 = ORIENTED_EDGE('',*,*,#3413,.T.);
#5124 = ORIENTED_EDGE('',*,*,#3247,.T.);
#5125 = ADVANCED_FACE('',(#5126),#3373,.F.);
#5126 = FACE_BOUND('',#5127,.F.);
#5127 = EDGE_LOOP('',(#5128,#5149,#5150,#5151));
#5128 = ORIENTED_EDGE('',*,*,#5129,.F.);
#5129 = EDGE_CURVE('',#3356,#3511,#5130,.T.);
#5130 = SURFACE_CURVE('',#5131,(#5135,#5142),.PCURVE_S1.);
#5131 = LINE('',#5132,#5133);
#5132 = CARTESIAN_POINT('',(-7.35,-7.105,-0.4));
#5133 = VECTOR('',#5134,1.);
#5134 = DIRECTION('',(0.,0.,1.));
#5135 = PCURVE('',#3373,#5136);
#5136 = DEFINITIONAL_REPRESENTATION('',(#5137),#5141);
#5137 = LINE('',#5138,#5139);
#5138 = CARTESIAN_POINT('',(0.,0.));
#5139 = VECTOR('',#5140,1.);
#5140 = DIRECTION('',(1.,0.));
#5141 = ( GEOMETRIC_REPRESENTATION_CONTEXT(2) 
PARAMETRIC_REPRESENTATION_CONTEXT() REPRESENTATION_CONTEXT('2D SPACE',''
  ) );
#5142 = PCURVE('',#3401,#5143);
#5143 = DEFINITIONAL_REPRESENTATION('',(#5144),#5148);
#5144 = LINE('',#5145,#5146);
#5145 = CARTESIAN_POINT('',(0.,0.));
#5146 = VECTOR('',#5147,1.);
#5147 = DIRECTION('',(1.,0.));
#5148 = ( GEOMETRIC_REPRESENTATION_CONTEXT(2) 
PARAMETRIC_REPRESENTATION_CONTEXT() REPRESENTATION_CONTEXT('2D SPACE',''
  ) );
#5149 = ORIENTED_EDGE('',*,*,#3355,.T.);
#5150 = ORIENTED_EDGE('',*,*,#3460,.T.);
#5151 = ORIENTED_EDGE('',*,*,#3510,.F.);
#5152 = ADVANCED_FACE('',(#5153),#3401,.F.);
#5153 = FACE_BOUND('',#5154,.F.);
#5154 = EDGE_LOOP('',(#5155,#5156,#5157,#5158));
#5155 = ORIENTED_EDGE('',*,*,#3385,.F.);
#5156 = ORIENTED_EDGE('',*,*,#5129,.T.);
#5157 = ORIENTED_EDGE('',*,*,#3533,.T.);
#5158 = ORIENTED_EDGE('',*,*,#5103,.F.);
#5159 = ADVANCED_FACE('',(#5160),#4275,.F.);
#5160 = FACE_BOUND('',#5161,.F.);
#5161 = EDGE_LOOP('',(#5162,#5163,#5164,#5165));
#5162 = ORIENTED_EDGE('',*,*,#4334,.F.);
#5163 = ORIENTED_EDGE('',*,*,#4360,.T.);
#5164 = ORIENTED_EDGE('',*,*,#4410,.T.);
#5165 = ORIENTED_EDGE('',*,*,#4259,.F.);
#5166 = ADVANCED_FACE('',(#5167),#4202,.F.);
#5167 = FACE_BOUND('',#5168,.F.);
#5168 = EDGE_LOOP('',(#5169,#5170,#5171,#5172));
#5169 = ORIENTED_EDGE('',*,*,#4459,.F.);
#5170 = ORIENTED_EDGE('',*,*,#4485,.T.);
#5171 = ORIENTED_EDGE('',*,*,#4535,.T.);
#5172 = ORIENTED_EDGE('',*,*,#4186,.F.);
#5173 = ADVANCED_FACE('',(#5174),#4129,.F.);
#5174 = FACE_BOUND('',#5175,.F.);
#5175 = EDGE_LOOP('',(#5176,#5177,#5178,#5199));
#5176 = ORIENTED_EDGE('',*,*,#4584,.F.);
#5177 = ORIENTED_EDGE('',*,*,#4610,.T.);
#5178 = ORIENTED_EDGE('',*,*,#5179,.T.);
#5179 = EDGE_CURVE('',#4611,#4086,#5180,.T.);
#5180 = SURFACE_CURVE('',#5181,(#5185,#5192),.PCURVE_S1.);
#5181 = LINE('',#5182,#5183);
#5182 = CARTESIAN_POINT('',(-7.35,-2.895,-0.4));
#5183 = VECTOR('',#5184,1.);
#5184 = DIRECTION('',(0.,0.,1.));
#5185 = PCURVE('',#4129,#5186);
#5186 = DEFINITIONAL_REPRESENTATION('',(#5187),#5191);
#5187 = LINE('',#5188,#5189);
#5188 = CARTESIAN_POINT('',(0.,-0.4));
#5189 = VECTOR('',#5190,1.);
#5190 = DIRECTION('',(1.,0.));
#5191 = ( GEOMETRIC_REPRESENTATION_CONTEXT(2) 
PARAMETRIC_REPRESENTATION_CONTEXT() REPRESENTATION_CONTEXT('2D SPACE',''
  ) );
#5192 = PCURVE('',#4101,#5193);
#5193 = DEFINITIONAL_REPRESENTATION('',(#5194),#5198);
#5194 = LINE('',#5195,#5196);
#5195 = CARTESIAN_POINT('',(0.,0.));
#5196 = VECTOR('',#5197,1.);
#5197 = DIRECTION('',(1.,0.));
#5198 = ( GEOMETRIC_REPRESENTATION_CONTEXT(2) 
PARAMETRIC_REPRESENTATION_CONTEXT() REPRESENTATION_CONTEXT('2D SPACE',''
  ) );
#5199 = ORIENTED_EDGE('',*,*,#4113,.F.);
#5200 = ADVANCED_FACE('',(#5201),#4101,.T.);
#5201 = FACE_BOUND('',#5202,.T.);
#5202 = EDGE_LOOP('',(#5203,#5204,#5205,#5206));
#5203 = ORIENTED_EDGE('',*,*,#4658,.F.);
#5204 = ORIENTED_EDGE('',*,*,#5179,.T.);
#5205 = ORIENTED_EDGE('',*,*,#4085,.T.);
#5206 = ORIENTED_EDGE('',*,*,#5207,.F.);
#5207 = EDGE_CURVE('',#4636,#4058,#5208,.T.);
#5208 = SURFACE_CURVE('',#5209,(#5213,#5220),.PCURVE_S1.);
#5209 = LINE('',#5210,#5211);
#5210 = CARTESIAN_POINT('',(-6.45,-2.895,-0.4));
#5211 = VECTOR('',#5212,1.);
#5212 = DIRECTION('',(0.,0.,1.));
#5213 = PCURVE('',#4101,#5214);
#5214 = DEFINITIONAL_REPRESENTATION('',(#5215),#5219);
#5215 = LINE('',#5216,#5217);
#5216 = CARTESIAN_POINT('',(0.,0.9));
#5217 = VECTOR('',#5218,1.);
#5218 = DIRECTION('',(1.,0.));
#5219 = ( GEOMETRIC_REPRESENTATION_CONTEXT(2) 
PARAMETRIC_REPRESENTATION_CONTEXT() REPRESENTATION_CONTEXT('2D SPACE',''
  ) );
#5220 = PCURVE('',#4073,#5221);
#5221 = DEFINITIONAL_REPRESENTATION('',(#5222),#5226);
#5222 = LINE('',#5223,#5224);
#5223 = CARTESIAN_POINT('',(0.,-0.4));
#5224 = VECTOR('',#5225,1.);
#5225 = DIRECTION('',(1.,0.));
#5226 = ( GEOMETRIC_REPRESENTATION_CONTEXT(2) 
PARAMETRIC_REPRESENTATION_CONTEXT() REPRESENTATION_CONTEXT('2D SPACE',''
  ) );
#5227 = ADVANCED_FACE('',(#5228),#4073,.T.);
#5228 = FACE_BOUND('',#5229,.T.);
#5229 = EDGE_LOOP('',(#5230,#5231,#5232,#5233));
#5230 = ORIENTED_EDGE('',*,*,#4057,.F.);
#5231 = ORIENTED_EDGE('',*,*,#4706,.F.);
#5232 = ORIENTED_EDGE('',*,*,#4635,.T.);
#5233 = ORIENTED_EDGE('',*,*,#5207,.T.);
#5234 = ADVANCED_FACE('',(#5235),#4022,.F.);
#5235 = FACE_BOUND('',#5236,.F.);
#5236 = EDGE_LOOP('',(#5237,#5238,#5239,#5262));
#5237 = ORIENTED_EDGE('',*,*,#4006,.F.);
#5238 = ORIENTED_EDGE('',*,*,#4728,.F.);
#5239 = ORIENTED_EDGE('',*,*,#5240,.T.);
#5240 = EDGE_CURVE('',#4729,#5241,#5243,.T.);
#5241 = VERTEX_POINT('',#5242);
#5242 = CARTESIAN_POINT('',(-1.55,-2.895,-0.4));
#5243 = SURFACE_CURVE('',#5244,(#5248,#5255),.PCURVE_S1.);
#5244 = LINE('',#5245,#5246);
#5245 = CARTESIAN_POINT('',(-1.55,-3.295,-0.4));
#5246 = VECTOR('',#5247,1.);
#5247 = DIRECTION('',(0.,1.,0.));
#5248 = PCURVE('',#4022,#5249);
#5249 = DEFINITIONAL_REPRESENTATION('',(#5250),#5254);
#5250 = LINE('',#5251,#5252);
#5251 = CARTESIAN_POINT('',(0.,0.));
#5252 = VECTOR('',#5253,1.);
#5253 = DIRECTION('',(0.,-1.));
#5254 = ( GEOMETRIC_REPRESENTATION_CONTEXT(2) 
PARAMETRIC_REPRESENTATION_CONTEXT() REPRESENTATION_CONTEXT('2D SPACE',''
  ) );
#5255 = PCURVE('',#4821,#5256);
#5256 = DEFINITIONAL_REPRESENTATION('',(#5257),#5261);
#5257 = LINE('',#5258,#5259);
#5258 = CARTESIAN_POINT('',(0.,0.));
#5259 = VECTOR('',#5260,1.);
#5260 = DIRECTION('',(0.,1.));
#5261 = ( GEOMETRIC_REPRESENTATION_CONTEXT(2) 
PARAMETRIC_REPRESENTATION_CONTEXT() REPRESENTATION_CONTEXT('2D SPACE',''
  ) );
#5262 = ORIENTED_EDGE('',*,*,#5263,.T.);
#5263 = EDGE_CURVE('',#5241,#3979,#5264,.T.);
#5264 = SURFACE_CURVE('',#5265,(#5269,#5276),.PCURVE_S1.);
#5265 = LINE('',#5266,#5267);
#5266 = CARTESIAN_POINT('',(-1.55,-2.895,-0.4));
#5267 = VECTOR('',#5268,1.);
#5268 = DIRECTION('',(0.,0.,1.));
#5269 = PCURVE('',#4022,#5270);
#5270 = DEFINITIONAL_REPRESENTATION('',(#5271),#5275);
#5271 = LINE('',#5272,#5273);
#5272 = CARTESIAN_POINT('',(0.,-0.4));
#5273 = VECTOR('',#5274,1.);
#5274 = DIRECTION('',(1.,0.));
#5275 = ( GEOMETRIC_REPRESENTATION_CONTEXT(2) 
PARAMETRIC_REPRESENTATION_CONTEXT() REPRESENTATION_CONTEXT('2D SPACE',''
  ) );
#5276 = PCURVE('',#3994,#5277);
#5277 = DEFINITIONAL_REPRESENTATION('',(#5278),#5282);
#5278 = LINE('',#5279,#5280);
#5279 = CARTESIAN_POINT('',(0.,0.));
#5280 = VECTOR('',#5281,1.);
#5281 = DIRECTION('',(1.,0.));
#5282 = ( GEOMETRIC_REPRESENTATION_CONTEXT(2) 
PARAMETRIC_REPRESENTATION_CONTEXT() REPRESENTATION_CONTEXT('2D SPACE',''
  ) );
#5283 = ADVANCED_FACE('',(#5284),#5038,.F.);
#5284 = FACE_BOUND('',#5285,.F.);
#5285 = EDGE_LOOP('',(#5286,#5287,#5310,#5333,#5354));
#5286 = ORIENTED_EDGE('',*,*,#5077,.F.);
#5287 = ORIENTED_EDGE('',*,*,#5288,.T.);
#5288 = EDGE_CURVE('',#5055,#5289,#5291,.T.);
#5289 = VERTEX_POINT('',#5290);
#5290 = CARTESIAN_POINT('',(-0.65,-7.105,-0.4));
#5291 = SURFACE_CURVE('',#5292,(#5296,#5303),.PCURVE_S1.);
#5292 = LINE('',#5293,#5294);
#5293 = CARTESIAN_POINT('',(-1.55,-7.105,-0.4));
#5294 = VECTOR('',#5295,1.);
#5295 = DIRECTION('',(1.,0.,0.));
#5296 = PCURVE('',#5038,#5297);
#5297 = DEFINITIONAL_REPRESENTATION('',(#5298),#5302);
#5298 = LINE('',#5299,#5300);
#5299 = CARTESIAN_POINT('',(0.,0.));
#5300 = VECTOR('',#5301,1.);
#5301 = DIRECTION('',(1.,0.));
#5302 = ( GEOMETRIC_REPRESENTATION_CONTEXT(2) 
PARAMETRIC_REPRESENTATION_CONTEXT() REPRESENTATION_CONTEXT('2D SPACE',''
  ) );
#5303 = PCURVE('',#3617,#5304);
#5304 = DEFINITIONAL_REPRESENTATION('',(#5305),#5309);
#5305 = LINE('',#5306,#5307);
#5306 = CARTESIAN_POINT('',(0.,0.));
#5307 = VECTOR('',#5308,1.);
#5308 = DIRECTION('',(0.,1.));
#5309 = ( GEOMETRIC_REPRESENTATION_CONTEXT(2) 
PARAMETRIC_REPRESENTATION_CONTEXT() REPRESENTATION_CONTEXT('2D SPACE',''
  ) );
#5310 = ORIENTED_EDGE('',*,*,#5311,.T.);
#5311 = EDGE_CURVE('',#5289,#5312,#5314,.T.);
#5312 = VERTEX_POINT('',#5313);
#5313 = CARTESIAN_POINT('',(-0.65,-6.705,-0.4));
#5314 = SURFACE_CURVE('',#5315,(#5319,#5326),.PCURVE_S1.);
#5315 = LINE('',#5316,#5317);
#5316 = CARTESIAN_POINT('',(-0.65,-7.105,-0.4));
#5317 = VECTOR('',#5318,1.);
#5318 = DIRECTION('',(0.,1.,0.));
#5319 = PCURVE('',#5038,#5320);
#5320 = DEFINITIONAL_REPRESENTATION('',(#5321),#5325);
#5321 = LINE('',#5322,#5323);
#5322 = CARTESIAN_POINT('',(0.9,0.));
#5323 = VECTOR('',#5324,1.);
#5324 = DIRECTION('',(0.,1.));
#5325 = ( GEOMETRIC_REPRESENTATION_CONTEXT(2) 
PARAMETRIC_REPRESENTATION_CONTEXT() REPRESENTATION_CONTEXT('2D SPACE',''
  ) );
#5326 = PCURVE('',#3645,#5327);
#5327 = DEFINITIONAL_REPRESENTATION('',(#5328),#5332);
#5328 = LINE('',#5329,#5330);
#5329 = CARTESIAN_POINT('',(0.,0.));
#5330 = VECTOR('',#5331,1.);
#5331 = DIRECTION('',(0.,-1.));
#5332 = ( GEOMETRIC_REPRESENTATION_CONTEXT(2) 
PARAMETRIC_REPRESENTATION_CONTEXT() REPRESENTATION_CONTEXT('2D SPACE',''
  ) );
#5333 = ORIENTED_EDGE('',*,*,#5334,.F.);
#5334 = EDGE_CURVE('',#5002,#5312,#5335,.T.);
#5335 = SURFACE_CURVE('',#5336,(#5340,#5347),.PCURVE_S1.);
#5336 = LINE('',#5337,#5338);
#5337 = CARTESIAN_POINT('',(-1.55,-6.705,-0.4));
#5338 = VECTOR('',#5339,1.);
#5339 = DIRECTION('',(1.,0.,0.));
#5340 = PCURVE('',#5038,#5341);
#5341 = DEFINITIONAL_REPRESENTATION('',(#5342),#5346);
#5342 = LINE('',#5343,#5344);
#5343 = CARTESIAN_POINT('',(0.,0.4));
#5344 = VECTOR('',#5345,1.);
#5345 = DIRECTION('',(1.,0.));
#5346 = ( GEOMETRIC_REPRESENTATION_CONTEXT(2) 
PARAMETRIC_REPRESENTATION_CONTEXT() REPRESENTATION_CONTEXT('2D SPACE',''
  ) );
#5347 = PCURVE('',#3673,#5348);
#5348 = DEFINITIONAL_REPRESENTATION('',(#5349),#5353);
#5349 = LINE('',#5350,#5351);
#5350 = CARTESIAN_POINT('',(0.,0.));
#5351 = VECTOR('',#5352,1.);
#5352 = DIRECTION('',(0.,1.));
#5353 = ( GEOMETRIC_REPRESENTATION_CONTEXT(2) 
PARAMETRIC_REPRESENTATION_CONTEXT() REPRESENTATION_CONTEXT('2D SPACE',''
  ) );
#5354 = ORIENTED_EDGE('',*,*,#5024,.F.);
#5355 = ADVANCED_FACE('',(#5356),#3673,.T.);
#5356 = FACE_BOUND('',#5357,.T.);
#5357 = EDGE_LOOP('',(#5358,#5359,#5360,#5361));
#5358 = ORIENTED_EDGE('',*,*,#5334,.F.);
#5359 = ORIENTED_EDGE('',*,*,#5001,.T.);
#5360 = ORIENTED_EDGE('',*,*,#3657,.T.);
#5361 = ORIENTED_EDGE('',*,*,#5362,.F.);
#5362 = EDGE_CURVE('',#5312,#3630,#5363,.T.);
#5363 = SURFACE_CURVE('',#5364,(#5368,#5375),.PCURVE_S1.);
#5364 = LINE('',#5365,#5366);
#5365 = CARTESIAN_POINT('',(-0.65,-6.705,-0.4));
#5366 = VECTOR('',#5367,1.);
#5367 = DIRECTION('',(0.,0.,1.));
#5368 = PCURVE('',#3673,#5369);
#5369 = DEFINITIONAL_REPRESENTATION('',(#5370),#5374);
#5370 = LINE('',#5371,#5372);
#5371 = CARTESIAN_POINT('',(0.,0.9));
#5372 = VECTOR('',#5373,1.);
#5373 = DIRECTION('',(1.,0.));
#5374 = ( GEOMETRIC_REPRESENTATION_CONTEXT(2) 
PARAMETRIC_REPRESENTATION_CONTEXT() REPRESENTATION_CONTEXT('2D SPACE',''
  ) );
#5375 = PCURVE('',#3645,#5376);
#5376 = DEFINITIONAL_REPRESENTATION('',(#5377),#5381);
#5377 = LINE('',#5378,#5379);
#5378 = CARTESIAN_POINT('',(0.,-0.4));
#5379 = VECTOR('',#5380,1.);
#5380 = DIRECTION('',(1.,0.));
#5381 = ( GEOMETRIC_REPRESENTATION_CONTEXT(2) 
PARAMETRIC_REPRESENTATION_CONTEXT() REPRESENTATION_CONTEXT('2D SPACE',''
  ) );
#5382 = ADVANCED_FACE('',(#5383),#3724,.F.);
#5383 = FACE_BOUND('',#5384,.F.);
#5384 = EDGE_LOOP('',(#5385,#5408,#5409,#5410));
#5385 = ORIENTED_EDGE('',*,*,#5386,.F.);
#5386 = EDGE_CURVE('',#4952,#5387,#5389,.T.);
#5387 = VERTEX_POINT('',#5388);
#5388 = CARTESIAN_POINT('',(-0.65,-5.835,-0.4));
#5389 = SURFACE_CURVE('',#5390,(#5394,#5401),.PCURVE_S1.);
#5390 = LINE('',#5391,#5392);
#5391 = CARTESIAN_POINT('',(-1.55,-5.835,-0.4));
#5392 = VECTOR('',#5393,1.);
#5393 = DIRECTION('',(1.,0.,0.));
#5394 = PCURVE('',#3724,#5395);
#5395 = DEFINITIONAL_REPRESENTATION('',(#5396),#5400);
#5396 = LINE('',#5397,#5398);
#5397 = CARTESIAN_POINT('',(0.,0.));
#5398 = VECTOR('',#5399,1.);
#5399 = DIRECTION('',(0.,1.));
#5400 = ( GEOMETRIC_REPRESENTATION_CONTEXT(2) 
PARAMETRIC_REPRESENTATION_CONTEXT() REPRESENTATION_CONTEXT('2D SPACE',''
  ) );
#5401 = PCURVE('',#4967,#5402);
#5402 = DEFINITIONAL_REPRESENTATION('',(#5403),#5407);
#5403 = LINE('',#5404,#5405);
#5404 = CARTESIAN_POINT('',(0.,0.));
#5405 = VECTOR('',#5406,1.);
#5406 = DIRECTION('',(1.,0.));
#5407 = ( GEOMETRIC_REPRESENTATION_CONTEXT(2) 
PARAMETRIC_REPRESENTATION_CONTEXT() REPRESENTATION_CONTEXT('2D SPACE',''
  ) );
#5408 = ORIENTED_EDGE('',*,*,#4979,.T.);
#5409 = ORIENTED_EDGE('',*,*,#3708,.T.);
#5410 = ORIENTED_EDGE('',*,*,#5411,.F.);
#5411 = EDGE_CURVE('',#5387,#3709,#5412,.T.);
#5412 = SURFACE_CURVE('',#5413,(#5417,#5424),.PCURVE_S1.);
#5413 = LINE('',#5414,#5415);
#5414 = CARTESIAN_POINT('',(-0.65,-5.835,-0.4));
#5415 = VECTOR('',#5416,1.);
#5416 = DIRECTION('',(0.,0.,1.));
#5417 = PCURVE('',#3724,#5418);
#5418 = DEFINITIONAL_REPRESENTATION('',(#5419),#5423);
#5419 = LINE('',#5420,#5421);
#5420 = CARTESIAN_POINT('',(0.,0.9));
#5421 = VECTOR('',#5422,1.);
#5422 = DIRECTION('',(1.,0.));
#5423 = ( GEOMETRIC_REPRESENTATION_CONTEXT(2) 
PARAMETRIC_REPRESENTATION_CONTEXT() REPRESENTATION_CONTEXT('2D SPACE',''
  ) );
#5424 = PCURVE('',#3752,#5425);
#5425 = DEFINITIONAL_REPRESENTATION('',(#5426),#5430);
#5426 = LINE('',#5427,#5428);
#5427 = CARTESIAN_POINT('',(0.,0.));
#5428 = VECTOR('',#5429,1.);
#5429 = DIRECTION('',(1.,0.));
#5430 = ( GEOMETRIC_REPRESENTATION_CONTEXT(2) 
PARAMETRIC_REPRESENTATION_CONTEXT() REPRESENTATION_CONTEXT('2D SPACE',''
  ) );
#5431 = ADVANCED_FACE('',(#5432),#4967,.F.);
#5432 = FACE_BOUND('',#5433,.F.);
#5433 = EDGE_LOOP('',(#5434,#5435,#5436,#5459));
#5434 = ORIENTED_EDGE('',*,*,#4951,.F.);
#5435 = ORIENTED_EDGE('',*,*,#5386,.T.);
#5436 = ORIENTED_EDGE('',*,*,#5437,.T.);
#5437 = EDGE_CURVE('',#5387,#5438,#5440,.T.);
#5438 = VERTEX_POINT('',#5439);
#5439 = CARTESIAN_POINT('',(-0.65,-5.435,-0.4));
#5440 = SURFACE_CURVE('',#5441,(#5445,#5452),.PCURVE_S1.);
#5441 = LINE('',#5442,#5443);
#5442 = CARTESIAN_POINT('',(-0.65,-5.835,-0.4));
#5443 = VECTOR('',#5444,1.);
#5444 = DIRECTION('',(0.,1.,0.));
#5445 = PCURVE('',#4967,#5446);
#5446 = DEFINITIONAL_REPRESENTATION('',(#5447),#5451);
#5447 = LINE('',#5448,#5449);
#5448 = CARTESIAN_POINT('',(0.9,0.));
#5449 = VECTOR('',#5450,1.);
#5450 = DIRECTION('',(0.,1.));
#5451 = ( GEOMETRIC_REPRESENTATION_CONTEXT(2) 
PARAMETRIC_REPRESENTATION_CONTEXT() REPRESENTATION_CONTEXT('2D SPACE',''
  ) );
#5452 = PCURVE('',#3752,#5453);
#5453 = DEFINITIONAL_REPRESENTATION('',(#5454),#5458);
#5454 = LINE('',#5455,#5456);
#5455 = CARTESIAN_POINT('',(0.,0.));
#5456 = VECTOR('',#5457,1.);
#5457 = DIRECTION('',(0.,-1.));
#5458 = ( GEOMETRIC_REPRESENTATION_CONTEXT(2) 
PARAMETRIC_REPRESENTATION_CONTEXT() REPRESENTATION_CONTEXT('2D SPACE',''
  ) );
#5459 = ORIENTED_EDGE('',*,*,#5460,.F.);
#5460 = EDGE_CURVE('',#4929,#5438,#5461,.T.);
#5461 = SURFACE_CURVE('',#5462,(#5466,#5473),.PCURVE_S1.);
#5462 = LINE('',#5463,#5464);
#5463 = CARTESIAN_POINT('',(-1.55,-5.435,-0.4));
#5464 = VECTOR('',#5465,1.);
#5465 = DIRECTION('',(1.,0.,0.));
#5466 = PCURVE('',#4967,#5467);
#5467 = DEFINITIONAL_REPRESENTATION('',(#5468),#5472);
#5468 = LINE('',#5469,#5470);
#5469 = CARTESIAN_POINT('',(0.,0.4));
#5470 = VECTOR('',#5471,1.);
#5471 = DIRECTION('',(1.,0.));
#5472 = ( GEOMETRIC_REPRESENTATION_CONTEXT(2) 
PARAMETRIC_REPRESENTATION_CONTEXT() REPRESENTATION_CONTEXT('2D SPACE',''
  ) );
#5473 = PCURVE('',#3780,#5474);
#5474 = DEFINITIONAL_REPRESENTATION('',(#5475),#5479);
#5475 = LINE('',#5476,#5477);
#5476 = CARTESIAN_POINT('',(0.,0.));
#5477 = VECTOR('',#5478,1.);
#5478 = DIRECTION('',(0.,1.));
#5479 = ( GEOMETRIC_REPRESENTATION_CONTEXT(2) 
PARAMETRIC_REPRESENTATION_CONTEXT() REPRESENTATION_CONTEXT('2D SPACE',''
  ) );
#5480 = ADVANCED_FACE('',(#5481),#3780,.T.);
#5481 = FACE_BOUND('',#5482,.T.);
#5482 = EDGE_LOOP('',(#5483,#5484,#5485,#5486));
#5483 = ORIENTED_EDGE('',*,*,#5460,.F.);
#5484 = ORIENTED_EDGE('',*,*,#4928,.T.);
#5485 = ORIENTED_EDGE('',*,*,#3764,.T.);
#5486 = ORIENTED_EDGE('',*,*,#5487,.F.);
#5487 = EDGE_CURVE('',#5438,#3737,#5488,.T.);
#5488 = SURFACE_CURVE('',#5489,(#5493,#5500),.PCURVE_S1.);
#5489 = LINE('',#5490,#5491);
#5490 = CARTESIAN_POINT('',(-0.65,-5.435,-0.4));
#5491 = VECTOR('',#5492,1.);
#5492 = DIRECTION('',(0.,0.,1.));
#5493 = PCURVE('',#3780,#5494);
#5494 = DEFINITIONAL_REPRESENTATION('',(#5495),#5499);
#5495 = LINE('',#5496,#5497);
#5496 = CARTESIAN_POINT('',(0.,0.9));
#5497 = VECTOR('',#5498,1.);
#5498 = DIRECTION('',(1.,0.));
#5499 = ( GEOMETRIC_REPRESENTATION_CONTEXT(2) 
PARAMETRIC_REPRESENTATION_CONTEXT() REPRESENTATION_CONTEXT('2D SPACE',''
  ) );
#5500 = PCURVE('',#3752,#5501);
#5501 = DEFINITIONAL_REPRESENTATION('',(#5502),#5506);
#5502 = LINE('',#5503,#5504);
#5503 = CARTESIAN_POINT('',(0.,-0.4));
#5504 = VECTOR('',#5505,1.);
#5505 = DIRECTION('',(1.,0.));
#5506 = ( GEOMETRIC_REPRESENTATION_CONTEXT(2) 
PARAMETRIC_REPRESENTATION_CONTEXT() REPRESENTATION_CONTEXT('2D SPACE',''
  ) );
#5507 = ADVANCED_FACE('',(#5508),#3831,.F.);
#5508 = FACE_BOUND('',#5509,.F.);
#5509 = EDGE_LOOP('',(#5510,#5533,#5534,#5535));
#5510 = ORIENTED_EDGE('',*,*,#5511,.F.);
#5511 = EDGE_CURVE('',#4879,#5512,#5514,.T.);
#5512 = VERTEX_POINT('',#5513);
#5513 = CARTESIAN_POINT('',(-0.65,-4.565,-0.4));
#5514 = SURFACE_CURVE('',#5515,(#5519,#5526),.PCURVE_S1.);
#5515 = LINE('',#5516,#5517);
#5516 = CARTESIAN_POINT('',(-1.55,-4.565,-0.4));
#5517 = VECTOR('',#5518,1.);
#5518 = DIRECTION('',(1.,0.,0.));
#5519 = PCURVE('',#3831,#5520);
#5520 = DEFINITIONAL_REPRESENTATION('',(#5521),#5525);
#5521 = LINE('',#5522,#5523);
#5522 = CARTESIAN_POINT('',(0.,0.));
#5523 = VECTOR('',#5524,1.);
#5524 = DIRECTION('',(0.,1.));
#5525 = ( GEOMETRIC_REPRESENTATION_CONTEXT(2) 
PARAMETRIC_REPRESENTATION_CONTEXT() REPRESENTATION_CONTEXT('2D SPACE',''
  ) );
#5526 = PCURVE('',#4894,#5527);
#5527 = DEFINITIONAL_REPRESENTATION('',(#5528),#5532);
#5528 = LINE('',#5529,#5530);
#5529 = CARTESIAN_POINT('',(0.,0.));
#5530 = VECTOR('',#5531,1.);
#5531 = DIRECTION('',(1.,0.));
#5532 = ( GEOMETRIC_REPRESENTATION_CONTEXT(2) 
PARAMETRIC_REPRESENTATION_CONTEXT() REPRESENTATION_CONTEXT('2D SPACE',''
  ) );
#5533 = ORIENTED_EDGE('',*,*,#4906,.T.);
#5534 = ORIENTED_EDGE('',*,*,#3815,.T.);
#5535 = ORIENTED_EDGE('',*,*,#5536,.F.);
#5536 = EDGE_CURVE('',#5512,#3816,#5537,.T.);
#5537 = SURFACE_CURVE('',#5538,(#5542,#5549),.PCURVE_S1.);
#5538 = LINE('',#5539,#5540);
#5539 = CARTESIAN_POINT('',(-0.65,-4.565,-0.4));
#5540 = VECTOR('',#5541,1.);
#5541 = DIRECTION('',(0.,0.,1.));
#5542 = PCURVE('',#3831,#5543);
#5543 = DEFINITIONAL_REPRESENTATION('',(#5544),#5548);
#5544 = LINE('',#5545,#5546);
#5545 = CARTESIAN_POINT('',(0.,0.9));
#5546 = VECTOR('',#5547,1.);
#5547 = DIRECTION('',(1.,0.));
#5548 = ( GEOMETRIC_REPRESENTATION_CONTEXT(2) 
PARAMETRIC_REPRESENTATION_CONTEXT() REPRESENTATION_CONTEXT('2D SPACE',''
  ) );
#5549 = PCURVE('',#3859,#5550);
#5550 = DEFINITIONAL_REPRESENTATION('',(#5551),#5555);
#5551 = LINE('',#5552,#5553);
#5552 = CARTESIAN_POINT('',(0.,0.));
#5553 = VECTOR('',#5554,1.);
#5554 = DIRECTION('',(1.,0.));
#5555 = ( GEOMETRIC_REPRESENTATION_CONTEXT(2) 
PARAMETRIC_REPRESENTATION_CONTEXT() REPRESENTATION_CONTEXT('2D SPACE',''
  ) );
#5556 = ADVANCED_FACE('',(#5557),#4894,.F.);
#5557 = FACE_BOUND('',#5558,.F.);
#5558 = EDGE_LOOP('',(#5559,#5560,#5561,#5584));
#5559 = ORIENTED_EDGE('',*,*,#4878,.F.);
#5560 = ORIENTED_EDGE('',*,*,#5511,.T.);
#5561 = ORIENTED_EDGE('',*,*,#5562,.T.);
#5562 = EDGE_CURVE('',#5512,#5563,#5565,.T.);
#5563 = VERTEX_POINT('',#5564);
#5564 = CARTESIAN_POINT('',(-0.65,-4.165,-0.4));
#5565 = SURFACE_CURVE('',#5566,(#5570,#5577),.PCURVE_S1.);
#5566 = LINE('',#5567,#5568);
#5567 = CARTESIAN_POINT('',(-0.65,-4.565,-0.4));
#5568 = VECTOR('',#5569,1.);
#5569 = DIRECTION('',(0.,1.,0.));
#5570 = PCURVE('',#4894,#5571);
#5571 = DEFINITIONAL_REPRESENTATION('',(#5572),#5576);
#5572 = LINE('',#5573,#5574);
#5573 = CARTESIAN_POINT('',(0.9,0.));
#5574 = VECTOR('',#5575,1.);
#5575 = DIRECTION('',(0.,1.));
#5576 = ( GEOMETRIC_REPRESENTATION_CONTEXT(2) 
PARAMETRIC_REPRESENTATION_CONTEXT() REPRESENTATION_CONTEXT('2D SPACE',''
  ) );
#5577 = PCURVE('',#3859,#5578);
#5578 = DEFINITIONAL_REPRESENTATION('',(#5579),#5583);
#5579 = LINE('',#5580,#5581);
#5580 = CARTESIAN_POINT('',(0.,0.));
#5581 = VECTOR('',#5582,1.);
#5582 = DIRECTION('',(0.,-1.));
#5583 = ( GEOMETRIC_REPRESENTATION_CONTEXT(2) 
PARAMETRIC_REPRESENTATION_CONTEXT() REPRESENTATION_CONTEXT('2D SPACE',''
  ) );
#5584 = ORIENTED_EDGE('',*,*,#5585,.F.);
#5585 = EDGE_CURVE('',#4856,#5563,#5586,.T.);
#5586 = SURFACE_CURVE('',#5587,(#5591,#5598),.PCURVE_S1.);
#5587 = LINE('',#5588,#5589);
#5588 = CARTESIAN_POINT('',(-1.55,-4.165,-0.4));
#5589 = VECTOR('',#5590,1.);
#5590 = DIRECTION('',(1.,0.,0.));
#5591 = PCURVE('',#4894,#5592);
#5592 = DEFINITIONAL_REPRESENTATION('',(#5593),#5597);
#5593 = LINE('',#5594,#5595);
#5594 = CARTESIAN_POINT('',(0.,0.4));
#5595 = VECTOR('',#5596,1.);
#5596 = DIRECTION('',(1.,0.));
#5597 = ( GEOMETRIC_REPRESENTATION_CONTEXT(2) 
PARAMETRIC_REPRESENTATION_CONTEXT() REPRESENTATION_CONTEXT('2D SPACE',''
  ) );
#5598 = PCURVE('',#3887,#5599);
#5599 = DEFINITIONAL_REPRESENTATION('',(#5600),#5604);
#5600 = LINE('',#5601,#5602);
#5601 = CARTESIAN_POINT('',(0.,0.));
#5602 = VECTOR('',#5603,1.);
#5603 = DIRECTION('',(0.,1.));
#5604 = ( GEOMETRIC_REPRESENTATION_CONTEXT(2) 
PARAMETRIC_REPRESENTATION_CONTEXT() REPRESENTATION_CONTEXT('2D SPACE',''
  ) );
#5605 = ADVANCED_FACE('',(#5606),#3887,.T.);
#5606 = FACE_BOUND('',#5607,.T.);
#5607 = EDGE_LOOP('',(#5608,#5609,#5610,#5611));
#5608 = ORIENTED_EDGE('',*,*,#5585,.F.);
#5609 = ORIENTED_EDGE('',*,*,#4855,.T.);
#5610 = ORIENTED_EDGE('',*,*,#3871,.T.);
#5611 = ORIENTED_EDGE('',*,*,#5612,.F.);
#5612 = EDGE_CURVE('',#5563,#3844,#5613,.T.);
#5613 = SURFACE_CURVE('',#5614,(#5618,#5625),.PCURVE_S1.);
#5614 = LINE('',#5615,#5616);
#5615 = CARTESIAN_POINT('',(-0.65,-4.165,-0.4));
#5616 = VECTOR('',#5617,1.);
#5617 = DIRECTION('',(0.,0.,1.));
#5618 = PCURVE('',#3887,#5619);
#5619 = DEFINITIONAL_REPRESENTATION('',(#5620),#5624);
#5620 = LINE('',#5621,#5622);
#5621 = CARTESIAN_POINT('',(0.,0.9));
#5622 = VECTOR('',#5623,1.);
#5623 = DIRECTION('',(1.,0.));
#5624 = ( GEOMETRIC_REPRESENTATION_CONTEXT(2) 
PARAMETRIC_REPRESENTATION_CONTEXT() REPRESENTATION_CONTEXT('2D SPACE',''
  ) );
#5625 = PCURVE('',#3859,#5626);
#5626 = DEFINITIONAL_REPRESENTATION('',(#5627),#5631);
#5627 = LINE('',#5628,#5629);
#5628 = CARTESIAN_POINT('',(0.,-0.4));
#5629 = VECTOR('',#5630,1.);
#5630 = DIRECTION('',(1.,0.));
#5631 = ( GEOMETRIC_REPRESENTATION_CONTEXT(2) 
PARAMETRIC_REPRESENTATION_CONTEXT() REPRESENTATION_CONTEXT('2D SPACE',''
  ) );
#5632 = ADVANCED_FACE('',(#5633),#3938,.F.);
#5633 = FACE_BOUND('',#5634,.F.);
#5634 = EDGE_LOOP('',(#5635,#5658,#5659,#5660));
#5635 = ORIENTED_EDGE('',*,*,#5636,.F.);
#5636 = EDGE_CURVE('',#4806,#5637,#5639,.T.);
#5637 = VERTEX_POINT('',#5638);
#5638 = CARTESIAN_POINT('',(-0.65,-3.295,-0.4));
#5639 = SURFACE_CURVE('',#5640,(#5644,#5651),.PCURVE_S1.);
#5640 = LINE('',#5641,#5642);
#5641 = CARTESIAN_POINT('',(-1.55,-3.295,-0.4));
#5642 = VECTOR('',#5643,1.);
#5643 = DIRECTION('',(1.,0.,0.));
#5644 = PCURVE('',#3938,#5645);
#5645 = DEFINITIONAL_REPRESENTATION('',(#5646),#5650);
#5646 = LINE('',#5647,#5648);
#5647 = CARTESIAN_POINT('',(0.,0.));
#5648 = VECTOR('',#5649,1.);
#5649 = DIRECTION('',(0.,1.));
#5650 = ( GEOMETRIC_REPRESENTATION_CONTEXT(2) 
PARAMETRIC_REPRESENTATION_CONTEXT() REPRESENTATION_CONTEXT('2D SPACE',''
  ) );
#5651 = PCURVE('',#4821,#5652);
#5652 = DEFINITIONAL_REPRESENTATION('',(#5653),#5657);
#5653 = LINE('',#5654,#5655);
#5654 = CARTESIAN_POINT('',(0.,0.));
#5655 = VECTOR('',#5656,1.);
#5656 = DIRECTION('',(1.,0.));
#5657 = ( GEOMETRIC_REPRESENTATION_CONTEXT(2) 
PARAMETRIC_REPRESENTATION_CONTEXT() REPRESENTATION_CONTEXT('2D SPACE',''
  ) );
#5658 = ORIENTED_EDGE('',*,*,#4833,.T.);
#5659 = ORIENTED_EDGE('',*,*,#3922,.T.);
#5660 = ORIENTED_EDGE('',*,*,#5661,.F.);
#5661 = EDGE_CURVE('',#5637,#3923,#5662,.T.);
#5662 = SURFACE_CURVE('',#5663,(#5667,#5674),.PCURVE_S1.);
#5663 = LINE('',#5664,#5665);
#5664 = CARTESIAN_POINT('',(-0.65,-3.295,-0.4));
#5665 = VECTOR('',#5666,1.);
#5666 = DIRECTION('',(0.,0.,1.));
#5667 = PCURVE('',#3938,#5668);
#5668 = DEFINITIONAL_REPRESENTATION('',(#5669),#5673);
#5669 = LINE('',#5670,#5671);
#5670 = CARTESIAN_POINT('',(0.,0.9));
#5671 = VECTOR('',#5672,1.);
#5672 = DIRECTION('',(1.,0.));
#5673 = ( GEOMETRIC_REPRESENTATION_CONTEXT(2) 
PARAMETRIC_REPRESENTATION_CONTEXT() REPRESENTATION_CONTEXT('2D SPACE',''
  ) );
#5674 = PCURVE('',#3966,#5675);
#5675 = DEFINITIONAL_REPRESENTATION('',(#5676),#5680);
#5676 = LINE('',#5677,#5678);
#5677 = CARTESIAN_POINT('',(0.,0.));
#5678 = VECTOR('',#5679,1.);
#5679 = DIRECTION('',(1.,0.));
#5680 = ( GEOMETRIC_REPRESENTATION_CONTEXT(2) 
PARAMETRIC_REPRESENTATION_CONTEXT() REPRESENTATION_CONTEXT('2D SPACE',''
  ) );
#5681 = ADVANCED_FACE('',(#5682),#4821,.F.);
#5682 = FACE_BOUND('',#5683,.F.);
#5683 = EDGE_LOOP('',(#5684,#5685,#5686,#5709,#5730));
#5684 = ORIENTED_EDGE('',*,*,#4805,.F.);
#5685 = ORIENTED_EDGE('',*,*,#5636,.T.);
#5686 = ORIENTED_EDGE('',*,*,#5687,.T.);
#5687 = EDGE_CURVE('',#5637,#5688,#5690,.T.);
#5688 = VERTEX_POINT('',#5689);
#5689 = CARTESIAN_POINT('',(-0.65,-2.895,-0.4));
#5690 = SURFACE_CURVE('',#5691,(#5695,#5702),.PCURVE_S1.);
#5691 = LINE('',#5692,#5693);
#5692 = CARTESIAN_POINT('',(-0.65,-3.295,-0.4));
#5693 = VECTOR('',#5694,1.);
#5694 = DIRECTION('',(0.,1.,0.));
#5695 = PCURVE('',#4821,#5696);
#5696 = DEFINITIONAL_REPRESENTATION('',(#5697),#5701);
#5697 = LINE('',#5698,#5699);
#5698 = CARTESIAN_POINT('',(0.9,0.));
#5699 = VECTOR('',#5700,1.);
#5700 = DIRECTION('',(0.,1.));
#5701 = ( GEOMETRIC_REPRESENTATION_CONTEXT(2) 
PARAMETRIC_REPRESENTATION_CONTEXT() REPRESENTATION_CONTEXT('2D SPACE',''
  ) );
#5702 = PCURVE('',#3966,#5703);
#5703 = DEFINITIONAL_REPRESENTATION('',(#5704),#5708);
#5704 = LINE('',#5705,#5706);
#5705 = CARTESIAN_POINT('',(0.,0.));
#5706 = VECTOR('',#5707,1.);
#5707 = DIRECTION('',(0.,-1.));
#5708 = ( GEOMETRIC_REPRESENTATION_CONTEXT(2) 
PARAMETRIC_REPRESENTATION_CONTEXT() REPRESENTATION_CONTEXT('2D SPACE',''
  ) );
#5709 = ORIENTED_EDGE('',*,*,#5710,.F.);
#5710 = EDGE_CURVE('',#5241,#5688,#5711,.T.);
#5711 = SURFACE_CURVE('',#5712,(#5716,#5723),.PCURVE_S1.);
#5712 = LINE('',#5713,#5714);
#5713 = CARTESIAN_POINT('',(-1.55,-2.895,-0.4));
#5714 = VECTOR('',#5715,1.);
#5715 = DIRECTION('',(1.,0.,0.));
#5716 = PCURVE('',#4821,#5717);
#5717 = DEFINITIONAL_REPRESENTATION('',(#5718),#5722);
#5718 = LINE('',#5719,#5720);
#5719 = CARTESIAN_POINT('',(0.,0.4));
#5720 = VECTOR('',#5721,1.);
#5721 = DIRECTION('',(1.,0.));
#5722 = ( GEOMETRIC_REPRESENTATION_CONTEXT(2) 
PARAMETRIC_REPRESENTATION_CONTEXT() REPRESENTATION_CONTEXT('2D SPACE',''
  ) );
#5723 = PCURVE('',#3994,#5724);
#5724 = DEFINITIONAL_REPRESENTATION('',(#5725),#5729);
#5725 = LINE('',#5726,#5727);
#5726 = CARTESIAN_POINT('',(0.,0.));
#5727 = VECTOR('',#5728,1.);
#5728 = DIRECTION('',(0.,1.));
#5729 = ( GEOMETRIC_REPRESENTATION_CONTEXT(2) 
PARAMETRIC_REPRESENTATION_CONTEXT() REPRESENTATION_CONTEXT('2D SPACE',''
  ) );
#5730 = ORIENTED_EDGE('',*,*,#5240,.F.);
#5731 = ADVANCED_FACE('',(#5732),#3617,.F.);
#5732 = FACE_BOUND('',#5733,.F.);
#5733 = EDGE_LOOP('',(#5734,#5735,#5736,#5737));
#5734 = ORIENTED_EDGE('',*,*,#5288,.F.);
#5735 = ORIENTED_EDGE('',*,*,#5054,.T.);
#5736 = ORIENTED_EDGE('',*,*,#3601,.T.);
#5737 = ORIENTED_EDGE('',*,*,#5738,.F.);
#5738 = EDGE_CURVE('',#5289,#3602,#5739,.T.);
#5739 = SURFACE_CURVE('',#5740,(#5744,#5751),.PCURVE_S1.);
#5740 = LINE('',#5741,#5742);
#5741 = CARTESIAN_POINT('',(-0.65,-7.105,-0.4));
#5742 = VECTOR('',#5743,1.);
#5743 = DIRECTION('',(0.,0.,1.));
#5744 = PCURVE('',#3617,#5745);
#5745 = DEFINITIONAL_REPRESENTATION('',(#5746),#5750);
#5746 = LINE('',#5747,#5748);
#5747 = CARTESIAN_POINT('',(0.,0.9));
#5748 = VECTOR('',#5749,1.);
#5749 = DIRECTION('',(1.,0.));
#5750 = ( GEOMETRIC_REPRESENTATION_CONTEXT(2) 
PARAMETRIC_REPRESENTATION_CONTEXT() REPRESENTATION_CONTEXT('2D SPACE',''
  ) );
#5751 = PCURVE('',#3645,#5752);
#5752 = DEFINITIONAL_REPRESENTATION('',(#5753),#5757);
#5753 = LINE('',#5754,#5755);
#5754 = CARTESIAN_POINT('',(0.,0.));
#5755 = VECTOR('',#5756,1.);
#5756 = DIRECTION('',(1.,0.));
#5757 = ( GEOMETRIC_REPRESENTATION_CONTEXT(2) 
PARAMETRIC_REPRESENTATION_CONTEXT() REPRESENTATION_CONTEXT('2D SPACE',''
  ) );
#5758 = ADVANCED_FACE('',(#5759),#3645,.T.);
#5759 = FACE_BOUND('',#5760,.T.);
#5760 = EDGE_LOOP('',(#5761,#5762,#5763,#5764));
#5761 = ORIENTED_EDGE('',*,*,#5738,.F.);
#5762 = ORIENTED_EDGE('',*,*,#5311,.T.);
#5763 = ORIENTED_EDGE('',*,*,#5362,.T.);
#5764 = ORIENTED_EDGE('',*,*,#3629,.F.);
#5765 = ADVANCED_FACE('',(#5766),#3752,.T.);
#5766 = FACE_BOUND('',#5767,.T.);
#5767 = EDGE_LOOP('',(#5768,#5769,#5770,#5771));
#5768 = ORIENTED_EDGE('',*,*,#5411,.F.);
#5769 = ORIENTED_EDGE('',*,*,#5437,.T.);
#5770 = ORIENTED_EDGE('',*,*,#5487,.T.);
#5771 = ORIENTED_EDGE('',*,*,#3736,.F.);
#5772 = ADVANCED_FACE('',(#5773),#3859,.T.);
#5773 = FACE_BOUND('',#5774,.T.);
#5774 = EDGE_LOOP('',(#5775,#5776,#5777,#5778));
#5775 = ORIENTED_EDGE('',*,*,#5536,.F.);
#5776 = ORIENTED_EDGE('',*,*,#5562,.T.);
#5777 = ORIENTED_EDGE('',*,*,#5612,.T.);
#5778 = ORIENTED_EDGE('',*,*,#3843,.F.);
#5779 = ADVANCED_FACE('',(#5780),#3994,.T.);
#5780 = FACE_BOUND('',#5781,.T.);
#5781 = EDGE_LOOP('',(#5782,#5783,#5784,#5785));
#5782 = ORIENTED_EDGE('',*,*,#5710,.F.);
#5783 = ORIENTED_EDGE('',*,*,#5263,.T.);
#5784 = ORIENTED_EDGE('',*,*,#3978,.T.);
#5785 = ORIENTED_EDGE('',*,*,#5786,.F.);
#5786 = EDGE_CURVE('',#5688,#3951,#5787,.T.);
#5787 = SURFACE_CURVE('',#5788,(#5792,#5799),.PCURVE_S1.);
#5788 = LINE('',#5789,#5790);
#5789 = CARTESIAN_POINT('',(-0.65,-2.895,-0.4));
#5790 = VECTOR('',#5791,1.);
#5791 = DIRECTION('',(0.,0.,1.));
#5792 = PCURVE('',#3994,#5793);
#5793 = DEFINITIONAL_REPRESENTATION('',(#5794),#5798);
#5794 = LINE('',#5795,#5796);
#5795 = CARTESIAN_POINT('',(0.,0.9));
#5796 = VECTOR('',#5797,1.);
#5797 = DIRECTION('',(1.,0.));
#5798 = ( GEOMETRIC_REPRESENTATION_CONTEXT(2) 
PARAMETRIC_REPRESENTATION_CONTEXT() REPRESENTATION_CONTEXT('2D SPACE',''
  ) );
#5799 = PCURVE('',#3966,#5800);
#5800 = DEFINITIONAL_REPRESENTATION('',(#5801),#5805);
#5801 = LINE('',#5802,#5803);
#5802 = CARTESIAN_POINT('',(0.,-0.4));
#5803 = VECTOR('',#5804,1.);
#5804 = DIRECTION('',(1.,0.));
#5805 = ( GEOMETRIC_REPRESENTATION_CONTEXT(2) 
PARAMETRIC_REPRESENTATION_CONTEXT() REPRESENTATION_CONTEXT('2D SPACE',''
  ) );
#5806 = ADVANCED_FACE('',(#5807),#3966,.T.);
#5807 = FACE_BOUND('',#5808,.T.);
#5808 = EDGE_LOOP('',(#5809,#5810,#5811,#5812));
#5809 = ORIENTED_EDGE('',*,*,#5661,.F.);
#5810 = ORIENTED_EDGE('',*,*,#5687,.T.);
#5811 = ORIENTED_EDGE('',*,*,#5786,.T.);
#5812 = ORIENTED_EDGE('',*,*,#3950,.F.);
#5813 = ( GEOMETRIC_REPRESENTATION_CONTEXT(3) 
GLOBAL_UNCERTAINTY_ASSIGNED_CONTEXT((#5817)) 
GLOBAL_UNIT_ASSIGNED_CONTEXT((#5814,#5815,#5816)) REPRESENTATION_CONTEXT
('Context #1','3D Context with UNIT and UNCERTAINTY') );
#5814 = ( LENGTH_UNIT() NAMED_UNIT(*) SI_UNIT(.MILLI.,.METRE.) );
#5815 = ( NAMED_UNIT(*) PLANE_ANGLE_UNIT() SI_UNIT($,.RADIAN.) );
#5816 = ( NAMED_UNIT(*) SI_UNIT($,.STERADIAN.) SOLID_ANGLE_UNIT() );
#5817 = UNCERTAINTY_MEASURE_WITH_UNIT(LENGTH_MEASURE(1.E-07),#5814,
  'distance_accuracy_value','confusion accuracy');
#5818 = CONTEXT_DEPENDENT_SHAPE_REPRESENTATION(#5819,#5821);
#5819 = ( REPRESENTATION_RELATIONSHIP('','',#2770,#10) 
REPRESENTATION_RELATIONSHIP_WITH_TRANSFORMATION(#5820) 
SHAPE_REPRESENTATION_RELATIONSHIP() );
#5820 = ITEM_DEFINED_TRANSFORMATION('','',#11,#31);
#5821 = PRODUCT_DEFINITION_SHAPE('Placement','Placement of an item',
  #5822);
#5822 = NEXT_ASSEMBLY_USAGE_OCCURRENCE('5','LM393','',#5,#2765,$);
#5823 = PRODUCT_RELATED_PRODUCT_CATEGORY('part',$,(#2767));
#5824 = SHAPE_DEFINITION_REPRESENTATION(#5825,#5831);
#5825 = PRODUCT_DEFINITION_SHAPE('','',#5826);
#5826 = PRODUCT_DEFINITION('design','',#5827,#5830);
#5827 = PRODUCT_DEFINITION_FORMATION('','',#5828);
#5828 = PRODUCT('Trimmer_Pot','Trimmer_Pot','',(#5829));
#5829 = PRODUCT_CONTEXT('',#2,'mechanical');
#5830 = PRODUCT_DEFINITION_CONTEXT('part definition',#2,'design');
#5831 = ADVANCED_BREP_SHAPE_REPRESENTATION('',(#11,#5832),#6252);
#5832 = MANIFOLD_SOLID_BREP('',#5833);
#5833 = CLOSED_SHELL('',(#5834,#5954,#6030,#6079,#6128,#6186,#6193,#6248
    ));
#5834 = ADVANCED_FACE('',(#5835),#5849,.F.);
#5835 = FACE_BOUND('',#5836,.F.);
#5836 = EDGE_LOOP('',(#5837,#5872,#5900,#5928));
#5837 = ORIENTED_EDGE('',*,*,#5838,.F.);
#5838 = EDGE_CURVE('',#5839,#5841,#5843,.T.);
#5839 = VERTEX_POINT('',#5840);
#5840 = CARTESIAN_POINT('',(0.25,-7.75,-4.8));
#5841 = VERTEX_POINT('',#5842);
#5842 = CARTESIAN_POINT('',(0.25,-7.75,0.));
#5843 = SURFACE_CURVE('',#5844,(#5848,#5860),.PCURVE_S1.);
#5844 = LINE('',#5845,#5846);
#5845 = CARTESIAN_POINT('',(0.25,-7.75,-4.8));
#5846 = VECTOR('',#5847,1.);
#5847 = DIRECTION('',(0.,0.,1.));
#5848 = PCURVE('',#5849,#5854);
#5849 = PLANE('',#5850);
#5850 = AXIS2_PLACEMENT_3D('',#5851,#5852,#5853);
#5851 = CARTESIAN_POINT('',(0.25,-7.75,-4.8));
#5852 = DIRECTION('',(1.,0.,0.));
#5853 = DIRECTION('',(0.,0.,1.));
#5854 = DEFINITIONAL_REPRESENTATION('',(#5855),#5859);
#5855 = LINE('',#5856,#5857);
#5856 = CARTESIAN_POINT('',(0.,0.));
#5857 = VECTOR('',#5858,1.);
#5858 = DIRECTION('',(1.,0.));
#5859 = ( GEOMETRIC_REPRESENTATION_CONTEXT(2) 
PARAMETRIC_REPRESENTATION_CONTEXT() REPRESENTATION_CONTEXT('2D SPACE',''
  ) );
#5860 = PCURVE('',#5861,#5866);
#5861 = PLANE('',#5862);
#5862 = AXIS2_PLACEMENT_3D('',#5863,#5864,#5865);
#5863 = CARTESIAN_POINT('',(0.25,-7.75,-4.8));
#5864 = DIRECTION('',(0.,1.,0.));
#5865 = DIRECTION('',(0.,0.,1.));
#5866 = DEFINITIONAL_REPRESENTATION('',(#5867),#5871);
#5867 = LINE('',#5868,#5869);
#5868 = CARTESIAN_POINT('',(0.,0.));
#5869 = VECTOR('',#5870,1.);
#5870 = DIRECTION('',(1.,0.));
#5871 = ( GEOMETRIC_REPRESENTATION_CONTEXT(2) 
PARAMETRIC_REPRESENTATION_CONTEXT() REPRESENTATION_CONTEXT('2D SPACE',''
  ) );
#5872 = ORIENTED_EDGE('',*,*,#5873,.T.);
#5873 = EDGE_CURVE('',#5839,#5874,#5876,.T.);
#5874 = VERTEX_POINT('',#5875);
#5875 = CARTESIAN_POINT('',(0.25,-1.25,-4.8));
#5876 = SURFACE_CURVE('',#5877,(#5881,#5888),.PCURVE_S1.);
#5877 = LINE('',#5878,#5879);
#5878 = CARTESIAN_POINT('',(0.25,-7.75,-4.8));
#5879 = VECTOR('',#5880,1.);
#5880 = DIRECTION('',(0.,1.,0.));
#5881 = PCURVE('',#5849,#5882);
#5882 = DEFINITIONAL_REPRESENTATION('',(#5883),#5887);
#5883 = LINE('',#5884,#5885);
#5884 = CARTESIAN_POINT('',(0.,0.));
#5885 = VECTOR('',#5886,1.);
#5886 = DIRECTION('',(0.,-1.));
#5887 = ( GEOMETRIC_REPRESENTATION_CONTEXT(2) 
PARAMETRIC_REPRESENTATION_CONTEXT() REPRESENTATION_CONTEXT('2D SPACE',''
  ) );
#5888 = PCURVE('',#5889,#5894);
#5889 = PLANE('',#5890);
#5890 = AXIS2_PLACEMENT_3D('',#5891,#5892,#5893);
#5891 = CARTESIAN_POINT('',(0.25,-7.75,-4.8));
#5892 = DIRECTION('',(0.,0.,1.));
#5893 = DIRECTION('',(1.,0.,0.));
#5894 = DEFINITIONAL_REPRESENTATION('',(#5895),#5899);
#5895 = LINE('',#5896,#5897);
#5896 = CARTESIAN_POINT('',(0.,0.));
#5897 = VECTOR('',#5898,1.);
#5898 = DIRECTION('',(0.,1.));
#5899 = ( GEOMETRIC_REPRESENTATION_CONTEXT(2) 
PARAMETRIC_REPRESENTATION_CONTEXT() REPRESENTATION_CONTEXT('2D SPACE',''
  ) );
#5900 = ORIENTED_EDGE('',*,*,#5901,.T.);
#5901 = EDGE_CURVE('',#5874,#5902,#5904,.T.);
#5902 = VERTEX_POINT('',#5903);
#5903 = CARTESIAN_POINT('',(0.25,-1.25,0.));
#5904 = SURFACE_CURVE('',#5905,(#5909,#5916),.PCURVE_S1.);
#5905 = LINE('',#5906,#5907);
#5906 = CARTESIAN_POINT('',(0.25,-1.25,-4.8));
#5907 = VECTOR('',#5908,1.);
#5908 = DIRECTION('',(0.,0.,1.));
#5909 = PCURVE('',#5849,#5910);
#5910 = DEFINITIONAL_REPRESENTATION('',(#5911),#5915);
#5911 = LINE('',#5912,#5913);
#5912 = CARTESIAN_POINT('',(0.,-6.5));
#5913 = VECTOR('',#5914,1.);
#5914 = DIRECTION('',(1.,0.));
#5915 = ( GEOMETRIC_REPRESENTATION_CONTEXT(2) 
PARAMETRIC_REPRESENTATION_CONTEXT() REPRESENTATION_CONTEXT('2D SPACE',''
  ) );
#5916 = PCURVE('',#5917,#5922);
#5917 = PLANE('',#5918);
#5918 = AXIS2_PLACEMENT_3D('',#5919,#5920,#5921);
#5919 = CARTESIAN_POINT('',(0.25,-1.25,-4.8));
#5920 = DIRECTION('',(0.,1.,0.));
#5921 = DIRECTION('',(0.,0.,1.));
#5922 = DEFINITIONAL_REPRESENTATION('',(#5923),#5927);
#5923 = LINE('',#5924,#5925);
#5924 = CARTESIAN_POINT('',(0.,0.));
#5925 = VECTOR('',#5926,1.);
#5926 = DIRECTION('',(1.,0.));
#5927 = ( GEOMETRIC_REPRESENTATION_CONTEXT(2) 
PARAMETRIC_REPRESENTATION_CONTEXT() REPRESENTATION_CONTEXT('2D SPACE',''
  ) );
#5928 = ORIENTED_EDGE('',*,*,#5929,.F.);
#5929 = EDGE_CURVE('',#5841,#5902,#5930,.T.);
#5930 = SURFACE_CURVE('',#5931,(#5935,#5942),.PCURVE_S1.);
#5931 = LINE('',#5932,#5933);
#5932 = CARTESIAN_POINT('',(0.25,-7.75,0.));
#5933 = VECTOR('',#5934,1.);
#5934 = DIRECTION('',(0.,1.,0.));
#5935 = PCURVE('',#5849,#5936);
#5936 = DEFINITIONAL_REPRESENTATION('',(#5937),#5941);
#5937 = LINE('',#5938,#5939);
#5938 = CARTESIAN_POINT('',(4.8,0.));
#5939 = VECTOR('',#5940,1.);
#5940 = DIRECTION('',(0.,-1.));
#5941 = ( GEOMETRIC_REPRESENTATION_CONTEXT(2) 
PARAMETRIC_REPRESENTATION_CONTEXT() REPRESENTATION_CONTEXT('2D SPACE',''
  ) );
#5942 = PCURVE('',#5943,#5948);
#5943 = PLANE('',#5944);
#5944 = AXIS2_PLACEMENT_3D('',#5945,#5946,#5947);
#5945 = CARTESIAN_POINT('',(0.25,-7.75,0.));
#5946 = DIRECTION('',(0.,0.,1.));
#5947 = DIRECTION('',(1.,0.,0.));
#5948 = DEFINITIONAL_REPRESENTATION('',(#5949),#5953);
#5949 = LINE('',#5950,#5951);
#5950 = CARTESIAN_POINT('',(0.,0.));
#5951 = VECTOR('',#5952,1.);
#5952 = DIRECTION('',(0.,1.));
#5953 = ( GEOMETRIC_REPRESENTATION_CONTEXT(2) 
PARAMETRIC_REPRESENTATION_CONTEXT() REPRESENTATION_CONTEXT('2D SPACE',''
  ) );
#5954 = ADVANCED_FACE('',(#5955),#5861,.F.);
#5955 = FACE_BOUND('',#5956,.F.);
#5956 = EDGE_LOOP('',(#5957,#5980,#5981,#6004));
#5957 = ORIENTED_EDGE('',*,*,#5958,.F.);
#5958 = EDGE_CURVE('',#5839,#5959,#5961,.T.);
#5959 = VERTEX_POINT('',#5960);
#5960 = CARTESIAN_POINT('',(6.75,-7.75,-4.8));
#5961 = SURFACE_CURVE('',#5962,(#5966,#5973),.PCURVE_S1.);
#5962 = LINE('',#5963,#5964);
#5963 = CARTESIAN_POINT('',(0.25,-7.75,-4.8));
#5964 = VECTOR('',#5965,1.);
#5965 = DIRECTION('',(1.,0.,0.));
#5966 = PCURVE('',#5861,#5967);
#5967 = DEFINITIONAL_REPRESENTATION('',(#5968),#5972);
#5968 = LINE('',#5969,#5970);
#5969 = CARTESIAN_POINT('',(0.,0.));
#5970 = VECTOR('',#5971,1.);
#5971 = DIRECTION('',(0.,1.));
#5972 = ( GEOMETRIC_REPRESENTATION_CONTEXT(2) 
PARAMETRIC_REPRESENTATION_CONTEXT() REPRESENTATION_CONTEXT('2D SPACE',''
  ) );
#5973 = PCURVE('',#5889,#5974);
#5974 = DEFINITIONAL_REPRESENTATION('',(#5975),#5979);
#5975 = LINE('',#5976,#5977);
#5976 = CARTESIAN_POINT('',(0.,0.));
#5977 = VECTOR('',#5978,1.);
#5978 = DIRECTION('',(1.,0.));
#5979 = ( GEOMETRIC_REPRESENTATION_CONTEXT(2) 
PARAMETRIC_REPRESENTATION_CONTEXT() REPRESENTATION_CONTEXT('2D SPACE',''
  ) );
#5980 = ORIENTED_EDGE('',*,*,#5838,.T.);
#5981 = ORIENTED_EDGE('',*,*,#5982,.T.);
#5982 = EDGE_CURVE('',#5841,#5983,#5985,.T.);
#5983 = VERTEX_POINT('',#5984);
#5984 = CARTESIAN_POINT('',(6.75,-7.75,0.));
#5985 = SURFACE_CURVE('',#5986,(#5990,#5997),.PCURVE_S1.);
#5986 = LINE('',#5987,#5988);
#5987 = CARTESIAN_POINT('',(0.25,-7.75,0.));
#5988 = VECTOR('',#5989,1.);
#5989 = DIRECTION('',(1.,0.,0.));
#5990 = PCURVE('',#5861,#5991);
#5991 = DEFINITIONAL_REPRESENTATION('',(#5992),#5996);
#5992 = LINE('',#5993,#5994);
#5993 = CARTESIAN_POINT('',(4.8,0.));
#5994 = VECTOR('',#5995,1.);
#5995 = DIRECTION('',(0.,1.));
#5996 = ( GEOMETRIC_REPRESENTATION_CONTEXT(2) 
PARAMETRIC_REPRESENTATION_CONTEXT() REPRESENTATION_CONTEXT('2D SPACE',''
  ) );
#5997 = PCURVE('',#5943,#5998);
#5998 = DEFINITIONAL_REPRESENTATION('',(#5999),#6003);
#5999 = LINE('',#6000,#6001);
#6000 = CARTESIAN_POINT('',(0.,0.));
#6001 = VECTOR('',#6002,1.);
#6002 = DIRECTION('',(1.,0.));
#6003 = ( GEOMETRIC_REPRESENTATION_CONTEXT(2) 
PARAMETRIC_REPRESENTATION_CONTEXT() REPRESENTATION_CONTEXT('2D SPACE',''
  ) );
#6004 = ORIENTED_EDGE('',*,*,#6005,.F.);
#6005 = EDGE_CURVE('',#5959,#5983,#6006,.T.);
#6006 = SURFACE_CURVE('',#6007,(#6011,#6018),.PCURVE_S1.);
#6007 = LINE('',#6008,#6009);
#6008 = CARTESIAN_POINT('',(6.75,-7.75,-4.8));
#6009 = VECTOR('',#6010,1.);
#6010 = DIRECTION('',(0.,0.,1.));
#6011 = PCURVE('',#5861,#6012);
#6012 = DEFINITIONAL_REPRESENTATION('',(#6013),#6017);
#6013 = LINE('',#6014,#6015);
#6014 = CARTESIAN_POINT('',(0.,6.5));
#6015 = VECTOR('',#6016,1.);
#6016 = DIRECTION('',(1.,0.));
#6017 = ( GEOMETRIC_REPRESENTATION_CONTEXT(2) 
PARAMETRIC_REPRESENTATION_CONTEXT() REPRESENTATION_CONTEXT('2D SPACE',''
  ) );
#6018 = PCURVE('',#6019,#6024);
#6019 = PLANE('',#6020);
#6020 = AXIS2_PLACEMENT_3D('',#6021,#6022,#6023);
#6021 = CARTESIAN_POINT('',(6.75,-7.75,-4.8));
#6022 = DIRECTION('',(1.,0.,0.));
#6023 = DIRECTION('',(0.,0.,1.));
#6024 = DEFINITIONAL_REPRESENTATION('',(#6025),#6029);
#6025 = LINE('',#6026,#6027);
#6026 = CARTESIAN_POINT('',(0.,0.));
#6027 = VECTOR('',#6028,1.);
#6028 = DIRECTION('',(1.,0.));
#6029 = ( GEOMETRIC_REPRESENTATION_CONTEXT(2) 
PARAMETRIC_REPRESENTATION_CONTEXT() REPRESENTATION_CONTEXT('2D SPACE',''
  ) );
#6030 = ADVANCED_FACE('',(#6031),#5943,.T.);
#6031 = FACE_BOUND('',#6032,.T.);
#6032 = EDGE_LOOP('',(#6033,#6034,#6035,#6058));
#6033 = ORIENTED_EDGE('',*,*,#5929,.F.);
#6034 = ORIENTED_EDGE('',*,*,#5982,.T.);
#6035 = ORIENTED_EDGE('',*,*,#6036,.T.);
#6036 = EDGE_CURVE('',#5983,#6037,#6039,.T.);
#6037 = VERTEX_POINT('',#6038);
#6038 = CARTESIAN_POINT('',(6.75,-1.25,0.));
#6039 = SURFACE_CURVE('',#6040,(#6044,#6051),.PCURVE_S1.);
#6040 = LINE('',#6041,#6042);
#6041 = CARTESIAN_POINT('',(6.75,-7.75,0.));
#6042 = VECTOR('',#6043,1.);
#6043 = DIRECTION('',(0.,1.,0.));
#6044 = PCURVE('',#5943,#6045);
#6045 = DEFINITIONAL_REPRESENTATION('',(#6046),#6050);
#6046 = LINE('',#6047,#6048);
#6047 = CARTESIAN_POINT('',(6.5,0.));
#6048 = VECTOR('',#6049,1.);
#6049 = DIRECTION('',(0.,1.));
#6050 = ( GEOMETRIC_REPRESENTATION_CONTEXT(2) 
PARAMETRIC_REPRESENTATION_CONTEXT() REPRESENTATION_CONTEXT('2D SPACE',''
  ) );
#6051 = PCURVE('',#6019,#6052);
#6052 = DEFINITIONAL_REPRESENTATION('',(#6053),#6057);
#6053 = LINE('',#6054,#6055);
#6054 = CARTESIAN_POINT('',(4.8,0.));
#6055 = VECTOR('',#6056,1.);
#6056 = DIRECTION('',(0.,-1.));
#6057 = ( GEOMETRIC_REPRESENTATION_CONTEXT(2) 
PARAMETRIC_REPRESENTATION_CONTEXT() REPRESENTATION_CONTEXT('2D SPACE',''
  ) );
#6058 = ORIENTED_EDGE('',*,*,#6059,.F.);
#6059 = EDGE_CURVE('',#5902,#6037,#6060,.T.);
#6060 = SURFACE_CURVE('',#6061,(#6065,#6072),.PCURVE_S1.);
#6061 = LINE('',#6062,#6063);
#6062 = CARTESIAN_POINT('',(0.25,-1.25,0.));
#6063 = VECTOR('',#6064,1.);
#6064 = DIRECTION('',(1.,0.,0.));
#6065 = PCURVE('',#5943,#6066);
#6066 = DEFINITIONAL_REPRESENTATION('',(#6067),#6071);
#6067 = LINE('',#6068,#6069);
#6068 = CARTESIAN_POINT('',(0.,6.5));
#6069 = VECTOR('',#6070,1.);
#6070 = DIRECTION('',(1.,0.));
#6071 = ( GEOMETRIC_REPRESENTATION_CONTEXT(2) 
PARAMETRIC_REPRESENTATION_CONTEXT() REPRESENTATION_CONTEXT('2D SPACE',''
  ) );
#6072 = PCURVE('',#5917,#6073);
#6073 = DEFINITIONAL_REPRESENTATION('',(#6074),#6078);
#6074 = LINE('',#6075,#6076);
#6075 = CARTESIAN_POINT('',(4.8,0.));
#6076 = VECTOR('',#6077,1.);
#6077 = DIRECTION('',(0.,1.));
#6078 = ( GEOMETRIC_REPRESENTATION_CONTEXT(2) 
PARAMETRIC_REPRESENTATION_CONTEXT() REPRESENTATION_CONTEXT('2D SPACE',''
  ) );
#6079 = ADVANCED_FACE('',(#6080),#5917,.T.);
#6080 = FACE_BOUND('',#6081,.T.);
#6081 = EDGE_LOOP('',(#6082,#6105,#6106,#6107));
#6082 = ORIENTED_EDGE('',*,*,#6083,.F.);
#6083 = EDGE_CURVE('',#5874,#6084,#6086,.T.);
#6084 = VERTEX_POINT('',#6085);
#6085 = CARTESIAN_POINT('',(6.75,-1.25,-4.8));
#6086 = SURFACE_CURVE('',#6087,(#6091,#6098),.PCURVE_S1.);
#6087 = LINE('',#6088,#6089);
#6088 = CARTESIAN_POINT('',(0.25,-1.25,-4.8));
#6089 = VECTOR('',#6090,1.);
#6090 = DIRECTION('',(1.,0.,0.));
#6091 = PCURVE('',#5917,#6092);
#6092 = DEFINITIONAL_REPRESENTATION('',(#6093),#6097);
#6093 = LINE('',#6094,#6095);
#6094 = CARTESIAN_POINT('',(0.,0.));
#6095 = VECTOR('',#6096,1.);
#6096 = DIRECTION('',(0.,1.));
#6097 = ( GEOMETRIC_REPRESENTATION_CONTEXT(2) 
PARAMETRIC_REPRESENTATION_CONTEXT() REPRESENTATION_CONTEXT('2D SPACE',''
  ) );
#6098 = PCURVE('',#5889,#6099);
#6099 = DEFINITIONAL_REPRESENTATION('',(#6100),#6104);
#6100 = LINE('',#6101,#6102);
#6101 = CARTESIAN_POINT('',(0.,6.5));
#6102 = VECTOR('',#6103,1.);
#6103 = DIRECTION('',(1.,0.));
#6104 = ( GEOMETRIC_REPRESENTATION_CONTEXT(2) 
PARAMETRIC_REPRESENTATION_CONTEXT() REPRESENTATION_CONTEXT('2D SPACE',''
  ) );
#6105 = ORIENTED_EDGE('',*,*,#5901,.T.);
#6106 = ORIENTED_EDGE('',*,*,#6059,.T.);
#6107 = ORIENTED_EDGE('',*,*,#6108,.F.);
#6108 = EDGE_CURVE('',#6084,#6037,#6109,.T.);
#6109 = SURFACE_CURVE('',#6110,(#6114,#6121),.PCURVE_S1.);
#6110 = LINE('',#6111,#6112);
#6111 = CARTESIAN_POINT('',(6.75,-1.25,-4.8));
#6112 = VECTOR('',#6113,1.);
#6113 = DIRECTION('',(0.,0.,1.));
#6114 = PCURVE('',#5917,#6115);
#6115 = DEFINITIONAL_REPRESENTATION('',(#6116),#6120);
#6116 = LINE('',#6117,#6118);
#6117 = CARTESIAN_POINT('',(0.,6.5));
#6118 = VECTOR('',#6119,1.);
#6119 = DIRECTION('',(1.,0.));
#6120 = ( GEOMETRIC_REPRESENTATION_CONTEXT(2) 
PARAMETRIC_REPRESENTATION_CONTEXT() REPRESENTATION_CONTEXT('2D SPACE',''
  ) );
#6121 = PCURVE('',#6019,#6122);
#6122 = DEFINITIONAL_REPRESENTATION('',(#6123),#6127);
#6123 = LINE('',#6124,#6125);
#6124 = CARTESIAN_POINT('',(0.,-6.5));
#6125 = VECTOR('',#6126,1.);
#6126 = DIRECTION('',(1.,0.));
#6127 = ( GEOMETRIC_REPRESENTATION_CONTEXT(2) 
PARAMETRIC_REPRESENTATION_CONTEXT() REPRESENTATION_CONTEXT('2D SPACE',''
  ) );
#6128 = ADVANCED_FACE('',(#6129,#6155),#5889,.F.);
#6129 = FACE_BOUND('',#6130,.F.);
#6130 = EDGE_LOOP('',(#6131,#6132,#6133,#6154));
#6131 = ORIENTED_EDGE('',*,*,#5873,.F.);
#6132 = ORIENTED_EDGE('',*,*,#5958,.T.);
#6133 = ORIENTED_EDGE('',*,*,#6134,.T.);
#6134 = EDGE_CURVE('',#5959,#6084,#6135,.T.);
#6135 = SURFACE_CURVE('',#6136,(#6140,#6147),.PCURVE_S1.);
#6136 = LINE('',#6137,#6138);
#6137 = CARTESIAN_POINT('',(6.75,-7.75,-4.8));
#6138 = VECTOR('',#6139,1.);
#6139 = DIRECTION('',(0.,1.,0.));
#6140 = PCURVE('',#5889,#6141);
#6141 = DEFINITIONAL_REPRESENTATION('',(#6142),#6146);
#6142 = LINE('',#6143,#6144);
#6143 = CARTESIAN_POINT('',(6.5,0.));
#6144 = VECTOR('',#6145,1.);
#6145 = DIRECTION('',(0.,1.));
#6146 = ( GEOMETRIC_REPRESENTATION_CONTEXT(2) 
PARAMETRIC_REPRESENTATION_CONTEXT() REPRESENTATION_CONTEXT('2D SPACE',''
  ) );
#6147 = PCURVE('',#6019,#6148);
#6148 = DEFINITIONAL_REPRESENTATION('',(#6149),#6153);
#6149 = LINE('',#6150,#6151);
#6150 = CARTESIAN_POINT('',(0.,0.));
#6151 = VECTOR('',#6152,1.);
#6152 = DIRECTION('',(0.,-1.));
#6153 = ( GEOMETRIC_REPRESENTATION_CONTEXT(2) 
PARAMETRIC_REPRESENTATION_CONTEXT() REPRESENTATION_CONTEXT('2D SPACE',''
  ) );
#6154 = ORIENTED_EDGE('',*,*,#6083,.F.);
#6155 = FACE_BOUND('',#6156,.F.);
#6156 = EDGE_LOOP('',(#6157));
#6157 = ORIENTED_EDGE('',*,*,#6158,.F.);
#6158 = EDGE_CURVE('',#6159,#6159,#6161,.T.);
#6159 = VERTEX_POINT('',#6160);
#6160 = CARTESIAN_POINT('',(5.7,-4.5,-4.8));
#6161 = SURFACE_CURVE('',#6162,(#6167,#6174),.PCURVE_S1.);
#6162 = CIRCLE('',#6163,2.2);
#6163 = AXIS2_PLACEMENT_3D('',#6164,#6165,#6166);
#6164 = CARTESIAN_POINT('',(3.5,-4.5,-4.8));
#6165 = DIRECTION('',(0.,0.,1.));
#6166 = DIRECTION('',(1.,0.,0.));
#6167 = PCURVE('',#5889,#6168);
#6168 = DEFINITIONAL_REPRESENTATION('',(#6169),#6173);
#6169 = CIRCLE('',#6170,2.2);
#6170 = AXIS2_PLACEMENT_2D('',#6171,#6172);
#6171 = CARTESIAN_POINT('',(3.25,3.25));
#6172 = DIRECTION('',(1.,0.));
#6173 = ( GEOMETRIC_REPRESENTATION_CONTEXT(2) 
PARAMETRIC_REPRESENTATION_CONTEXT() REPRESENTATION_CONTEXT('2D SPACE',''
  ) );
#6174 = PCURVE('',#6175,#6180);
#6175 = CYLINDRICAL_SURFACE('',#6176,2.2);
#6176 = AXIS2_PLACEMENT_3D('',#6177,#6178,#6179);
#6177 = CARTESIAN_POINT('',(3.5,-4.5,-5.6));
#6178 = DIRECTION('',(-0.,-0.,-1.));
#6179 = DIRECTION('',(1.,0.,0.));
#6180 = DEFINITIONAL_REPRESENTATION('',(#6181),#6185);
#6181 = LINE('',#6182,#6183);
#6182 = CARTESIAN_POINT('',(-0.,-0.8));
#6183 = VECTOR('',#6184,1.);
#6184 = DIRECTION('',(-1.,0.));
#6185 = ( GEOMETRIC_REPRESENTATION_CONTEXT(2) 
PARAMETRIC_REPRESENTATION_CONTEXT() REPRESENTATION_CONTEXT('2D SPACE',''
  ) );
#6186 = ADVANCED_FACE('',(#6187),#6019,.T.);
#6187 = FACE_BOUND('',#6188,.T.);
#6188 = EDGE_LOOP('',(#6189,#6190,#6191,#6192));
#6189 = ORIENTED_EDGE('',*,*,#6005,.F.);
#6190 = ORIENTED_EDGE('',*,*,#6134,.T.);
#6191 = ORIENTED_EDGE('',*,*,#6108,.T.);
#6192 = ORIENTED_EDGE('',*,*,#6036,.F.);
#6193 = ADVANCED_FACE('',(#6194),#6175,.T.);
#6194 = FACE_BOUND('',#6195,.F.);
#6195 = EDGE_LOOP('',(#6196,#6219,#6220,#6221));
#6196 = ORIENTED_EDGE('',*,*,#6197,.T.);
#6197 = EDGE_CURVE('',#6198,#6159,#6200,.T.);
#6198 = VERTEX_POINT('',#6199);
#6199 = CARTESIAN_POINT('',(5.7,-4.5,-5.6));
#6200 = SEAM_CURVE('',#6201,(#6205,#6212),.PCURVE_S1.);
#6201 = LINE('',#6202,#6203);
#6202 = CARTESIAN_POINT('',(5.7,-4.5,-5.6));
#6203 = VECTOR('',#6204,1.);
#6204 = DIRECTION('',(0.,0.,1.));
#6205 = PCURVE('',#6175,#6206);
#6206 = DEFINITIONAL_REPRESENTATION('',(#6207),#6211);
#6207 = LINE('',#6208,#6209);
#6208 = CARTESIAN_POINT('',(-0.,0.));
#6209 = VECTOR('',#6210,1.);
#6210 = DIRECTION('',(-0.,-1.));
#6211 = ( GEOMETRIC_REPRESENTATION_CONTEXT(2) 
PARAMETRIC_REPRESENTATION_CONTEXT() REPRESENTATION_CONTEXT('2D SPACE',''
  ) );
#6212 = PCURVE('',#6175,#6213);
#6213 = DEFINITIONAL_REPRESENTATION('',(#6214),#6218);
#6214 = LINE('',#6215,#6216);
#6215 = CARTESIAN_POINT('',(-6.28318530718,0.));
#6216 = VECTOR('',#6217,1.);
#6217 = DIRECTION('',(-0.,-1.));
#6218 = ( GEOMETRIC_REPRESENTATION_CONTEXT(2) 
PARAMETRIC_REPRESENTATION_CONTEXT() REPRESENTATION_CONTEXT('2D SPACE',''
  ) );
#6219 = ORIENTED_EDGE('',*,*,#6158,.T.);
#6220 = ORIENTED_EDGE('',*,*,#6197,.F.);
#6221 = ORIENTED_EDGE('',*,*,#6222,.F.);
#6222 = EDGE_CURVE('',#6198,#6198,#6223,.T.);
#6223 = SURFACE_CURVE('',#6224,(#6229,#6236),.PCURVE_S1.);
#6224 = CIRCLE('',#6225,2.2);
#6225 = AXIS2_PLACEMENT_3D('',#6226,#6227,#6228);
#6226 = CARTESIAN_POINT('',(3.5,-4.5,-5.6));
#6227 = DIRECTION('',(0.,0.,1.));
#6228 = DIRECTION('',(1.,0.,0.));
#6229 = PCURVE('',#6175,#6230);
#6230 = DEFINITIONAL_REPRESENTATION('',(#6231),#6235);
#6231 = LINE('',#6232,#6233);
#6232 = CARTESIAN_POINT('',(-0.,0.));
#6233 = VECTOR('',#6234,1.);
#6234 = DIRECTION('',(-1.,0.));
#6235 = ( GEOMETRIC_REPRESENTATION_CONTEXT(2) 
PARAMETRIC_REPRESENTATION_CONTEXT() REPRESENTATION_CONTEXT('2D SPACE',''
  ) );
#6236 = PCURVE('',#6237,#6242);
#6237 = PLANE('',#6238);
#6238 = AXIS2_PLACEMENT_3D('',#6239,#6240,#6241);
#6239 = CARTESIAN_POINT('',(3.5,-4.5,-5.6));
#6240 = DIRECTION('',(0.,0.,1.));
#6241 = DIRECTION('',(1.,0.,-0.));
#6242 = DEFINITIONAL_REPRESENTATION('',(#6243),#6247);
#6243 = CIRCLE('',#6244,2.2);
#6244 = AXIS2_PLACEMENT_2D('',#6245,#6246);
#6245 = CARTESIAN_POINT('',(1.7763568394E-15,1.7763568394E-15));
#6246 = DIRECTION('',(1.,0.));
#6247 = ( GEOMETRIC_REPRESENTATION_CONTEXT(2) 
PARAMETRIC_REPRESENTATION_CONTEXT() REPRESENTATION_CONTEXT('2D SPACE',''
  ) );
#6248 = ADVANCED_FACE('',(#6249),#6237,.F.);
#6249 = FACE_BOUND('',#6250,.F.);
#6250 = EDGE_LOOP('',(#6251));
#6251 = ORIENTED_EDGE('',*,*,#6222,.T.);
#6252 = ( GEOMETRIC_REPRESENTATION_CONTEXT(3) 
GLOBAL_UNCERTAINTY_ASSIGNED_CONTEXT((#6256)) 
GLOBAL_UNIT_ASSIGNED_CONTEXT((#6253,#6254,#6255)) REPRESENTATION_CONTEXT
('Context #1','3D Context with UNIT and UNCERTAINTY') );
#6253 = ( LENGTH_UNIT() NAMED_UNIT(*) SI_UNIT(.MILLI.,.METRE.) );
#6254 = ( NAMED_UNIT(*) PLANE_ANGLE_UNIT() SI_UNIT($,.RADIAN.) );
#6255 = ( NAMED_UNIT(*) SI_UNIT($,.STERADIAN.) SOLID_ANGLE_UNIT() );
#6256 = UNCERTAINTY_MEASURE_WITH_UNIT(LENGTH_MEASURE(1.E-07),#6253,
  'distance_accuracy_value','confusion accuracy');
#6257 = CONTEXT_DEPENDENT_SHAPE_REPRESENTATION(#6258,#6260);
#6258 = ( REPRESENTATION_RELATIONSHIP('','',#5831,#10) 
REPRESENTATION_RELATIONSHIP_WITH_TRANSFORMATION(#6259) 
SHAPE_REPRESENTATION_RELATIONSHIP() );
#6259 = ITEM_DEFINED_TRANSFORMATION('','',#11,#35);
#6260 = PRODUCT_DEFINITION_SHAPE('Placement','Placement of an item',
  #6261);
#6261 = NEXT_ASSEMBLY_USAGE_OCCURRENCE('6','Trimmer_Pot','',#5,#5826,$);
#6262 = PRODUCT_RELATED_PRODUCT_CATEGORY('part',$,(#5828));
#6263 = SHAPE_DEFINITION_REPRESENTATION(#6264,#6270);
#6264 = PRODUCT_DEFINITION_SHAPE('','',#6265);
#6265 = PRODUCT_DEFINITION('design','',#6266,#6269);
#6266 = PRODUCT_DEFINITION_FORMATION('','',#6267);
#6267 = PRODUCT('LEDs','LEDs','',(#6268));
#6268 = PRODUCT_CONTEXT('',#2,'mechanical');
#6269 = PRODUCT_DEFINITION_CONTEXT('part definition',#2,'design');
#6270 = SHAPE_REPRESENTATION('',(#11,#6271,#6601),#6931);
#6271 = MANIFOLD_SOLID_BREP('',#6272);
#6272 = CLOSED_SHELL('',(#6273,#6393,#6493,#6540,#6587,#6594));
#6273 = ADVANCED_FACE('',(#6274),#6288,.F.);
#6274 = FACE_BOUND('',#6275,.F.);
#6275 = EDGE_LOOP('',(#6276,#6311,#6339,#6367));
#6276 = ORIENTED_EDGE('',*,*,#6277,.F.);
#6277 = EDGE_CURVE('',#6278,#6280,#6282,.T.);
#6278 = VERTEX_POINT('',#6279);
#6279 = CARTESIAN_POINT('',(-7.9,-10.,-1.5));
#6280 = VERTEX_POINT('',#6281);
#6281 = CARTESIAN_POINT('',(-7.9,-10.,0.));
#6282 = SURFACE_CURVE('',#6283,(#6287,#6299),.PCURVE_S1.);
#6283 = LINE('',#6284,#6285);
#6284 = CARTESIAN_POINT('',(-7.9,-10.,-1.5));
#6285 = VECTOR('',#6286,1.);
#6286 = DIRECTION('',(0.,0.,1.));
#6287 = PCURVE('',#6288,#6293);
#6288 = PLANE('',#6289);
#6289 = AXIS2_PLACEMENT_3D('',#6290,#6291,#6292);
#6290 = CARTESIAN_POINT('',(-7.9,-10.,-1.5));
#6291 = DIRECTION('',(1.,0.,0.));
#6292 = DIRECTION('',(0.,0.,1.));
#6293 = DEFINITIONAL_REPRESENTATION('',(#6294),#6298);
#6294 = LINE('',#6295,#6296);
#6295 = CARTESIAN_POINT('',(0.,0.));
#6296 = VECTOR('',#6297,1.);
#6297 = DIRECTION('',(1.,0.));
#6298 = ( GEOMETRIC_REPRESENTATION_CONTEXT(2) 
PARAMETRIC_REPRESENTATION_CONTEXT() REPRESENTATION_CONTEXT('2D SPACE',''
  ) );
#6299 = PCURVE('',#6300,#6305);
#6300 = PLANE('',#6301);
#6301 = AXIS2_PLACEMENT_3D('',#6302,#6303,#6304);
#6302 = CARTESIAN_POINT('',(-7.9,-10.,-1.5));
#6303 = DIRECTION('',(0.,1.,0.));
#6304 = DIRECTION('',(0.,0.,1.));
#6305 = DEFINITIONAL_REPRESENTATION('',(#6306),#6310);
#6306 = LINE('',#6307,#6308);
#6307 = CARTESIAN_POINT('',(0.,0.));
#6308 = VECTOR('',#6309,1.);
#6309 = DIRECTION('',(1.,0.));
#6310 = ( GEOMETRIC_REPRESENTATION_CONTEXT(2) 
PARAMETRIC_REPRESENTATION_CONTEXT() REPRESENTATION_CONTEXT('2D SPACE',''
  ) );
#6311 = ORIENTED_EDGE('',*,*,#6312,.T.);
#6312 = EDGE_CURVE('',#6278,#6313,#6315,.T.);
#6313 = VERTEX_POINT('',#6314);
#6314 = CARTESIAN_POINT('',(-7.9,-8.,-1.5));
#6315 = SURFACE_CURVE('',#6316,(#6320,#6327),.PCURVE_S1.);
#6316 = LINE('',#6317,#6318);
#6317 = CARTESIAN_POINT('',(-7.9,-10.,-1.5));
#6318 = VECTOR('',#6319,1.);
#6319 = DIRECTION('',(0.,1.,0.));
#6320 = PCURVE('',#6288,#6321);
#6321 = DEFINITIONAL_REPRESENTATION('',(#6322),#6326);
#6322 = LINE('',#6323,#6324);
#6323 = CARTESIAN_POINT('',(0.,0.));
#6324 = VECTOR('',#6325,1.);
#6325 = DIRECTION('',(0.,-1.));
#6326 = ( GEOMETRIC_REPRESENTATION_CONTEXT(2) 
PARAMETRIC_REPRESENTATION_CONTEXT() REPRESENTATION_CONTEXT('2D SPACE',''
  ) );
#6327 = PCURVE('',#6328,#6333);
#6328 = PLANE('',#6329);
#6329 = AXIS2_PLACEMENT_3D('',#6330,#6331,#6332);
#6330 = CARTESIAN_POINT('',(-7.9,-10.,-1.5));
#6331 = DIRECTION('',(0.,0.,1.));
#6332 = DIRECTION('',(1.,0.,0.));
#6333 = DEFINITIONAL_REPRESENTATION('',(#6334),#6338);
#6334 = LINE('',#6335,#6336);
#6335 = CARTESIAN_POINT('',(0.,0.));
#6336 = VECTOR('',#6337,1.);
#6337 = DIRECTION('',(0.,1.));
#6338 = ( GEOMETRIC_REPRESENTATION_CONTEXT(2) 
PARAMETRIC_REPRESENTATION_CONTEXT() REPRESENTATION_CONTEXT('2D SPACE',''
  ) );
#6339 = ORIENTED_EDGE('',*,*,#6340,.T.);
#6340 = EDGE_CURVE('',#6313,#6341,#6343,.T.);
#6341 = VERTEX_POINT('',#6342);
#6342 = CARTESIAN_POINT('',(-7.9,-8.,0.));
#6343 = SURFACE_CURVE('',#6344,(#6348,#6355),.PCURVE_S1.);
#6344 = LINE('',#6345,#6346);
#6345 = CARTESIAN_POINT('',(-7.9,-8.,-1.5));
#6346 = VECTOR('',#6347,1.);
#6347 = DIRECTION('',(0.,0.,1.));
#6348 = PCURVE('',#6288,#6349);
#6349 = DEFINITIONAL_REPRESENTATION('',(#6350),#6354);
#6350 = LINE('',#6351,#6352);
#6351 = CARTESIAN_POINT('',(0.,-2.));
#6352 = VECTOR('',#6353,1.);
#6353 = DIRECTION('',(1.,0.));
#6354 = ( GEOMETRIC_REPRESENTATION_CONTEXT(2) 
PARAMETRIC_REPRESENTATION_CONTEXT() REPRESENTATION_CONTEXT('2D SPACE',''
  ) );
#6355 = PCURVE('',#6356,#6361);
#6356 = PLANE('',#6357);
#6357 = AXIS2_PLACEMENT_3D('',#6358,#6359,#6360);
#6358 = CARTESIAN_POINT('',(-7.9,-8.,-1.5));
#6359 = DIRECTION('',(0.,1.,0.));
#6360 = DIRECTION('',(0.,0.,1.));
#6361 = DEFINITIONAL_REPRESENTATION('',(#6362),#6366);
#6362 = LINE('',#6363,#6364);
#6363 = CARTESIAN_POINT('',(0.,0.));
#6364 = VECTOR('',#6365,1.);
#6365 = DIRECTION('',(1.,0.));
#6366 = ( GEOMETRIC_REPRESENTATION_CONTEXT(2) 
PARAMETRIC_REPRESENTATION_CONTEXT() REPRESENTATION_CONTEXT('2D SPACE',''
  ) );
#6367 = ORIENTED_EDGE('',*,*,#6368,.F.);
#6368 = EDGE_CURVE('',#6280,#6341,#6369,.T.);
#6369 = SURFACE_CURVE('',#6370,(#6374,#6381),.PCURVE_S1.);
#6370 = LINE('',#6371,#6372);
#6371 = CARTESIAN_POINT('',(-7.9,-10.,0.));
#6372 = VECTOR('',#6373,1.);
#6373 = DIRECTION('',(0.,1.,0.));
#6374 = PCURVE('',#6288,#6375);
#6375 = DEFINITIONAL_REPRESENTATION('',(#6376),#6380);
#6376 = LINE('',#6377,#6378);
#6377 = CARTESIAN_POINT('',(1.5,0.));
#6378 = VECTOR('',#6379,1.);
#6379 = DIRECTION('',(0.,-1.));
#6380 = ( GEOMETRIC_REPRESENTATION_CONTEXT(2) 
PARAMETRIC_REPRESENTATION_CONTEXT() REPRESENTATION_CONTEXT('2D SPACE',''
  ) );
#6381 = PCURVE('',#6382,#6387);
#6382 = PLANE('',#6383);
#6383 = AXIS2_PLACEMENT_3D('',#6384,#6385,#6386);
#6384 = CARTESIAN_POINT('',(-7.9,-10.,0.));
#6385 = DIRECTION('',(0.,0.,1.));
#6386 = DIRECTION('',(1.,0.,0.));
#6387 = DEFINITIONAL_REPRESENTATION('',(#6388),#6392);
#6388 = LINE('',#6389,#6390);
#6389 = CARTESIAN_POINT('',(0.,0.));
#6390 = VECTOR('',#6391,1.);
#6391 = DIRECTION('',(0.,1.));
#6392 = ( GEOMETRIC_REPRESENTATION_CONTEXT(2) 
PARAMETRIC_REPRESENTATION_CONTEXT() REPRESENTATION_CONTEXT('2D SPACE',''
  ) );
#6393 = ADVANCED_FACE('',(#6394),#6408,.T.);
#6394 = FACE_BOUND('',#6395,.T.);
#6395 = EDGE_LOOP('',(#6396,#6426,#6449,#6472));
#6396 = ORIENTED_EDGE('',*,*,#6397,.F.);
#6397 = EDGE_CURVE('',#6398,#6400,#6402,.T.);
#6398 = VERTEX_POINT('',#6399);
#6399 = CARTESIAN_POINT('',(-4.5,-10.,-1.5));
#6400 = VERTEX_POINT('',#6401);
#6401 = CARTESIAN_POINT('',(-4.5,-10.,0.));
#6402 = SURFACE_CURVE('',#6403,(#6407,#6419),.PCURVE_S1.);
#6403 = LINE('',#6404,#6405);
#6404 = CARTESIAN_POINT('',(-4.5,-10.,-1.5));
#6405 = VECTOR('',#6406,1.);
#6406 = DIRECTION('',(0.,0.,1.));
#6407 = PCURVE('',#6408,#6413);
#6408 = PLANE('',#6409);
#6409 = AXIS2_PLACEMENT_3D('',#6410,#6411,#6412);
#6410 = CARTESIAN_POINT('',(-4.5,-10.,-1.5));
#6411 = DIRECTION('',(1.,0.,0.));
#6412 = DIRECTION('',(0.,0.,1.));
#6413 = DEFINITIONAL_REPRESENTATION('',(#6414),#6418);
#6414 = LINE('',#6415,#6416);
#6415 = CARTESIAN_POINT('',(0.,0.));
#6416 = VECTOR('',#6417,1.);
#6417 = DIRECTION('',(1.,0.));
#6418 = ( GEOMETRIC_REPRESENTATION_CONTEXT(2) 
PARAMETRIC_REPRESENTATION_CONTEXT() REPRESENTATION_CONTEXT('2D SPACE',''
  ) );
#6419 = PCURVE('',#6300,#6420);
#6420 = DEFINITIONAL_REPRESENTATION('',(#6421),#6425);
#6421 = LINE('',#6422,#6423);
#6422 = CARTESIAN_POINT('',(0.,3.4));
#6423 = VECTOR('',#6424,1.);
#6424 = DIRECTION('',(1.,0.));
#6425 = ( GEOMETRIC_REPRESENTATION_CONTEXT(2) 
PARAMETRIC_REPRESENTATION_CONTEXT() REPRESENTATION_CONTEXT('2D SPACE',''
  ) );
#6426 = ORIENTED_EDGE('',*,*,#6427,.T.);
#6427 = EDGE_CURVE('',#6398,#6428,#6430,.T.);
#6428 = VERTEX_POINT('',#6429);
#6429 = CARTESIAN_POINT('',(-4.5,-8.,-1.5));
#6430 = SURFACE_CURVE('',#6431,(#6435,#6442),.PCURVE_S1.);
#6431 = LINE('',#6432,#6433);
#6432 = CARTESIAN_POINT('',(-4.5,-10.,-1.5));
#6433 = VECTOR('',#6434,1.);
#6434 = DIRECTION('',(0.,1.,0.));
#6435 = PCURVE('',#6408,#6436);
#6436 = DEFINITIONAL_REPRESENTATION('',(#6437),#6441);
#6437 = LINE('',#6438,#6439);
#6438 = CARTESIAN_POINT('',(0.,0.));
#6439 = VECTOR('',#6440,1.);
#6440 = DIRECTION('',(0.,-1.));
#6441 = ( GEOMETRIC_REPRESENTATION_CONTEXT(2) 
PARAMETRIC_REPRESENTATION_CONTEXT() REPRESENTATION_CONTEXT('2D SPACE',''
  ) );
#6442 = PCURVE('',#6328,#6443);
#6443 = DEFINITIONAL_REPRESENTATION('',(#6444),#6448);
#6444 = LINE('',#6445,#6446);
#6445 = CARTESIAN_POINT('',(3.4,0.));
#6446 = VECTOR('',#6447,1.);
#6447 = DIRECTION('',(0.,1.));
#6448 = ( GEOMETRIC_REPRESENTATION_CONTEXT(2) 
PARAMETRIC_REPRESENTATION_CONTEXT() REPRESENTATION_CONTEXT('2D SPACE',''
  ) );
#6449 = ORIENTED_EDGE('',*,*,#6450,.T.);
#6450 = EDGE_CURVE('',#6428,#6451,#6453,.T.);
#6451 = VERTEX_POINT('',#6452);
#6452 = CARTESIAN_POINT('',(-4.5,-8.,0.));
#6453 = SURFACE_CURVE('',#6454,(#6458,#6465),.PCURVE_S1.);
#6454 = LINE('',#6455,#6456);
#6455 = CARTESIAN_POINT('',(-4.5,-8.,-1.5));
#6456 = VECTOR('',#6457,1.);
#6457 = DIRECTION('',(0.,0.,1.));
#6458 = PCURVE('',#6408,#6459);
#6459 = DEFINITIONAL_REPRESENTATION('',(#6460),#6464);
#6460 = LINE('',#6461,#6462);
#6461 = CARTESIAN_POINT('',(0.,-2.));
#6462 = VECTOR('',#6463,1.);
#6463 = DIRECTION('',(1.,0.));
#6464 = ( GEOMETRIC_REPRESENTATION_CONTEXT(2) 
PARAMETRIC_REPRESENTATION_CONTEXT() REPRESENTATION_CONTEXT('2D SPACE',''
  ) );
#6465 = PCURVE('',#6356,#6466);
#6466 = DEFINITIONAL_REPRESENTATION('',(#6467),#6471);
#6467 = LINE('',#6468,#6469);
#6468 = CARTESIAN_POINT('',(0.,3.4));
#6469 = VECTOR('',#6470,1.);
#6470 = DIRECTION('',(1.,0.));
#6471 = ( GEOMETRIC_REPRESENTATION_CONTEXT(2) 
PARAMETRIC_REPRESENTATION_CONTEXT() REPRESENTATION_CONTEXT('2D SPACE',''
  ) );
#6472 = ORIENTED_EDGE('',*,*,#6473,.F.);
#6473 = EDGE_CURVE('',#6400,#6451,#6474,.T.);
#6474 = SURFACE_CURVE('',#6475,(#6479,#6486),.PCURVE_S1.);
#6475 = LINE('',#6476,#6477);
#6476 = CARTESIAN_POINT('',(-4.5,-10.,0.));
#6477 = VECTOR('',#6478,1.);
#6478 = DIRECTION('',(0.,1.,0.));
#6479 = PCURVE('',#6408,#6480);
#6480 = DEFINITIONAL_REPRESENTATION('',(#6481),#6485);
#6481 = LINE('',#6482,#6483);
#6482 = CARTESIAN_POINT('',(1.5,0.));
#6483 = VECTOR('',#6484,1.);
#6484 = DIRECTION('',(0.,-1.));
#6485 = ( GEOMETRIC_REPRESENTATION_CONTEXT(2) 
PARAMETRIC_REPRESENTATION_CONTEXT() REPRESENTATION_CONTEXT('2D SPACE',''
  ) );
#6486 = PCURVE('',#6382,#6487);
#6487 = DEFINITIONAL_REPRESENTATION('',(#6488),#6492);
#6488 = LINE('',#6489,#6490);
#6489 = CARTESIAN_POINT('',(3.4,0.));
#6490 = VECTOR('',#6491,1.);
#6491 = DIRECTION('',(0.,1.));
#6492 = ( GEOMETRIC_REPRESENTATION_CONTEXT(2) 
PARAMETRIC_REPRESENTATION_CONTEXT() REPRESENTATION_CONTEXT('2D SPACE',''
  ) );
#6493 = ADVANCED_FACE('',(#6494),#6300,.F.);
#6494 = FACE_BOUND('',#6495,.F.);
#6495 = EDGE_LOOP('',(#6496,#6517,#6518,#6539));
#6496 = ORIENTED_EDGE('',*,*,#6497,.F.);
#6497 = EDGE_CURVE('',#6278,#6398,#6498,.T.);
#6498 = SURFACE_CURVE('',#6499,(#6503,#6510),.PCURVE_S1.);
#6499 = LINE('',#6500,#6501);
#6500 = CARTESIAN_POINT('',(-7.9,-10.,-1.5));
#6501 = VECTOR('',#6502,1.);
#6502 = DIRECTION('',(1.,0.,0.));
#6503 = PCURVE('',#6300,#6504);
#6504 = DEFINITIONAL_REPRESENTATION('',(#6505),#6509);
#6505 = LINE('',#6506,#6507);
#6506 = CARTESIAN_POINT('',(0.,0.));
#6507 = VECTOR('',#6508,1.);
#6508 = DIRECTION('',(0.,1.));
#6509 = ( GEOMETRIC_REPRESENTATION_CONTEXT(2) 
PARAMETRIC_REPRESENTATION_CONTEXT() REPRESENTATION_CONTEXT('2D SPACE',''
  ) );
#6510 = PCURVE('',#6328,#6511);
#6511 = DEFINITIONAL_REPRESENTATION('',(#6512),#6516);
#6512 = LINE('',#6513,#6514);
#6513 = CARTESIAN_POINT('',(0.,0.));
#6514 = VECTOR('',#6515,1.);
#6515 = DIRECTION('',(1.,0.));
#6516 = ( GEOMETRIC_REPRESENTATION_CONTEXT(2) 
PARAMETRIC_REPRESENTATION_CONTEXT() REPRESENTATION_CONTEXT('2D SPACE',''
  ) );
#6517 = ORIENTED_EDGE('',*,*,#6277,.T.);
#6518 = ORIENTED_EDGE('',*,*,#6519,.T.);
#6519 = EDGE_CURVE('',#6280,#6400,#6520,.T.);
#6520 = SURFACE_CURVE('',#6521,(#6525,#6532),.PCURVE_S1.);
#6521 = LINE('',#6522,#6523);
#6522 = CARTESIAN_POINT('',(-7.9,-10.,0.));
#6523 = VECTOR('',#6524,1.);
#6524 = DIRECTION('',(1.,0.,0.));
#6525 = PCURVE('',#6300,#6526);
#6526 = DEFINITIONAL_REPRESENTATION('',(#6527),#6531);
#6527 = LINE('',#6528,#6529);
#6528 = CARTESIAN_POINT('',(1.5,0.));
#6529 = VECTOR('',#6530,1.);
#6530 = DIRECTION('',(0.,1.));
#6531 = ( GEOMETRIC_REPRESENTATION_CONTEXT(2) 
PARAMETRIC_REPRESENTATION_CONTEXT() REPRESENTATION_CONTEXT('2D SPACE',''
  ) );
#6532 = PCURVE('',#6382,#6533);
#6533 = DEFINITIONAL_REPRESENTATION('',(#6534),#6538);
#6534 = LINE('',#6535,#6536);
#6535 = CARTESIAN_POINT('',(0.,0.));
#6536 = VECTOR('',#6537,1.);
#6537 = DIRECTION('',(1.,0.));
#6538 = ( GEOMETRIC_REPRESENTATION_CONTEXT(2) 
PARAMETRIC_REPRESENTATION_CONTEXT() REPRESENTATION_CONTEXT('2D SPACE',''
  ) );
#6539 = ORIENTED_EDGE('',*,*,#6397,.F.);
#6540 = ADVANCED_FACE('',(#6541),#6356,.T.);
#6541 = FACE_BOUND('',#6542,.T.);
#6542 = EDGE_LOOP('',(#6543,#6564,#6565,#6586));
#6543 = ORIENTED_EDGE('',*,*,#6544,.F.);
#6544 = EDGE_CURVE('',#6313,#6428,#6545,.T.);
#6545 = SURFACE_CURVE('',#6546,(#6550,#6557),.PCURVE_S1.);
#6546 = LINE('',#6547,#6548);
#6547 = CARTESIAN_POINT('',(-7.9,-8.,-1.5));
#6548 = VECTOR('',#6549,1.);
#6549 = DIRECTION('',(1.,0.,0.));
#6550 = PCURVE('',#6356,#6551);
#6551 = DEFINITIONAL_REPRESENTATION('',(#6552),#6556);
#6552 = LINE('',#6553,#6554);
#6553 = CARTESIAN_POINT('',(0.,0.));
#6554 = VECTOR('',#6555,1.);
#6555 = DIRECTION('',(0.,1.));
#6556 = ( GEOMETRIC_REPRESENTATION_CONTEXT(2) 
PARAMETRIC_REPRESENTATION_CONTEXT() REPRESENTATION_CONTEXT('2D SPACE',''
  ) );
#6557 = PCURVE('',#6328,#6558);
#6558 = DEFINITIONAL_REPRESENTATION('',(#6559),#6563);
#6559 = LINE('',#6560,#6561);
#6560 = CARTESIAN_POINT('',(0.,2.));
#6561 = VECTOR('',#6562,1.);
#6562 = DIRECTION('',(1.,0.));
#6563 = ( GEOMETRIC_REPRESENTATION_CONTEXT(2) 
PARAMETRIC_REPRESENTATION_CONTEXT() REPRESENTATION_CONTEXT('2D SPACE',''
  ) );
#6564 = ORIENTED_EDGE('',*,*,#6340,.T.);
#6565 = ORIENTED_EDGE('',*,*,#6566,.T.);
#6566 = EDGE_CURVE('',#6341,#6451,#6567,.T.);
#6567 = SURFACE_CURVE('',#6568,(#6572,#6579),.PCURVE_S1.);
#6568 = LINE('',#6569,#6570);
#6569 = CARTESIAN_POINT('',(-7.9,-8.,0.));
#6570 = VECTOR('',#6571,1.);
#6571 = DIRECTION('',(1.,0.,0.));
#6572 = PCURVE('',#6356,#6573);
#6573 = DEFINITIONAL_REPRESENTATION('',(#6574),#6578);
#6574 = LINE('',#6575,#6576);
#6575 = CARTESIAN_POINT('',(1.5,0.));
#6576 = VECTOR('',#6577,1.);
#6577 = DIRECTION('',(0.,1.));
#6578 = ( GEOMETRIC_REPRESENTATION_CONTEXT(2) 
PARAMETRIC_REPRESENTATION_CONTEXT() REPRESENTATION_CONTEXT('2D SPACE',''
  ) );
#6579 = PCURVE('',#6382,#6580);
#6580 = DEFINITIONAL_REPRESENTATION('',(#6581),#6585);
#6581 = LINE('',#6582,#6583);
#6582 = CARTESIAN_POINT('',(0.,2.));
#6583 = VECTOR('',#6584,1.);
#6584 = DIRECTION('',(1.,0.));
#6585 = ( GEOMETRIC_REPRESENTATION_CONTEXT(2) 
PARAMETRIC_REPRESENTATION_CONTEXT() REPRESENTATION_CONTEXT('2D SPACE',''
  ) );
#6586 = ORIENTED_EDGE('',*,*,#6450,.F.);
#6587 = ADVANCED_FACE('',(#6588),#6328,.F.);
#6588 = FACE_BOUND('',#6589,.F.);
#6589 = EDGE_LOOP('',(#6590,#6591,#6592,#6593));
#6590 = ORIENTED_EDGE('',*,*,#6312,.F.);
#6591 = ORIENTED_EDGE('',*,*,#6497,.T.);
#6592 = ORIENTED_EDGE('',*,*,#6427,.T.);
#6593 = ORIENTED_EDGE('',*,*,#6544,.F.);
#6594 = ADVANCED_FACE('',(#6595),#6382,.T.);
#6595 = FACE_BOUND('',#6596,.T.);
#6596 = EDGE_LOOP('',(#6597,#6598,#6599,#6600));
#6597 = ORIENTED_EDGE('',*,*,#6368,.F.);
#6598 = ORIENTED_EDGE('',*,*,#6519,.T.);
#6599 = ORIENTED_EDGE('',*,*,#6473,.T.);
#6600 = ORIENTED_EDGE('',*,*,#6566,.F.);
#6601 = MANIFOLD_SOLID_BREP('',#6602);
#6602 = CLOSED_SHELL('',(#6603,#6723,#6823,#6870,#6917,#6924));
#6603 = ADVANCED_FACE('',(#6604),#6618,.F.);
#6604 = FACE_BOUND('',#6605,.F.);
#6605 = EDGE_LOOP('',(#6606,#6641,#6669,#6697));
#6606 = ORIENTED_EDGE('',*,*,#6607,.F.);
#6607 = EDGE_CURVE('',#6608,#6610,#6612,.T.);
#6608 = VERTEX_POINT('',#6609);
#6609 = CARTESIAN_POINT('',(4.5,-10.,-1.5));
#6610 = VERTEX_POINT('',#6611);
#6611 = CARTESIAN_POINT('',(4.5,-10.,0.));
#6612 = SURFACE_CURVE('',#6613,(#6617,#6629),.PCURVE_S1.);
#6613 = LINE('',#6614,#6615);
#6614 = CARTESIAN_POINT('',(4.5,-10.,-1.5));
#6615 = VECTOR('',#6616,1.);
#6616 = DIRECTION('',(0.,0.,1.));
#6617 = PCURVE('',#6618,#6623);
#6618 = PLANE('',#6619);
#6619 = AXIS2_PLACEMENT_3D('',#6620,#6621,#6622);
#6620 = CARTESIAN_POINT('',(4.5,-10.,-1.5));
#6621 = DIRECTION('',(1.,0.,0.));
#6622 = DIRECTION('',(0.,0.,1.));
#6623 = DEFINITIONAL_REPRESENTATION('',(#6624),#6628);
#6624 = LINE('',#6625,#6626);
#6625 = CARTESIAN_POINT('',(0.,0.));
#6626 = VECTOR('',#6627,1.);
#6627 = DIRECTION('',(1.,0.));
#6628 = ( GEOMETRIC_REPRESENTATION_CONTEXT(2) 
PARAMETRIC_REPRESENTATION_CONTEXT() REPRESENTATION_CONTEXT('2D SPACE',''
  ) );
#6629 = PCURVE('',#6630,#6635);
#6630 = PLANE('',#6631);
#6631 = AXIS2_PLACEMENT_3D('',#6632,#6633,#6634);
#6632 = CARTESIAN_POINT('',(4.5,-10.,-1.5));
#6633 = DIRECTION('',(0.,1.,0.));
#6634 = DIRECTION('',(0.,0.,1.));
#6635 = DEFINITIONAL_REPRESENTATION('',(#6636),#6640);
#6636 = LINE('',#6637,#6638);
#6637 = CARTESIAN_POINT('',(0.,0.));
#6638 = VECTOR('',#6639,1.);
#6639 = DIRECTION('',(1.,0.));
#6640 = ( GEOMETRIC_REPRESENTATION_CONTEXT(2) 
PARAMETRIC_REPRESENTATION_CONTEXT() REPRESENTATION_CONTEXT('2D SPACE',''
  ) );
#6641 = ORIENTED_EDGE('',*,*,#6642,.T.);
#6642 = EDGE_CURVE('',#6608,#6643,#6645,.T.);
#6643 = VERTEX_POINT('',#6644);
#6644 = CARTESIAN_POINT('',(4.5,-8.,-1.5));
#6645 = SURFACE_CURVE('',#6646,(#6650,#6657),.PCURVE_S1.);
#6646 = LINE('',#6647,#6648);
#6647 = CARTESIAN_POINT('',(4.5,-10.,-1.5));
#6648 = VECTOR('',#6649,1.);
#6649 = DIRECTION('',(0.,1.,0.));
#6650 = PCURVE('',#6618,#6651);
#6651 = DEFINITIONAL_REPRESENTATION('',(#6652),#6656);
#6652 = LINE('',#6653,#6654);
#6653 = CARTESIAN_POINT('',(0.,0.));
#6654 = VECTOR('',#6655,1.);
#6655 = DIRECTION('',(0.,-1.));
#6656 = ( GEOMETRIC_REPRESENTATION_CONTEXT(2) 
PARAMETRIC_REPRESENTATION_CONTEXT() REPRESENTATION_CONTEXT('2D SPACE',''
  ) );
#6657 = PCURVE('',#6658,#6663);
#6658 = PLANE('',#6659);
#6659 = AXIS2_PLACEMENT_3D('',#6660,#6661,#6662);
#6660 = CARTESIAN_POINT('',(4.5,-10.,-1.5));
#6661 = DIRECTION('',(0.,0.,1.));
#6662 = DIRECTION('',(1.,0.,0.));
#6663 = DEFINITIONAL_REPRESENTATION('',(#6664),#6668);
#6664 = LINE('',#6665,#6666);
#6665 = CARTESIAN_POINT('',(0.,0.));
#6666 = VECTOR('',#6667,1.);
#6667 = DIRECTION('',(0.,1.));
#6668 = ( GEOMETRIC_REPRESENTATION_CONTEXT(2) 
PARAMETRIC_REPRESENTATION_CONTEXT() REPRESENTATION_CONTEXT('2D SPACE',''
  ) );
#6669 = ORIENTED_EDGE('',*,*,#6670,.T.);
#6670 = EDGE_CURVE('',#6643,#6671,#6673,.T.);
#6671 = VERTEX_POINT('',#6672);
#6672 = CARTESIAN_POINT('',(4.5,-8.,0.));
#6673 = SURFACE_CURVE('',#6674,(#6678,#6685),.PCURVE_S1.);
#6674 = LINE('',#6675,#6676);
#6675 = CARTESIAN_POINT('',(4.5,-8.,-1.5));
#6676 = VECTOR('',#6677,1.);
#6677 = DIRECTION('',(0.,0.,1.));
#6678 = PCURVE('',#6618,#6679);
#6679 = DEFINITIONAL_REPRESENTATION('',(#6680),#6684);
#6680 = LINE('',#6681,#6682);
#6681 = CARTESIAN_POINT('',(0.,-2.));
#6682 = VECTOR('',#6683,1.);
#6683 = DIRECTION('',(1.,0.));
#6684 = ( GEOMETRIC_REPRESENTATION_CONTEXT(2) 
PARAMETRIC_REPRESENTATION_CONTEXT() REPRESENTATION_CONTEXT('2D SPACE',''
  ) );
#6685 = PCURVE('',#6686,#6691);
#6686 = PLANE('',#6687);
#6687 = AXIS2_PLACEMENT_3D('',#6688,#6689,#6690);
#6688 = CARTESIAN_POINT('',(4.5,-8.,-1.5));
#6689 = DIRECTION('',(0.,1.,0.));
#6690 = DIRECTION('',(0.,0.,1.));
#6691 = DEFINITIONAL_REPRESENTATION('',(#6692),#6696);
#6692 = LINE('',#6693,#6694);
#6693 = CARTESIAN_POINT('',(0.,0.));
#6694 = VECTOR('',#6695,1.);
#6695 = DIRECTION('',(1.,0.));
#6696 = ( GEOMETRIC_REPRESENTATION_CONTEXT(2) 
PARAMETRIC_REPRESENTATION_CONTEXT() REPRESENTATION_CONTEXT('2D SPACE',''
  ) );
#6697 = ORIENTED_EDGE('',*,*,#6698,.F.);
#6698 = EDGE_CURVE('',#6610,#6671,#6699,.T.);
#6699 = SURFACE_CURVE('',#6700,(#6704,#6711),.PCURVE_S1.);
#6700 = LINE('',#6701,#6702);
#6701 = CARTESIAN_POINT('',(4.5,-10.,0.));
#6702 = VECTOR('',#6703,1.);
#6703 = DIRECTION('',(0.,1.,0.));
#6704 = PCURVE('',#6618,#6705);
#6705 = DEFINITIONAL_REPRESENTATION('',(#6706),#6710);
#6706 = LINE('',#6707,#6708);
#6707 = CARTESIAN_POINT('',(1.5,0.));
#6708 = VECTOR('',#6709,1.);
#6709 = DIRECTION('',(0.,-1.));
#6710 = ( GEOMETRIC_REPRESENTATION_CONTEXT(2) 
PARAMETRIC_REPRESENTATION_CONTEXT() REPRESENTATION_CONTEXT('2D SPACE',''
  ) );
#6711 = PCURVE('',#6712,#6717);
#6712 = PLANE('',#6713);
#6713 = AXIS2_PLACEMENT_3D('',#6714,#6715,#6716);
#6714 = CARTESIAN_POINT('',(4.5,-10.,0.));
#6715 = DIRECTION('',(0.,0.,1.));
#6716 = DIRECTION('',(1.,0.,0.));
#6717 = DEFINITIONAL_REPRESENTATION('',(#6718),#6722);
#6718 = LINE('',#6719,#6720);
#6719 = CARTESIAN_POINT('',(0.,0.));
#6720 = VECTOR('',#6721,1.);
#6721 = DIRECTION('',(0.,1.));
#6722 = ( GEOMETRIC_REPRESENTATION_CONTEXT(2) 
PARAMETRIC_REPRESENTATION_CONTEXT() REPRESENTATION_CONTEXT('2D SPACE',''
  ) );
#6723 = ADVANCED_FACE('',(#6724),#6738,.T.);
#6724 = FACE_BOUND('',#6725,.T.);
#6725 = EDGE_LOOP('',(#6726,#6756,#6779,#6802));
#6726 = ORIENTED_EDGE('',*,*,#6727,.F.);
#6727 = EDGE_CURVE('',#6728,#6730,#6732,.T.);
#6728 = VERTEX_POINT('',#6729);
#6729 = CARTESIAN_POINT('',(7.9,-10.,-1.5));
#6730 = VERTEX_POINT('',#6731);
#6731 = CARTESIAN_POINT('',(7.9,-10.,0.));
#6732 = SURFACE_CURVE('',#6733,(#6737,#6749),.PCURVE_S1.);
#6733 = LINE('',#6734,#6735);
#6734 = CARTESIAN_POINT('',(7.9,-10.,-1.5));
#6735 = VECTOR('',#6736,1.);
#6736 = DIRECTION('',(0.,0.,1.));
#6737 = PCURVE('',#6738,#6743);
#6738 = PLANE('',#6739);
#6739 = AXIS2_PLACEMENT_3D('',#6740,#6741,#6742);
#6740 = CARTESIAN_POINT('',(7.9,-10.,-1.5));
#6741 = DIRECTION('',(1.,0.,0.));
#6742 = DIRECTION('',(0.,0.,1.));
#6743 = DEFINITIONAL_REPRESENTATION('',(#6744),#6748);
#6744 = LINE('',#6745,#6746);
#6745 = CARTESIAN_POINT('',(0.,0.));
#6746 = VECTOR('',#6747,1.);
#6747 = DIRECTION('',(1.,0.));
#6748 = ( GEOMETRIC_REPRESENTATION_CONTEXT(2) 
PARAMETRIC_REPRESENTATION_CONTEXT() REPRESENTATION_CONTEXT('2D SPACE',''
  ) );
#6749 = PCURVE('',#6630,#6750);
#6750 = DEFINITIONAL_REPRESENTATION('',(#6751),#6755);
#6751 = LINE('',#6752,#6753);
#6752 = CARTESIAN_POINT('',(0.,3.4));
#6753 = VECTOR('',#6754,1.);
#6754 = DIRECTION('',(1.,0.));
#6755 = ( GEOMETRIC_REPRESENTATION_CONTEXT(2) 
PARAMETRIC_REPRESENTATION_CONTEXT() REPRESENTATION_CONTEXT('2D SPACE',''
  ) );
#6756 = ORIENTED_EDGE('',*,*,#6757,.T.);
#6757 = EDGE_CURVE('',#6728,#6758,#6760,.T.);
#6758 = VERTEX_POINT('',#6759);
#6759 = CARTESIAN_POINT('',(7.9,-8.,-1.5));
#6760 = SURFACE_CURVE('',#6761,(#6765,#6772),.PCURVE_S1.);
#6761 = LINE('',#6762,#6763);
#6762 = CARTESIAN_POINT('',(7.9,-10.,-1.5));
#6763 = VECTOR('',#6764,1.);
#6764 = DIRECTION('',(0.,1.,0.));
#6765 = PCURVE('',#6738,#6766);
#6766 = DEFINITIONAL_REPRESENTATION('',(#6767),#6771);
#6767 = LINE('',#6768,#6769);
#6768 = CARTESIAN_POINT('',(0.,0.));
#6769 = VECTOR('',#6770,1.);
#6770 = DIRECTION('',(0.,-1.));
#6771 = ( GEOMETRIC_REPRESENTATION_CONTEXT(2) 
PARAMETRIC_REPRESENTATION_CONTEXT() REPRESENTATION_CONTEXT('2D SPACE',''
  ) );
#6772 = PCURVE('',#6658,#6773);
#6773 = DEFINITIONAL_REPRESENTATION('',(#6774),#6778);
#6774 = LINE('',#6775,#6776);
#6775 = CARTESIAN_POINT('',(3.4,0.));
#6776 = VECTOR('',#6777,1.);
#6777 = DIRECTION('',(0.,1.));
#6778 = ( GEOMETRIC_REPRESENTATION_CONTEXT(2) 
PARAMETRIC_REPRESENTATION_CONTEXT() REPRESENTATION_CONTEXT('2D SPACE',''
  ) );
#6779 = ORIENTED_EDGE('',*,*,#6780,.T.);
#6780 = EDGE_CURVE('',#6758,#6781,#6783,.T.);
#6781 = VERTEX_POINT('',#6782);
#6782 = CARTESIAN_POINT('',(7.9,-8.,0.));
#6783 = SURFACE_CURVE('',#6784,(#6788,#6795),.PCURVE_S1.);
#6784 = LINE('',#6785,#6786);
#6785 = CARTESIAN_POINT('',(7.9,-8.,-1.5));
#6786 = VECTOR('',#6787,1.);
#6787 = DIRECTION('',(0.,0.,1.));
#6788 = PCURVE('',#6738,#6789);
#6789 = DEFINITIONAL_REPRESENTATION('',(#6790),#6794);
#6790 = LINE('',#6791,#6792);
#6791 = CARTESIAN_POINT('',(0.,-2.));
#6792 = VECTOR('',#6793,1.);
#6793 = DIRECTION('',(1.,0.));
#6794 = ( GEOMETRIC_REPRESENTATION_CONTEXT(2) 
PARAMETRIC_REPRESENTATION_CONTEXT() REPRESENTATION_CONTEXT('2D SPACE',''
  ) );
#6795 = PCURVE('',#6686,#6796);
#6796 = DEFINITIONAL_REPRESENTATION('',(#6797),#6801);
#6797 = LINE('',#6798,#6799);
#6798 = CARTESIAN_POINT('',(0.,3.4));
#6799 = VECTOR('',#6800,1.);
#6800 = DIRECTION('',(1.,0.));
#6801 = ( GEOMETRIC_REPRESENTATION_CONTEXT(2) 
PARAMETRIC_REPRESENTATION_CONTEXT() REPRESENTATION_CONTEXT('2D SPACE',''
  ) );
#6802 = ORIENTED_EDGE('',*,*,#6803,.F.);
#6803 = EDGE_CURVE('',#6730,#6781,#6804,.T.);
#6804 = SURFACE_CURVE('',#6805,(#6809,#6816),.PCURVE_S1.);
#6805 = LINE('',#6806,#6807);
#6806 = CARTESIAN_POINT('',(7.9,-10.,0.));
#6807 = VECTOR('',#6808,1.);
#6808 = DIRECTION('',(0.,1.,0.));
#6809 = PCURVE('',#6738,#6810);
#6810 = DEFINITIONAL_REPRESENTATION('',(#6811),#6815);
#6811 = LINE('',#6812,#6813);
#6812 = CARTESIAN_POINT('',(1.5,0.));
#6813 = VECTOR('',#6814,1.);
#6814 = DIRECTION('',(0.,-1.));
#6815 = ( GEOMETRIC_REPRESENTATION_CONTEXT(2) 
PARAMETRIC_REPRESENTATION_CONTEXT() REPRESENTATION_CONTEXT('2D SPACE',''
  ) );
#6816 = PCURVE('',#6712,#6817);
#6817 = DEFINITIONAL_REPRESENTATION('',(#6818),#6822);
#6818 = LINE('',#6819,#6820);
#6819 = CARTESIAN_POINT('',(3.4,0.));
#6820 = VECTOR('',#6821,1.);
#6821 = DIRECTION('',(0.,1.));
#6822 = ( GEOMETRIC_REPRESENTATION_CONTEXT(2) 
PARAMETRIC_REPRESENTATION_CONTEXT() REPRESENTATION_CONTEXT('2D SPACE',''
  ) );
#6823 = ADVANCED_FACE('',(#6824),#6630,.F.);
#6824 = FACE_BOUND('',#6825,.F.);
#6825 = EDGE_LOOP('',(#6826,#6847,#6848,#6869));
#6826 = ORIENTED_EDGE('',*,*,#6827,.F.);
#6827 = EDGE_CURVE('',#6608,#6728,#6828,.T.);
#6828 = SURFACE_CURVE('',#6829,(#6833,#6840),.PCURVE_S1.);
#6829 = LINE('',#6830,#6831);
#6830 = CARTESIAN_POINT('',(4.5,-10.,-1.5));
#6831 = VECTOR('',#6832,1.);
#6832 = DIRECTION('',(1.,0.,0.));
#6833 = PCURVE('',#6630,#6834);
#6834 = DEFINITIONAL_REPRESENTATION('',(#6835),#6839);
#6835 = LINE('',#6836,#6837);
#6836 = CARTESIAN_POINT('',(0.,0.));
#6837 = VECTOR('',#6838,1.);
#6838 = DIRECTION('',(0.,1.));
#6839 = ( GEOMETRIC_REPRESENTATION_CONTEXT(2) 
PARAMETRIC_REPRESENTATION_CONTEXT() REPRESENTATION_CONTEXT('2D SPACE',''
  ) );
#6840 = PCURVE('',#6658,#6841);
#6841 = DEFINITIONAL_REPRESENTATION('',(#6842),#6846);
#6842 = LINE('',#6843,#6844);
#6843 = CARTESIAN_POINT('',(0.,0.));
#6844 = VECTOR('',#6845,1.);
#6845 = DIRECTION('',(1.,0.));
#6846 = ( GEOMETRIC_REPRESENTATION_CONTEXT(2) 
PARAMETRIC_REPRESENTATION_CONTEXT() REPRESENTATION_CONTEXT('2D SPACE',''
  ) );
#6847 = ORIENTED_EDGE('',*,*,#6607,.T.);
#6848 = ORIENTED_EDGE('',*,*,#6849,.T.);
#6849 = EDGE_CURVE('',#6610,#6730,#6850,.T.);
#6850 = SURFACE_CURVE('',#6851,(#6855,#6862),.PCURVE_S1.);
#6851 = LINE('',#6852,#6853);
#6852 = CARTESIAN_POINT('',(4.5,-10.,0.));
#6853 = VECTOR('',#6854,1.);
#6854 = DIRECTION('',(1.,0.,0.));
#6855 = PCURVE('',#6630,#6856);
#6856 = DEFINITIONAL_REPRESENTATION('',(#6857),#6861);
#6857 = LINE('',#6858,#6859);
#6858 = CARTESIAN_POINT('',(1.5,0.));
#6859 = VECTOR('',#6860,1.);
#6860 = DIRECTION('',(0.,1.));
#6861 = ( GEOMETRIC_REPRESENTATION_CONTEXT(2) 
PARAMETRIC_REPRESENTATION_CONTEXT() REPRESENTATION_CONTEXT('2D SPACE',''
  ) );
#6862 = PCURVE('',#6712,#6863);
#6863 = DEFINITIONAL_REPRESENTATION('',(#6864),#6868);
#6864 = LINE('',#6865,#6866);
#6865 = CARTESIAN_POINT('',(0.,0.));
#6866 = VECTOR('',#6867,1.);
#6867 = DIRECTION('',(1.,0.));
#6868 = ( GEOMETRIC_REPRESENTATION_CONTEXT(2) 
PARAMETRIC_REPRESENTATION_CONTEXT() REPRESENTATION_CONTEXT('2D SPACE',''
  ) );
#6869 = ORIENTED_EDGE('',*,*,#6727,.F.);
#6870 = ADVANCED_FACE('',(#6871),#6686,.T.);
#6871 = FACE_BOUND('',#6872,.T.);
#6872 = EDGE_LOOP('',(#6873,#6894,#6895,#6916));
#6873 = ORIENTED_EDGE('',*,*,#6874,.F.);
#6874 = EDGE_CURVE('',#6643,#6758,#6875,.T.);
#6875 = SURFACE_CURVE('',#6876,(#6880,#6887),.PCURVE_S1.);
#6876 = LINE('',#6877,#6878);
#6877 = CARTESIAN_POINT('',(4.5,-8.,-1.5));
#6878 = VECTOR('',#6879,1.);
#6879 = DIRECTION('',(1.,0.,0.));
#6880 = PCURVE('',#6686,#6881);
#6881 = DEFINITIONAL_REPRESENTATION('',(#6882),#6886);
#6882 = LINE('',#6883,#6884);
#6883 = CARTESIAN_POINT('',(0.,0.));
#6884 = VECTOR('',#6885,1.);
#6885 = DIRECTION('',(0.,1.));
#6886 = ( GEOMETRIC_REPRESENTATION_CONTEXT(2) 
PARAMETRIC_REPRESENTATION_CONTEXT() REPRESENTATION_CONTEXT('2D SPACE',''
  ) );
#6887 = PCURVE('',#6658,#6888);
#6888 = DEFINITIONAL_REPRESENTATION('',(#6889),#6893);
#6889 = LINE('',#6890,#6891);
#6890 = CARTESIAN_POINT('',(0.,2.));
#6891 = VECTOR('',#6892,1.);
#6892 = DIRECTION('',(1.,0.));
#6893 = ( GEOMETRIC_REPRESENTATION_CONTEXT(2) 
PARAMETRIC_REPRESENTATION_CONTEXT() REPRESENTATION_CONTEXT('2D SPACE',''
  ) );
#6894 = ORIENTED_EDGE('',*,*,#6670,.T.);
#6895 = ORIENTED_EDGE('',*,*,#6896,.T.);
#6896 = EDGE_CURVE('',#6671,#6781,#6897,.T.);
#6897 = SURFACE_CURVE('',#6898,(#6902,#6909),.PCURVE_S1.);
#6898 = LINE('',#6899,#6900);
#6899 = CARTESIAN_POINT('',(4.5,-8.,0.));
#6900 = VECTOR('',#6901,1.);
#6901 = DIRECTION('',(1.,0.,0.));
#6902 = PCURVE('',#6686,#6903);
#6903 = DEFINITIONAL_REPRESENTATION('',(#6904),#6908);
#6904 = LINE('',#6905,#6906);
#6905 = CARTESIAN_POINT('',(1.5,0.));
#6906 = VECTOR('',#6907,1.);
#6907 = DIRECTION('',(0.,1.));
#6908 = ( GEOMETRIC_REPRESENTATION_CONTEXT(2) 
PARAMETRIC_REPRESENTATION_CONTEXT() REPRESENTATION_CONTEXT('2D SPACE',''
  ) );
#6909 = PCURVE('',#6712,#6910);
#6910 = DEFINITIONAL_REPRESENTATION('',(#6911),#6915);
#6911 = LINE('',#6912,#6913);
#6912 = CARTESIAN_POINT('',(0.,2.));
#6913 = VECTOR('',#6914,1.);
#6914 = DIRECTION('',(1.,0.));
#6915 = ( GEOMETRIC_REPRESENTATION_CONTEXT(2) 
PARAMETRIC_REPRESENTATION_CONTEXT() REPRESENTATION_CONTEXT('2D SPACE',''
  ) );
#6916 = ORIENTED_EDGE('',*,*,#6780,.F.);
#6917 = ADVANCED_FACE('',(#6918),#6658,.F.);
#6918 = FACE_BOUND('',#6919,.F.);
#6919 = EDGE_LOOP('',(#6920,#6921,#6922,#6923));
#6920 = ORIENTED_EDGE('',*,*,#6642,.F.);
#6921 = ORIENTED_EDGE('',*,*,#6827,.T.);
#6922 = ORIENTED_EDGE('',*,*,#6757,.T.);
#6923 = ORIENTED_EDGE('',*,*,#6874,.F.);
#6924 = ADVANCED_FACE('',(#6925),#6712,.T.);
#6925 = FACE_BOUND('',#6926,.T.);
#6926 = EDGE_LOOP('',(#6927,#6928,#6929,#6930));
#6927 = ORIENTED_EDGE('',*,*,#6698,.F.);
#6928 = ORIENTED_EDGE('',*,*,#6849,.T.);
#6929 = ORIENTED_EDGE('',*,*,#6803,.T.);
#6930 = ORIENTED_EDGE('',*,*,#6896,.F.);
#6931 = ( GEOMETRIC_REPRESENTATION_CONTEXT(3) 
GLOBAL_UNCERTAINTY_ASSIGNED_CONTEXT((#6935)) 
GLOBAL_UNIT_ASSIGNED_CONTEXT((#6932,#6933,#6934)) REPRESENTATION_CONTEXT
('Context #1','3D Context with UNIT and UNCERTAINTY') );
#6932 = ( LENGTH_UNIT() NAMED_UNIT(*) SI_UNIT(.MILLI.,.METRE.) );
#6933 = ( NAMED_UNIT(*) PLANE_ANGLE_UNIT() SI_UNIT($,.RADIAN.) );
#6934 = ( NAMED_UNIT(*) SI_UNIT($,.STERADIAN.) SOLID_ANGLE_UNIT() );
#6935 = UNCERTAINTY_MEASURE_WITH_UNIT(LENGTH_MEASURE(1.E-07),#6932,
  'distance_accuracy_value','confusion accuracy');
#6936 = CONTEXT_DEPENDENT_SHAPE_REPRESENTATION(#6937,#6939);
#6937 = ( REPRESENTATION_RELATIONSHIP('','',#6270,#10) 
REPRESENTATION_RELATIONSHIP_WITH_TRANSFORMATION(#6938) 
SHAPE_REPRESENTATION_RELATIONSHIP() );
#6938 = ITEM_DEFINED_TRANSFORMATION('','',#11,#39);
#6939 = PRODUCT_DEFINITION_SHAPE('Placement','Placement of an item',
  #6940);
#6940 = NEXT_ASSEMBLY_USAGE_OCCURRENCE('7','LEDs','',#5,#6265,$);
#6941 = PRODUCT_RELATED_PRODUCT_CATEGORY('part',$,(#6267));
#6942 = SHAPE_DEFINITION_REPRESENTATION(#6943,#6949);
#6943 = PRODUCT_DEFINITION_SHAPE('','',#6944);
#6944 = PRODUCT_DEFINITION('design','',#6945,#6948);
#6945 = PRODUCT_DEFINITION_FORMATION('','',#6946);
#6946 = PRODUCT('Resistors','Resistors','',(#6947));
#6947 = PRODUCT_CONTEXT('',#2,'mechanical');
#6948 = PRODUCT_DEFINITION_CONTEXT('part definition',#2,'design');
#6949 = SHAPE_REPRESENTATION('',(#11,#6950,#7280,#7610),#7940);
#6950 = MANIFOLD_SOLID_BREP('',#6951);
#6951 = CLOSED_SHELL('',(#6952,#7072,#7172,#7219,#7266,#7273));
#6952 = ADVANCED_FACE('',(#6953),#6967,.F.);
#6953 = FACE_BOUND('',#6954,.F.);
#6954 = EDGE_LOOP('',(#6955,#6990,#7018,#7046));
#6955 = ORIENTED_EDGE('',*,*,#6956,.F.);
#6956 = EDGE_CURVE('',#6957,#6959,#6961,.T.);
#6957 = VERTEX_POINT('',#6958);
#6958 = CARTESIAN_POINT('',(-5.6,-2.2,-1.6));
#6959 = VERTEX_POINT('',#6960);
#6960 = CARTESIAN_POINT('',(-5.6,-2.2,0.));
#6961 = SURFACE_CURVE('',#6962,(#6966,#6978),.PCURVE_S1.);
#6962 = LINE('',#6963,#6964);
#6963 = CARTESIAN_POINT('',(-5.6,-2.2,-1.6));
#6964 = VECTOR('',#6965,1.);
#6965 = DIRECTION('',(0.,0.,1.));
#6966 = PCURVE('',#6967,#6972);
#6967 = PLANE('',#6968);
#6968 = AXIS2_PLACEMENT_3D('',#6969,#6970,#6971);
#6969 = CARTESIAN_POINT('',(-5.6,-2.2,-1.6));
#6970 = DIRECTION('',(1.,0.,0.));
#6971 = DIRECTION('',(0.,0.,1.));
#6972 = DEFINITIONAL_REPRESENTATION('',(#6973),#6977);
#6973 = LINE('',#6974,#6975);
#6974 = CARTESIAN_POINT('',(0.,0.));
#6975 = VECTOR('',#6976,1.);
#6976 = DIRECTION('',(1.,0.));
#6977 = ( GEOMETRIC_REPRESENTATION_CONTEXT(2) 
PARAMETRIC_REPRESENTATION_CONTEXT() REPRESENTATION_CONTEXT('2D SPACE',''
  ) );
#6978 = PCURVE('',#6979,#6984);
#6979 = PLANE('',#6980);
#6980 = AXIS2_PLACEMENT_3D('',#6981,#6982,#6983);
#6981 = CARTESIAN_POINT('',(-5.6,-2.2,-1.6));
#6982 = DIRECTION('',(0.,1.,0.));
#6983 = DIRECTION('',(0.,0.,1.));
#6984 = DEFINITIONAL_REPRESENTATION('',(#6985),#6989);
#6985 = LINE('',#6986,#6987);
#6986 = CARTESIAN_POINT('',(0.,0.));
#6987 = VECTOR('',#6988,1.);
#6988 = DIRECTION('',(1.,0.));
#6989 = ( GEOMETRIC_REPRESENTATION_CONTEXT(2) 
PARAMETRIC_REPRESENTATION_CONTEXT() REPRESENTATION_CONTEXT('2D SPACE',''
  ) );
#6990 = ORIENTED_EDGE('',*,*,#6991,.T.);
#6991 = EDGE_CURVE('',#6957,#6992,#6994,.T.);
#6992 = VERTEX_POINT('',#6993);
#6993 = CARTESIAN_POINT('',(-5.6,-0.8,-1.6));
#6994 = SURFACE_CURVE('',#6995,(#6999,#7006),.PCURVE_S1.);
#6995 = LINE('',#6996,#6997);
#6996 = CARTESIAN_POINT('',(-5.6,-2.2,-1.6));
#6997 = VECTOR('',#6998,1.);
#6998 = DIRECTION('',(0.,1.,0.));
#6999 = PCURVE('',#6967,#7000);
#7000 = DEFINITIONAL_REPRESENTATION('',(#7001),#7005);
#7001 = LINE('',#7002,#7003);
#7002 = CARTESIAN_POINT('',(0.,0.));
#7003 = VECTOR('',#7004,1.);
#7004 = DIRECTION('',(0.,-1.));
#7005 = ( GEOMETRIC_REPRESENTATION_CONTEXT(2) 
PARAMETRIC_REPRESENTATION_CONTEXT() REPRESENTATION_CONTEXT('2D SPACE',''
  ) );
#7006 = PCURVE('',#7007,#7012);
#7007 = PLANE('',#7008);
#7008 = AXIS2_PLACEMENT_3D('',#7009,#7010,#7011);
#7009 = CARTESIAN_POINT('',(-5.6,-2.2,-1.6));
#7010 = DIRECTION('',(0.,0.,1.));
#7011 = DIRECTION('',(1.,0.,0.));
#7012 = DEFINITIONAL_REPRESENTATION('',(#7013),#7017);
#7013 = LINE('',#7014,#7015);
#7014 = CARTESIAN_POINT('',(0.,0.));
#7015 = VECTOR('',#7016,1.);
#7016 = DIRECTION('',(0.,1.));
#7017 = ( GEOMETRIC_REPRESENTATION_CONTEXT(2) 
PARAMETRIC_REPRESENTATION_CONTEXT() REPRESENTATION_CONTEXT('2D SPACE',''
  ) );
#7018 = ORIENTED_EDGE('',*,*,#7019,.T.);
#7019 = EDGE_CURVE('',#6992,#7020,#7022,.T.);
#7020 = VERTEX_POINT('',#7021);
#7021 = CARTESIAN_POINT('',(-5.6,-0.8,0.));
#7022 = SURFACE_CURVE('',#7023,(#7027,#7034),.PCURVE_S1.);
#7023 = LINE('',#7024,#7025);
#7024 = CARTESIAN_POINT('',(-5.6,-0.8,-1.6));
#7025 = VECTOR('',#7026,1.);
#7026 = DIRECTION('',(0.,0.,1.));
#7027 = PCURVE('',#6967,#7028);
#7028 = DEFINITIONAL_REPRESENTATION('',(#7029),#7033);
#7029 = LINE('',#7030,#7031);
#7030 = CARTESIAN_POINT('',(0.,-1.4));
#7031 = VECTOR('',#7032,1.);
#7032 = DIRECTION('',(1.,0.));
#7033 = ( GEOMETRIC_REPRESENTATION_CONTEXT(2) 
PARAMETRIC_REPRESENTATION_CONTEXT() REPRESENTATION_CONTEXT('2D SPACE',''
  ) );
#7034 = PCURVE('',#7035,#7040);
#7035 = PLANE('',#7036);
#7036 = AXIS2_PLACEMENT_3D('',#7037,#7038,#7039);
#7037 = CARTESIAN_POINT('',(-5.6,-0.8,-1.6));
#7038 = DIRECTION('',(0.,1.,0.));
#7039 = DIRECTION('',(0.,0.,1.));
#7040 = DEFINITIONAL_REPRESENTATION('',(#7041),#7045);
#7041 = LINE('',#7042,#7043);
#7042 = CARTESIAN_POINT('',(0.,0.));
#7043 = VECTOR('',#7044,1.);
#7044 = DIRECTION('',(1.,0.));
#7045 = ( GEOMETRIC_REPRESENTATION_CONTEXT(2) 
PARAMETRIC_REPRESENTATION_CONTEXT() REPRESENTATION_CONTEXT('2D SPACE',''
  ) );
#7046 = ORIENTED_EDGE('',*,*,#7047,.F.);
#7047 = EDGE_CURVE('',#6959,#7020,#7048,.T.);
#7048 = SURFACE_CURVE('',#7049,(#7053,#7060),.PCURVE_S1.);
#7049 = LINE('',#7050,#7051);
#7050 = CARTESIAN_POINT('',(-5.6,-2.2,0.));
#7051 = VECTOR('',#7052,1.);
#7052 = DIRECTION('',(0.,1.,0.));
#7053 = PCURVE('',#6967,#7054);
#7054 = DEFINITIONAL_REPRESENTATION('',(#7055),#7059);
#7055 = LINE('',#7056,#7057);
#7056 = CARTESIAN_POINT('',(1.6,0.));
#7057 = VECTOR('',#7058,1.);
#7058 = DIRECTION('',(0.,-1.));
#7059 = ( GEOMETRIC_REPRESENTATION_CONTEXT(2) 
PARAMETRIC_REPRESENTATION_CONTEXT() REPRESENTATION_CONTEXT('2D SPACE',''
  ) );
#7060 = PCURVE('',#7061,#7066);
#7061 = PLANE('',#7062);
#7062 = AXIS2_PLACEMENT_3D('',#7063,#7064,#7065);
#7063 = CARTESIAN_POINT('',(-5.6,-2.2,0.));
#7064 = DIRECTION('',(0.,0.,1.));
#7065 = DIRECTION('',(1.,0.,0.));
#7066 = DEFINITIONAL_REPRESENTATION('',(#7067),#7071);
#7067 = LINE('',#7068,#7069);
#7068 = CARTESIAN_POINT('',(0.,0.));
#7069 = VECTOR('',#7070,1.);
#7070 = DIRECTION('',(0.,1.));
#7071 = ( GEOMETRIC_REPRESENTATION_CONTEXT(2) 
PARAMETRIC_REPRESENTATION_CONTEXT() REPRESENTATION_CONTEXT('2D SPACE',''
  ) );
#7072 = ADVANCED_FACE('',(#7073),#7087,.T.);
#7073 = FACE_BOUND('',#7074,.T.);
#7074 = EDGE_LOOP('',(#7075,#7105,#7128,#7151));
#7075 = ORIENTED_EDGE('',*,*,#7076,.F.);
#7076 = EDGE_CURVE('',#7077,#7079,#7081,.T.);
#7077 = VERTEX_POINT('',#7078);
#7078 = CARTESIAN_POINT('',(-2.4,-2.2,-1.6));
#7079 = VERTEX_POINT('',#7080);
#7080 = CARTESIAN_POINT('',(-2.4,-2.2,0.));
#7081 = SURFACE_CURVE('',#7082,(#7086,#7098),.PCURVE_S1.);
#7082 = LINE('',#7083,#7084);
#7083 = CARTESIAN_POINT('',(-2.4,-2.2,-1.6));
#7084 = VECTOR('',#7085,1.);
#7085 = DIRECTION('',(0.,0.,1.));
#7086 = PCURVE('',#7087,#7092);
#7087 = PLANE('',#7088);
#7088 = AXIS2_PLACEMENT_3D('',#7089,#7090,#7091);
#7089 = CARTESIAN_POINT('',(-2.4,-2.2,-1.6));
#7090 = DIRECTION('',(1.,0.,0.));
#7091 = DIRECTION('',(0.,0.,1.));
#7092 = DEFINITIONAL_REPRESENTATION('',(#7093),#7097);
#7093 = LINE('',#7094,#7095);
#7094 = CARTESIAN_POINT('',(0.,0.));
#7095 = VECTOR('',#7096,1.);
#7096 = DIRECTION('',(1.,0.));
#7097 = ( GEOMETRIC_REPRESENTATION_CONTEXT(2) 
PARAMETRIC_REPRESENTATION_CONTEXT() REPRESENTATION_CONTEXT('2D SPACE',''
  ) );
#7098 = PCURVE('',#6979,#7099);
#7099 = DEFINITIONAL_REPRESENTATION('',(#7100),#7104);
#7100 = LINE('',#7101,#7102);
#7101 = CARTESIAN_POINT('',(0.,3.2));
#7102 = VECTOR('',#7103,1.);
#7103 = DIRECTION('',(1.,0.));
#7104 = ( GEOMETRIC_REPRESENTATION_CONTEXT(2) 
PARAMETRIC_REPRESENTATION_CONTEXT() REPRESENTATION_CONTEXT('2D SPACE',''
  ) );
#7105 = ORIENTED_EDGE('',*,*,#7106,.T.);
#7106 = EDGE_CURVE('',#7077,#7107,#7109,.T.);
#7107 = VERTEX_POINT('',#7108);
#7108 = CARTESIAN_POINT('',(-2.4,-0.8,-1.6));
#7109 = SURFACE_CURVE('',#7110,(#7114,#7121),.PCURVE_S1.);
#7110 = LINE('',#7111,#7112);
#7111 = CARTESIAN_POINT('',(-2.4,-2.2,-1.6));
#7112 = VECTOR('',#7113,1.);
#7113 = DIRECTION('',(0.,1.,0.));
#7114 = PCURVE('',#7087,#7115);
#7115 = DEFINITIONAL_REPRESENTATION('',(#7116),#7120);
#7116 = LINE('',#7117,#7118);
#7117 = CARTESIAN_POINT('',(0.,0.));
#7118 = VECTOR('',#7119,1.);
#7119 = DIRECTION('',(0.,-1.));
#7120 = ( GEOMETRIC_REPRESENTATION_CONTEXT(2) 
PARAMETRIC_REPRESENTATION_CONTEXT() REPRESENTATION_CONTEXT('2D SPACE',''
  ) );
#7121 = PCURVE('',#7007,#7122);
#7122 = DEFINITIONAL_REPRESENTATION('',(#7123),#7127);
#7123 = LINE('',#7124,#7125);
#7124 = CARTESIAN_POINT('',(3.2,0.));
#7125 = VECTOR('',#7126,1.);
#7126 = DIRECTION('',(0.,1.));
#7127 = ( GEOMETRIC_REPRESENTATION_CONTEXT(2) 
PARAMETRIC_REPRESENTATION_CONTEXT() REPRESENTATION_CONTEXT('2D SPACE',''
  ) );
#7128 = ORIENTED_EDGE('',*,*,#7129,.T.);
#7129 = EDGE_CURVE('',#7107,#7130,#7132,.T.);
#7130 = VERTEX_POINT('',#7131);
#7131 = CARTESIAN_POINT('',(-2.4,-0.8,0.));
#7132 = SURFACE_CURVE('',#7133,(#7137,#7144),.PCURVE_S1.);
#7133 = LINE('',#7134,#7135);
#7134 = CARTESIAN_POINT('',(-2.4,-0.8,-1.6));
#7135 = VECTOR('',#7136,1.);
#7136 = DIRECTION('',(0.,0.,1.));
#7137 = PCURVE('',#7087,#7138);
#7138 = DEFINITIONAL_REPRESENTATION('',(#7139),#7143);
#7139 = LINE('',#7140,#7141);
#7140 = CARTESIAN_POINT('',(0.,-1.4));
#7141 = VECTOR('',#7142,1.);
#7142 = DIRECTION('',(1.,0.));
#7143 = ( GEOMETRIC_REPRESENTATION_CONTEXT(2) 
PARAMETRIC_REPRESENTATION_CONTEXT() REPRESENTATION_CONTEXT('2D SPACE',''
  ) );
#7144 = PCURVE('',#7035,#7145);
#7145 = DEFINITIONAL_REPRESENTATION('',(#7146),#7150);
#7146 = LINE('',#7147,#7148);
#7147 = CARTESIAN_POINT('',(0.,3.2));
#7148 = VECTOR('',#7149,1.);
#7149 = DIRECTION('',(1.,0.));
#7150 = ( GEOMETRIC_REPRESENTATION_CONTEXT(2) 
PARAMETRIC_REPRESENTATION_CONTEXT() REPRESENTATION_CONTEXT('2D SPACE',''
  ) );
#7151 = ORIENTED_EDGE('',*,*,#7152,.F.);
#7152 = EDGE_CURVE('',#7079,#7130,#7153,.T.);
#7153 = SURFACE_CURVE('',#7154,(#7158,#7165),.PCURVE_S1.);
#7154 = LINE('',#7155,#7156);
#7155 = CARTESIAN_POINT('',(-2.4,-2.2,0.));
#7156 = VECTOR('',#7157,1.);
#7157 = DIRECTION('',(0.,1.,0.));
#7158 = PCURVE('',#7087,#7159);
#7159 = DEFINITIONAL_REPRESENTATION('',(#7160),#7164);
#7160 = LINE('',#7161,#7162);
#7161 = CARTESIAN_POINT('',(1.6,0.));
#7162 = VECTOR('',#7163,1.);
#7163 = DIRECTION('',(0.,-1.));
#7164 = ( GEOMETRIC_REPRESENTATION_CONTEXT(2) 
PARAMETRIC_REPRESENTATION_CONTEXT() REPRESENTATION_CONTEXT('2D SPACE',''
  ) );
#7165 = PCURVE('',#7061,#7166);
#7166 = DEFINITIONAL_REPRESENTATION('',(#7167),#7171);
#7167 = LINE('',#7168,#7169);
#7168 = CARTESIAN_POINT('',(3.2,0.));
#7169 = VECTOR('',#7170,1.);
#7170 = DIRECTION('',(0.,1.));
#7171 = ( GEOMETRIC_REPRESENTATION_CONTEXT(2) 
PARAMETRIC_REPRESENTATION_CONTEXT() REPRESENTATION_CONTEXT('2D SPACE',''
  ) );
#7172 = ADVANCED_FACE('',(#7173),#6979,.F.);
#7173 = FACE_BOUND('',#7174,.F.);
#7174 = EDGE_LOOP('',(#7175,#7196,#7197,#7218));
#7175 = ORIENTED_EDGE('',*,*,#7176,.F.);
#7176 = EDGE_CURVE('',#6957,#7077,#7177,.T.);
#7177 = SURFACE_CURVE('',#7178,(#7182,#7189),.PCURVE_S1.);
#7178 = LINE('',#7179,#7180);
#7179 = CARTESIAN_POINT('',(-5.6,-2.2,-1.6));
#7180 = VECTOR('',#7181,1.);
#7181 = DIRECTION('',(1.,0.,0.));
#7182 = PCURVE('',#6979,#7183);
#7183 = DEFINITIONAL_REPRESENTATION('',(#7184),#7188);
#7184 = LINE('',#7185,#7186);
#7185 = CARTESIAN_POINT('',(0.,0.));
#7186 = VECTOR('',#7187,1.);
#7187 = DIRECTION('',(0.,1.));
#7188 = ( GEOMETRIC_REPRESENTATION_CONTEXT(2) 
PARAMETRIC_REPRESENTATION_CONTEXT() REPRESENTATION_CONTEXT('2D SPACE',''
  ) );
#7189 = PCURVE('',#7007,#7190);
#7190 = DEFINITIONAL_REPRESENTATION('',(#7191),#7195);
#7191 = LINE('',#7192,#7193);
#7192 = CARTESIAN_POINT('',(0.,0.));
#7193 = VECTOR('',#7194,1.);
#7194 = DIRECTION('',(1.,0.));
#7195 = ( GEOMETRIC_REPRESENTATION_CONTEXT(2) 
PARAMETRIC_REPRESENTATION_CONTEXT() REPRESENTATION_CONTEXT('2D SPACE',''
  ) );
#7196 = ORIENTED_EDGE('',*,*,#6956,.T.);
#7197 = ORIENTED_EDGE('',*,*,#7198,.T.);
#7198 = EDGE_CURVE('',#6959,#7079,#7199,.T.);
#7199 = SURFACE_CURVE('',#7200,(#7204,#7211),.PCURVE_S1.);
#7200 = LINE('',#7201,#7202);
#7201 = CARTESIAN_POINT('',(-5.6,-2.2,0.));
#7202 = VECTOR('',#7203,1.);
#7203 = DIRECTION('',(1.,0.,0.));
#7204 = PCURVE('',#6979,#7205);
#7205 = DEFINITIONAL_REPRESENTATION('',(#7206),#7210);
#7206 = LINE('',#7207,#7208);
#7207 = CARTESIAN_POINT('',(1.6,0.));
#7208 = VECTOR('',#7209,1.);
#7209 = DIRECTION('',(0.,1.));
#7210 = ( GEOMETRIC_REPRESENTATION_CONTEXT(2) 
PARAMETRIC_REPRESENTATION_CONTEXT() REPRESENTATION_CONTEXT('2D SPACE',''
  ) );
#7211 = PCURVE('',#7061,#7212);
#7212 = DEFINITIONAL_REPRESENTATION('',(#7213),#7217);
#7213 = LINE('',#7214,#7215);
#7214 = CARTESIAN_POINT('',(0.,0.));
#7215 = VECTOR('',#7216,1.);
#7216 = DIRECTION('',(1.,0.));
#7217 = ( GEOMETRIC_REPRESENTATION_CONTEXT(2) 
PARAMETRIC_REPRESENTATION_CONTEXT() REPRESENTATION_CONTEXT('2D SPACE',''
  ) );
#7218 = ORIENTED_EDGE('',*,*,#7076,.F.);
#7219 = ADVANCED_FACE('',(#7220),#7035,.T.);
#7220 = FACE_BOUND('',#7221,.T.);
#7221 = EDGE_LOOP('',(#7222,#7243,#7244,#7265));
#7222 = ORIENTED_EDGE('',*,*,#7223,.F.);
#7223 = EDGE_CURVE('',#6992,#7107,#7224,.T.);
#7224 = SURFACE_CURVE('',#7225,(#7229,#7236),.PCURVE_S1.);
#7225 = LINE('',#7226,#7227);
#7226 = CARTESIAN_POINT('',(-5.6,-0.8,-1.6));
#7227 = VECTOR('',#7228,1.);
#7228 = DIRECTION('',(1.,0.,0.));
#7229 = PCURVE('',#7035,#7230);
#7230 = DEFINITIONAL_REPRESENTATION('',(#7231),#7235);
#7231 = LINE('',#7232,#7233);
#7232 = CARTESIAN_POINT('',(0.,0.));
#7233 = VECTOR('',#7234,1.);
#7234 = DIRECTION('',(0.,1.));
#7235 = ( GEOMETRIC_REPRESENTATION_CONTEXT(2) 
PARAMETRIC_REPRESENTATION_CONTEXT() REPRESENTATION_CONTEXT('2D SPACE',''
  ) );
#7236 = PCURVE('',#7007,#7237);
#7237 = DEFINITIONAL_REPRESENTATION('',(#7238),#7242);
#7238 = LINE('',#7239,#7240);
#7239 = CARTESIAN_POINT('',(0.,1.4));
#7240 = VECTOR('',#7241,1.);
#7241 = DIRECTION('',(1.,0.));
#7242 = ( GEOMETRIC_REPRESENTATION_CONTEXT(2) 
PARAMETRIC_REPRESENTATION_CONTEXT() REPRESENTATION_CONTEXT('2D SPACE',''
  ) );
#7243 = ORIENTED_EDGE('',*,*,#7019,.T.);
#7244 = ORIENTED_EDGE('',*,*,#7245,.T.);
#7245 = EDGE_CURVE('',#7020,#7130,#7246,.T.);
#7246 = SURFACE_CURVE('',#7247,(#7251,#7258),.PCURVE_S1.);
#7247 = LINE('',#7248,#7249);
#7248 = CARTESIAN_POINT('',(-5.6,-0.8,0.));
#7249 = VECTOR('',#7250,1.);
#7250 = DIRECTION('',(1.,0.,0.));
#7251 = PCURVE('',#7035,#7252);
#7252 = DEFINITIONAL_REPRESENTATION('',(#7253),#7257);
#7253 = LINE('',#7254,#7255);
#7254 = CARTESIAN_POINT('',(1.6,0.));
#7255 = VECTOR('',#7256,1.);
#7256 = DIRECTION('',(0.,1.));
#7257 = ( GEOMETRIC_REPRESENTATION_CONTEXT(2) 
PARAMETRIC_REPRESENTATION_CONTEXT() REPRESENTATION_CONTEXT('2D SPACE',''
  ) );
#7258 = PCURVE('',#7061,#7259);
#7259 = DEFINITIONAL_REPRESENTATION('',(#7260),#7264);
#7260 = LINE('',#7261,#7262);
#7261 = CARTESIAN_POINT('',(0.,1.4));
#7262 = VECTOR('',#7263,1.);
#7263 = DIRECTION('',(1.,0.));
#7264 = ( GEOMETRIC_REPRESENTATION_CONTEXT(2) 
PARAMETRIC_REPRESENTATION_CONTEXT() REPRESENTATION_CONTEXT('2D SPACE',''
  ) );
#7265 = ORIENTED_EDGE('',*,*,#7129,.F.);
#7266 = ADVANCED_FACE('',(#7267),#7007,.F.);
#7267 = FACE_BOUND('',#7268,.F.);
#7268 = EDGE_LOOP('',(#7269,#7270,#7271,#7272));
#7269 = ORIENTED_EDGE('',*,*,#6991,.F.);
#7270 = ORIENTED_EDGE('',*,*,#7176,.T.);
#7271 = ORIENTED_EDGE('',*,*,#7106,.T.);
#7272 = ORIENTED_EDGE('',*,*,#7223,.F.);
#7273 = ADVANCED_FACE('',(#7274),#7061,.T.);
#7274 = FACE_BOUND('',#7275,.T.);
#7275 = EDGE_LOOP('',(#7276,#7277,#7278,#7279));
#7276 = ORIENTED_EDGE('',*,*,#7047,.F.);
#7277 = ORIENTED_EDGE('',*,*,#7198,.T.);
#7278 = ORIENTED_EDGE('',*,*,#7152,.T.);
#7279 = ORIENTED_EDGE('',*,*,#7245,.F.);
#7280 = MANIFOLD_SOLID_BREP('',#7281);
#7281 = CLOSED_SHELL('',(#7282,#7402,#7502,#7549,#7596,#7603));
#7282 = ADVANCED_FACE('',(#7283),#7297,.F.);
#7283 = FACE_BOUND('',#7284,.F.);
#7284 = EDGE_LOOP('',(#7285,#7320,#7348,#7376));
#7285 = ORIENTED_EDGE('',*,*,#7286,.F.);
#7286 = EDGE_CURVE('',#7287,#7289,#7291,.T.);
#7287 = VERTEX_POINT('',#7288);
#7288 = CARTESIAN_POINT('',(-7.8,-11.4,-1.6));
#7289 = VERTEX_POINT('',#7290);
#7290 = CARTESIAN_POINT('',(-7.8,-11.4,0.));
#7291 = SURFACE_CURVE('',#7292,(#7296,#7308),.PCURVE_S1.);
#7292 = LINE('',#7293,#7294);
#7293 = CARTESIAN_POINT('',(-7.8,-11.4,-1.6));
#7294 = VECTOR('',#7295,1.);
#7295 = DIRECTION('',(0.,0.,1.));
#7296 = PCURVE('',#7297,#7302);
#7297 = PLANE('',#7298);
#7298 = AXIS2_PLACEMENT_3D('',#7299,#7300,#7301);
#7299 = CARTESIAN_POINT('',(-7.8,-11.4,-1.6));
#7300 = DIRECTION('',(1.,0.,0.));
#7301 = DIRECTION('',(0.,0.,1.));
#7302 = DEFINITIONAL_REPRESENTATION('',(#7303),#7307);
#7303 = LINE('',#7304,#7305);
#7304 = CARTESIAN_POINT('',(0.,0.));
#7305 = VECTOR('',#7306,1.);
#7306 = DIRECTION('',(1.,0.));
#7307 = ( GEOMETRIC_REPRESENTATION_CONTEXT(2) 
PARAMETRIC_REPRESENTATION_CONTEXT() REPRESENTATION_CONTEXT('2D SPACE',''
  ) );
#7308 = PCURVE('',#7309,#7314);
#7309 = PLANE('',#7310);
#7310 = AXIS2_PLACEMENT_3D('',#7311,#7312,#7313);
#7311 = CARTESIAN_POINT('',(-7.8,-11.4,-1.6));
#7312 = DIRECTION('',(0.,1.,0.));
#7313 = DIRECTION('',(0.,0.,1.));
#7314 = DEFINITIONAL_REPRESENTATION('',(#7315),#7319);
#7315 = LINE('',#7316,#7317);
#7316 = CARTESIAN_POINT('',(0.,0.));
#7317 = VECTOR('',#7318,1.);
#7318 = DIRECTION('',(1.,0.));
#7319 = ( GEOMETRIC_REPRESENTATION_CONTEXT(2) 
PARAMETRIC_REPRESENTATION_CONTEXT() REPRESENTATION_CONTEXT('2D SPACE',''
  ) );
#7320 = ORIENTED_EDGE('',*,*,#7321,.T.);
#7321 = EDGE_CURVE('',#7287,#7322,#7324,.T.);
#7322 = VERTEX_POINT('',#7323);
#7323 = CARTESIAN_POINT('',(-7.8,-10.,-1.6));
#7324 = SURFACE_CURVE('',#7325,(#7329,#7336),.PCURVE_S1.);
#7325 = LINE('',#7326,#7327);
#7326 = CARTESIAN_POINT('',(-7.8,-11.4,-1.6));
#7327 = VECTOR('',#7328,1.);
#7328 = DIRECTION('',(0.,1.,0.));
#7329 = PCURVE('',#7297,#7330);
#7330 = DEFINITIONAL_REPRESENTATION('',(#7331),#7335);
#7331 = LINE('',#7332,#7333);
#7332 = CARTESIAN_POINT('',(0.,0.));
#7333 = VECTOR('',#7334,1.);
#7334 = DIRECTION('',(0.,-1.));
#7335 = ( GEOMETRIC_REPRESENTATION_CONTEXT(2) 
PARAMETRIC_REPRESENTATION_CONTEXT() REPRESENTATION_CONTEXT('2D SPACE',''
  ) );
#7336 = PCURVE('',#7337,#7342);
#7337 = PLANE('',#7338);
#7338 = AXIS2_PLACEMENT_3D('',#7339,#7340,#7341);
#7339 = CARTESIAN_POINT('',(-7.8,-11.4,-1.6));
#7340 = DIRECTION('',(0.,0.,1.));
#7341 = DIRECTION('',(1.,0.,0.));
#7342 = DEFINITIONAL_REPRESENTATION('',(#7343),#7347);
#7343 = LINE('',#7344,#7345);
#7344 = CARTESIAN_POINT('',(0.,0.));
#7345 = VECTOR('',#7346,1.);
#7346 = DIRECTION('',(0.,1.));
#7347 = ( GEOMETRIC_REPRESENTATION_CONTEXT(2) 
PARAMETRIC_REPRESENTATION_CONTEXT() REPRESENTATION_CONTEXT('2D SPACE',''
  ) );
#7348 = ORIENTED_EDGE('',*,*,#7349,.T.);
#7349 = EDGE_CURVE('',#7322,#7350,#7352,.T.);
#7350 = VERTEX_POINT('',#7351);
#7351 = CARTESIAN_POINT('',(-7.8,-10.,0.));
#7352 = SURFACE_CURVE('',#7353,(#7357,#7364),.PCURVE_S1.);
#7353 = LINE('',#7354,#7355);
#7354 = CARTESIAN_POINT('',(-7.8,-10.,-1.6));
#7355 = VECTOR('',#7356,1.);
#7356 = DIRECTION('',(0.,0.,1.));
#7357 = PCURVE('',#7297,#7358);
#7358 = DEFINITIONAL_REPRESENTATION('',(#7359),#7363);
#7359 = LINE('',#7360,#7361);
#7360 = CARTESIAN_POINT('',(0.,-1.4));
#7361 = VECTOR('',#7362,1.);
#7362 = DIRECTION('',(1.,0.));
#7363 = ( GEOMETRIC_REPRESENTATION_CONTEXT(2) 
PARAMETRIC_REPRESENTATION_CONTEXT() REPRESENTATION_CONTEXT('2D SPACE',''
  ) );
#7364 = PCURVE('',#7365,#7370);
#7365 = PLANE('',#7366);
#7366 = AXIS2_PLACEMENT_3D('',#7367,#7368,#7369);
#7367 = CARTESIAN_POINT('',(-7.8,-10.,-1.6));
#7368 = DIRECTION('',(0.,1.,0.));
#7369 = DIRECTION('',(0.,0.,1.));
#7370 = DEFINITIONAL_REPRESENTATION('',(#7371),#7375);
#7371 = LINE('',#7372,#7373);
#7372 = CARTESIAN_POINT('',(0.,0.));
#7373 = VECTOR('',#7374,1.);
#7374 = DIRECTION('',(1.,0.));
#7375 = ( GEOMETRIC_REPRESENTATION_CONTEXT(2) 
PARAMETRIC_REPRESENTATION_CONTEXT() REPRESENTATION_CONTEXT('2D SPACE',''
  ) );
#7376 = ORIENTED_EDGE('',*,*,#7377,.F.);
#7377 = EDGE_CURVE('',#7289,#7350,#7378,.T.);
#7378 = SURFACE_CURVE('',#7379,(#7383,#7390),.PCURVE_S1.);
#7379 = LINE('',#7380,#7381);
#7380 = CARTESIAN_POINT('',(-7.8,-11.4,0.));
#7381 = VECTOR('',#7382,1.);
#7382 = DIRECTION('',(0.,1.,0.));
#7383 = PCURVE('',#7297,#7384);
#7384 = DEFINITIONAL_REPRESENTATION('',(#7385),#7389);
#7385 = LINE('',#7386,#7387);
#7386 = CARTESIAN_POINT('',(1.6,0.));
#7387 = VECTOR('',#7388,1.);
#7388 = DIRECTION('',(0.,-1.));
#7389 = ( GEOMETRIC_REPRESENTATION_CONTEXT(2) 
PARAMETRIC_REPRESENTATION_CONTEXT() REPRESENTATION_CONTEXT('2D SPACE',''
  ) );
#7390 = PCURVE('',#7391,#7396);
#7391 = PLANE('',#7392);
#7392 = AXIS2_PLACEMENT_3D('',#7393,#7394,#7395);
#7393 = CARTESIAN_POINT('',(-7.8,-11.4,0.));
#7394 = DIRECTION('',(0.,0.,1.));
#7395 = DIRECTION('',(1.,0.,0.));
#7396 = DEFINITIONAL_REPRESENTATION('',(#7397),#7401);
#7397 = LINE('',#7398,#7399);
#7398 = CARTESIAN_POINT('',(0.,0.));
#7399 = VECTOR('',#7400,1.);
#7400 = DIRECTION('',(0.,1.));
#7401 = ( GEOMETRIC_REPRESENTATION_CONTEXT(2) 
PARAMETRIC_REPRESENTATION_CONTEXT() REPRESENTATION_CONTEXT('2D SPACE',''
  ) );
#7402 = ADVANCED_FACE('',(#7403),#7417,.T.);
#7403 = FACE_BOUND('',#7404,.T.);
#7404 = EDGE_LOOP('',(#7405,#7435,#7458,#7481));
#7405 = ORIENTED_EDGE('',*,*,#7406,.F.);
#7406 = EDGE_CURVE('',#7407,#7409,#7411,.T.);
#7407 = VERTEX_POINT('',#7408);
#7408 = CARTESIAN_POINT('',(-4.6,-11.4,-1.6));
#7409 = VERTEX_POINT('',#7410);
#7410 = CARTESIAN_POINT('',(-4.6,-11.4,0.));
#7411 = SURFACE_CURVE('',#7412,(#7416,#7428),.PCURVE_S1.);
#7412 = LINE('',#7413,#7414);
#7413 = CARTESIAN_POINT('',(-4.6,-11.4,-1.6));
#7414 = VECTOR('',#7415,1.);
#7415 = DIRECTION('',(0.,0.,1.));
#7416 = PCURVE('',#7417,#7422);
#7417 = PLANE('',#7418);
#7418 = AXIS2_PLACEMENT_3D('',#7419,#7420,#7421);
#7419 = CARTESIAN_POINT('',(-4.6,-11.4,-1.6));
#7420 = DIRECTION('',(1.,0.,0.));
#7421 = DIRECTION('',(0.,0.,1.));
#7422 = DEFINITIONAL_REPRESENTATION('',(#7423),#7427);
#7423 = LINE('',#7424,#7425);
#7424 = CARTESIAN_POINT('',(0.,0.));
#7425 = VECTOR('',#7426,1.);
#7426 = DIRECTION('',(1.,0.));
#7427 = ( GEOMETRIC_REPRESENTATION_CONTEXT(2) 
PARAMETRIC_REPRESENTATION_CONTEXT() REPRESENTATION_CONTEXT('2D SPACE',''
  ) );
#7428 = PCURVE('',#7309,#7429);
#7429 = DEFINITIONAL_REPRESENTATION('',(#7430),#7434);
#7430 = LINE('',#7431,#7432);
#7431 = CARTESIAN_POINT('',(0.,3.2));
#7432 = VECTOR('',#7433,1.);
#7433 = DIRECTION('',(1.,0.));
#7434 = ( GEOMETRIC_REPRESENTATION_CONTEXT(2) 
PARAMETRIC_REPRESENTATION_CONTEXT() REPRESENTATION_CONTEXT('2D SPACE',''
  ) );
#7435 = ORIENTED_EDGE('',*,*,#7436,.T.);
#7436 = EDGE_CURVE('',#7407,#7437,#7439,.T.);
#7437 = VERTEX_POINT('',#7438);
#7438 = CARTESIAN_POINT('',(-4.6,-10.,-1.6));
#7439 = SURFACE_CURVE('',#7440,(#7444,#7451),.PCURVE_S1.);
#7440 = LINE('',#7441,#7442);
#7441 = CARTESIAN_POINT('',(-4.6,-11.4,-1.6));
#7442 = VECTOR('',#7443,1.);
#7443 = DIRECTION('',(0.,1.,0.));
#7444 = PCURVE('',#7417,#7445);
#7445 = DEFINITIONAL_REPRESENTATION('',(#7446),#7450);
#7446 = LINE('',#7447,#7448);
#7447 = CARTESIAN_POINT('',(0.,0.));
#7448 = VECTOR('',#7449,1.);
#7449 = DIRECTION('',(0.,-1.));
#7450 = ( GEOMETRIC_REPRESENTATION_CONTEXT(2) 
PARAMETRIC_REPRESENTATION_CONTEXT() REPRESENTATION_CONTEXT('2D SPACE',''
  ) );
#7451 = PCURVE('',#7337,#7452);
#7452 = DEFINITIONAL_REPRESENTATION('',(#7453),#7457);
#7453 = LINE('',#7454,#7455);
#7454 = CARTESIAN_POINT('',(3.2,0.));
#7455 = VECTOR('',#7456,1.);
#7456 = DIRECTION('',(0.,1.));
#7457 = ( GEOMETRIC_REPRESENTATION_CONTEXT(2) 
PARAMETRIC_REPRESENTATION_CONTEXT() REPRESENTATION_CONTEXT('2D SPACE',''
  ) );
#7458 = ORIENTED_EDGE('',*,*,#7459,.T.);
#7459 = EDGE_CURVE('',#7437,#7460,#7462,.T.);
#7460 = VERTEX_POINT('',#7461);
#7461 = CARTESIAN_POINT('',(-4.6,-10.,0.));
#7462 = SURFACE_CURVE('',#7463,(#7467,#7474),.PCURVE_S1.);
#7463 = LINE('',#7464,#7465);
#7464 = CARTESIAN_POINT('',(-4.6,-10.,-1.6));
#7465 = VECTOR('',#7466,1.);
#7466 = DIRECTION('',(0.,0.,1.));
#7467 = PCURVE('',#7417,#7468);
#7468 = DEFINITIONAL_REPRESENTATION('',(#7469),#7473);
#7469 = LINE('',#7470,#7471);
#7470 = CARTESIAN_POINT('',(0.,-1.4));
#7471 = VECTOR('',#7472,1.);
#7472 = DIRECTION('',(1.,0.));
#7473 = ( GEOMETRIC_REPRESENTATION_CONTEXT(2) 
PARAMETRIC_REPRESENTATION_CONTEXT() REPRESENTATION_CONTEXT('2D SPACE',''
  ) );
#7474 = PCURVE('',#7365,#7475);
#7475 = DEFINITIONAL_REPRESENTATION('',(#7476),#7480);
#7476 = LINE('',#7477,#7478);
#7477 = CARTESIAN_POINT('',(0.,3.2));
#7478 = VECTOR('',#7479,1.);
#7479 = DIRECTION('',(1.,0.));
#7480 = ( GEOMETRIC_REPRESENTATION_CONTEXT(2) 
PARAMETRIC_REPRESENTATION_CONTEXT() REPRESENTATION_CONTEXT('2D SPACE',''
  ) );
#7481 = ORIENTED_EDGE('',*,*,#7482,.F.);
#7482 = EDGE_CURVE('',#7409,#7460,#7483,.T.);
#7483 = SURFACE_CURVE('',#7484,(#7488,#7495),.PCURVE_S1.);
#7484 = LINE('',#7485,#7486);
#7485 = CARTESIAN_POINT('',(-4.6,-11.4,0.));
#7486 = VECTOR('',#7487,1.);
#7487 = DIRECTION('',(0.,1.,0.));
#7488 = PCURVE('',#7417,#7489);
#7489 = DEFINITIONAL_REPRESENTATION('',(#7490),#7494);
#7490 = LINE('',#7491,#7492);
#7491 = CARTESIAN_POINT('',(1.6,0.));
#7492 = VECTOR('',#7493,1.);
#7493 = DIRECTION('',(0.,-1.));
#7494 = ( GEOMETRIC_REPRESENTATION_CONTEXT(2) 
PARAMETRIC_REPRESENTATION_CONTEXT() REPRESENTATION_CONTEXT('2D SPACE',''
  ) );
#7495 = PCURVE('',#7391,#7496);
#7496 = DEFINITIONAL_REPRESENTATION('',(#7497),#7501);
#7497 = LINE('',#7498,#7499);
#7498 = CARTESIAN_POINT('',(3.2,0.));
#7499 = VECTOR('',#7500,1.);
#7500 = DIRECTION('',(0.,1.));
#7501 = ( GEOMETRIC_REPRESENTATION_CONTEXT(2) 
PARAMETRIC_REPRESENTATION_CONTEXT() REPRESENTATION_CONTEXT('2D SPACE',''
  ) );
#7502 = ADVANCED_FACE('',(#7503),#7309,.F.);
#7503 = FACE_BOUND('',#7504,.F.);
#7504 = EDGE_LOOP('',(#7505,#7526,#7527,#7548));
#7505 = ORIENTED_EDGE('',*,*,#7506,.F.);
#7506 = EDGE_CURVE('',#7287,#7407,#7507,.T.);
#7507 = SURFACE_CURVE('',#7508,(#7512,#7519),.PCURVE_S1.);
#7508 = LINE('',#7509,#7510);
#7509 = CARTESIAN_POINT('',(-7.8,-11.4,-1.6));
#7510 = VECTOR('',#7511,1.);
#7511 = DIRECTION('',(1.,0.,0.));
#7512 = PCURVE('',#7309,#7513);
#7513 = DEFINITIONAL_REPRESENTATION('',(#7514),#7518);
#7514 = LINE('',#7515,#7516);
#7515 = CARTESIAN_POINT('',(0.,0.));
#7516 = VECTOR('',#7517,1.);
#7517 = DIRECTION('',(0.,1.));
#7518 = ( GEOMETRIC_REPRESENTATION_CONTEXT(2) 
PARAMETRIC_REPRESENTATION_CONTEXT() REPRESENTATION_CONTEXT('2D SPACE',''
  ) );
#7519 = PCURVE('',#7337,#7520);
#7520 = DEFINITIONAL_REPRESENTATION('',(#7521),#7525);
#7521 = LINE('',#7522,#7523);
#7522 = CARTESIAN_POINT('',(0.,0.));
#7523 = VECTOR('',#7524,1.);
#7524 = DIRECTION('',(1.,0.));
#7525 = ( GEOMETRIC_REPRESENTATION_CONTEXT(2) 
PARAMETRIC_REPRESENTATION_CONTEXT() REPRESENTATION_CONTEXT('2D SPACE',''
  ) );
#7526 = ORIENTED_EDGE('',*,*,#7286,.T.);
#7527 = ORIENTED_EDGE('',*,*,#7528,.T.);
#7528 = EDGE_CURVE('',#7289,#7409,#7529,.T.);
#7529 = SURFACE_CURVE('',#7530,(#7534,#7541),.PCURVE_S1.);
#7530 = LINE('',#7531,#7532);
#7531 = CARTESIAN_POINT('',(-7.8,-11.4,0.));
#7532 = VECTOR('',#7533,1.);
#7533 = DIRECTION('',(1.,0.,0.));
#7534 = PCURVE('',#7309,#7535);
#7535 = DEFINITIONAL_REPRESENTATION('',(#7536),#7540);
#7536 = LINE('',#7537,#7538);
#7537 = CARTESIAN_POINT('',(1.6,0.));
#7538 = VECTOR('',#7539,1.);
#7539 = DIRECTION('',(0.,1.));
#7540 = ( GEOMETRIC_REPRESENTATION_CONTEXT(2) 
PARAMETRIC_REPRESENTATION_CONTEXT() REPRESENTATION_CONTEXT('2D SPACE',''
  ) );
#7541 = PCURVE('',#7391,#7542);
#7542 = DEFINITIONAL_REPRESENTATION('',(#7543),#7547);
#7543 = LINE('',#7544,#7545);
#7544 = CARTESIAN_POINT('',(0.,0.));
#7545 = VECTOR('',#7546,1.);
#7546 = DIRECTION('',(1.,0.));
#7547 = ( GEOMETRIC_REPRESENTATION_CONTEXT(2) 
PARAMETRIC_REPRESENTATION_CONTEXT() REPRESENTATION_CONTEXT('2D SPACE',''
  ) );
#7548 = ORIENTED_EDGE('',*,*,#7406,.F.);
#7549 = ADVANCED_FACE('',(#7550),#7365,.T.);
#7550 = FACE_BOUND('',#7551,.T.);
#7551 = EDGE_LOOP('',(#7552,#7573,#7574,#7595));
#7552 = ORIENTED_EDGE('',*,*,#7553,.F.);
#7553 = EDGE_CURVE('',#7322,#7437,#7554,.T.);
#7554 = SURFACE_CURVE('',#7555,(#7559,#7566),.PCURVE_S1.);
#7555 = LINE('',#7556,#7557);
#7556 = CARTESIAN_POINT('',(-7.8,-10.,-1.6));
#7557 = VECTOR('',#7558,1.);
#7558 = DIRECTION('',(1.,0.,0.));
#7559 = PCURVE('',#7365,#7560);
#7560 = DEFINITIONAL_REPRESENTATION('',(#7561),#7565);
#7561 = LINE('',#7562,#7563);
#7562 = CARTESIAN_POINT('',(0.,0.));
#7563 = VECTOR('',#7564,1.);
#7564 = DIRECTION('',(0.,1.));
#7565 = ( GEOMETRIC_REPRESENTATION_CONTEXT(2) 
PARAMETRIC_REPRESENTATION_CONTEXT() REPRESENTATION_CONTEXT('2D SPACE',''
  ) );
#7566 = PCURVE('',#7337,#7567);
#7567 = DEFINITIONAL_REPRESENTATION('',(#7568),#7572);
#7568 = LINE('',#7569,#7570);
#7569 = CARTESIAN_POINT('',(0.,1.4));
#7570 = VECTOR('',#7571,1.);
#7571 = DIRECTION('',(1.,0.));
#7572 = ( GEOMETRIC_REPRESENTATION_CONTEXT(2) 
PARAMETRIC_REPRESENTATION_CONTEXT() REPRESENTATION_CONTEXT('2D SPACE',''
  ) );
#7573 = ORIENTED_EDGE('',*,*,#7349,.T.);
#7574 = ORIENTED_EDGE('',*,*,#7575,.T.);
#7575 = EDGE_CURVE('',#7350,#7460,#7576,.T.);
#7576 = SURFACE_CURVE('',#7577,(#7581,#7588),.PCURVE_S1.);
#7577 = LINE('',#7578,#7579);
#7578 = CARTESIAN_POINT('',(-7.8,-10.,0.));
#7579 = VECTOR('',#7580,1.);
#7580 = DIRECTION('',(1.,0.,0.));
#7581 = PCURVE('',#7365,#7582);
#7582 = DEFINITIONAL_REPRESENTATION('',(#7583),#7587);
#7583 = LINE('',#7584,#7585);
#7584 = CARTESIAN_POINT('',(1.6,0.));
#7585 = VECTOR('',#7586,1.);
#7586 = DIRECTION('',(0.,1.));
#7587 = ( GEOMETRIC_REPRESENTATION_CONTEXT(2) 
PARAMETRIC_REPRESENTATION_CONTEXT() REPRESENTATION_CONTEXT('2D SPACE',''
  ) );
#7588 = PCURVE('',#7391,#7589);
#7589 = DEFINITIONAL_REPRESENTATION('',(#7590),#7594);
#7590 = LINE('',#7591,#7592);
#7591 = CARTESIAN_POINT('',(0.,1.4));
#7592 = VECTOR('',#7593,1.);
#7593 = DIRECTION('',(1.,0.));
#7594 = ( GEOMETRIC_REPRESENTATION_CONTEXT(2) 
PARAMETRIC_REPRESENTATION_CONTEXT() REPRESENTATION_CONTEXT('2D SPACE',''
  ) );
#7595 = ORIENTED_EDGE('',*,*,#7459,.F.);
#7596 = ADVANCED_FACE('',(#7597),#7337,.F.);
#7597 = FACE_BOUND('',#7598,.F.);
#7598 = EDGE_LOOP('',(#7599,#7600,#7601,#7602));
#7599 = ORIENTED_EDGE('',*,*,#7321,.F.);
#7600 = ORIENTED_EDGE('',*,*,#7506,.T.);
#7601 = ORIENTED_EDGE('',*,*,#7436,.T.);
#7602 = ORIENTED_EDGE('',*,*,#7553,.F.);
#7603 = ADVANCED_FACE('',(#7604),#7391,.T.);
#7604 = FACE_BOUND('',#7605,.T.);
#7605 = EDGE_LOOP('',(#7606,#7607,#7608,#7609));
#7606 = ORIENTED_EDGE('',*,*,#7377,.F.);
#7607 = ORIENTED_EDGE('',*,*,#7528,.T.);
#7608 = ORIENTED_EDGE('',*,*,#7482,.T.);
#7609 = ORIENTED_EDGE('',*,*,#7575,.F.);
#7610 = MANIFOLD_SOLID_BREP('',#7611);
#7611 = CLOSED_SHELL('',(#7612,#7732,#7832,#7879,#7926,#7933));
#7612 = ADVANCED_FACE('',(#7613),#7627,.F.);
#7613 = FACE_BOUND('',#7614,.F.);
#7614 = EDGE_LOOP('',(#7615,#7650,#7678,#7706));
#7615 = ORIENTED_EDGE('',*,*,#7616,.F.);
#7616 = EDGE_CURVE('',#7617,#7619,#7621,.T.);
#7617 = VERTEX_POINT('',#7618);
#7618 = CARTESIAN_POINT('',(4.6,-11.4,-1.6));
#7619 = VERTEX_POINT('',#7620);
#7620 = CARTESIAN_POINT('',(4.6,-11.4,0.));
#7621 = SURFACE_CURVE('',#7622,(#7626,#7638),.PCURVE_S1.);
#7622 = LINE('',#7623,#7624);
#7623 = CARTESIAN_POINT('',(4.6,-11.4,-1.6));
#7624 = VECTOR('',#7625,1.);
#7625 = DIRECTION('',(0.,0.,1.));
#7626 = PCURVE('',#7627,#7632);
#7627 = PLANE('',#7628);
#7628 = AXIS2_PLACEMENT_3D('',#7629,#7630,#7631);
#7629 = CARTESIAN_POINT('',(4.6,-11.4,-1.6));
#7630 = DIRECTION('',(1.,0.,0.));
#7631 = DIRECTION('',(0.,0.,1.));
#7632 = DEFINITIONAL_REPRESENTATION('',(#7633),#7637);
#7633 = LINE('',#7634,#7635);
#7634 = CARTESIAN_POINT('',(0.,0.));
#7635 = VECTOR('',#7636,1.);
#7636 = DIRECTION('',(1.,0.));
#7637 = ( GEOMETRIC_REPRESENTATION_CONTEXT(2) 
PARAMETRIC_REPRESENTATION_CONTEXT() REPRESENTATION_CONTEXT('2D SPACE',''
  ) );
#7638 = PCURVE('',#7639,#7644);
#7639 = PLANE('',#7640);
#7640 = AXIS2_PLACEMENT_3D('',#7641,#7642,#7643);
#7641 = CARTESIAN_POINT('',(4.6,-11.4,-1.6));
#7642 = DIRECTION('',(0.,1.,0.));
#7643 = DIRECTION('',(0.,0.,1.));
#7644 = DEFINITIONAL_REPRESENTATION('',(#7645),#7649);
#7645 = LINE('',#7646,#7647);
#7646 = CARTESIAN_POINT('',(0.,0.));
#7647 = VECTOR('',#7648,1.);
#7648 = DIRECTION('',(1.,0.));
#7649 = ( GEOMETRIC_REPRESENTATION_CONTEXT(2) 
PARAMETRIC_REPRESENTATION_CONTEXT() REPRESENTATION_CONTEXT('2D SPACE',''
  ) );
#7650 = ORIENTED_EDGE('',*,*,#7651,.T.);
#7651 = EDGE_CURVE('',#7617,#7652,#7654,.T.);
#7652 = VERTEX_POINT('',#7653);
#7653 = CARTESIAN_POINT('',(4.6,-10.,-1.6));
#7654 = SURFACE_CURVE('',#7655,(#7659,#7666),.PCURVE_S1.);
#7655 = LINE('',#7656,#7657);
#7656 = CARTESIAN_POINT('',(4.6,-11.4,-1.6));
#7657 = VECTOR('',#7658,1.);
#7658 = DIRECTION('',(0.,1.,0.));
#7659 = PCURVE('',#7627,#7660);
#7660 = DEFINITIONAL_REPRESENTATION('',(#7661),#7665);
#7661 = LINE('',#7662,#7663);
#7662 = CARTESIAN_POINT('',(0.,0.));
#7663 = VECTOR('',#7664,1.);
#7664 = DIRECTION('',(0.,-1.));
#7665 = ( GEOMETRIC_REPRESENTATION_CONTEXT(2) 
PARAMETRIC_REPRESENTATION_CONTEXT() REPRESENTATION_CONTEXT('2D SPACE',''
  ) );
#7666 = PCURVE('',#7667,#7672);
#7667 = PLANE('',#7668);
#7668 = AXIS2_PLACEMENT_3D('',#7669,#7670,#7671);
#7669 = CARTESIAN_POINT('',(4.6,-11.4,-1.6));
#7670 = DIRECTION('',(0.,0.,1.));
#7671 = DIRECTION('',(1.,0.,0.));
#7672 = DEFINITIONAL_REPRESENTATION('',(#7673),#7677);
#7673 = LINE('',#7674,#7675);
#7674 = CARTESIAN_POINT('',(0.,0.));
#7675 = VECTOR('',#7676,1.);
#7676 = DIRECTION('',(0.,1.));
#7677 = ( GEOMETRIC_REPRESENTATION_CONTEXT(2) 
PARAMETRIC_REPRESENTATION_CONTEXT() REPRESENTATION_CONTEXT('2D SPACE',''
  ) );
#7678 = ORIENTED_EDGE('',*,*,#7679,.T.);
#7679 = EDGE_CURVE('',#7652,#7680,#7682,.T.);
#7680 = VERTEX_POINT('',#7681);
#7681 = CARTESIAN_POINT('',(4.6,-10.,0.));
#7682 = SURFACE_CURVE('',#7683,(#7687,#7694),.PCURVE_S1.);
#7683 = LINE('',#7684,#7685);
#7684 = CARTESIAN_POINT('',(4.6,-10.,-1.6));
#7685 = VECTOR('',#7686,1.);
#7686 = DIRECTION('',(0.,0.,1.));
#7687 = PCURVE('',#7627,#7688);
#7688 = DEFINITIONAL_REPRESENTATION('',(#7689),#7693);
#7689 = LINE('',#7690,#7691);
#7690 = CARTESIAN_POINT('',(0.,-1.4));
#7691 = VECTOR('',#7692,1.);
#7692 = DIRECTION('',(1.,0.));
#7693 = ( GEOMETRIC_REPRESENTATION_CONTEXT(2) 
PARAMETRIC_REPRESENTATION_CONTEXT() REPRESENTATION_CONTEXT('2D SPACE',''
  ) );
#7694 = PCURVE('',#7695,#7700);
#7695 = PLANE('',#7696);
#7696 = AXIS2_PLACEMENT_3D('',#7697,#7698,#7699);
#7697 = CARTESIAN_POINT('',(4.6,-10.,-1.6));
#7698 = DIRECTION('',(0.,1.,0.));
#7699 = DIRECTION('',(0.,0.,1.));
#7700 = DEFINITIONAL_REPRESENTATION('',(#7701),#7705);
#7701 = LINE('',#7702,#7703);
#7702 = CARTESIAN_POINT('',(0.,0.));
#7703 = VECTOR('',#7704,1.);
#7704 = DIRECTION('',(1.,0.));
#7705 = ( GEOMETRIC_REPRESENTATION_CONTEXT(2) 
PARAMETRIC_REPRESENTATION_CONTEXT() REPRESENTATION_CONTEXT('2D SPACE',''
  ) );
#7706 = ORIENTED_EDGE('',*,*,#7707,.F.);
#7707 = EDGE_CURVE('',#7619,#7680,#7708,.T.);
#7708 = SURFACE_CURVE('',#7709,(#7713,#7720),.PCURVE_S1.);
#7709 = LINE('',#7710,#7711);
#7710 = CARTESIAN_POINT('',(4.6,-11.4,0.));
#7711 = VECTOR('',#7712,1.);
#7712 = DIRECTION('',(0.,1.,0.));
#7713 = PCURVE('',#7627,#7714);
#7714 = DEFINITIONAL_REPRESENTATION('',(#7715),#7719);
#7715 = LINE('',#7716,#7717);
#7716 = CARTESIAN_POINT('',(1.6,0.));
#7717 = VECTOR('',#7718,1.);
#7718 = DIRECTION('',(0.,-1.));
#7719 = ( GEOMETRIC_REPRESENTATION_CONTEXT(2) 
PARAMETRIC_REPRESENTATION_CONTEXT() REPRESENTATION_CONTEXT('2D SPACE',''
  ) );
#7720 = PCURVE('',#7721,#7726);
#7721 = PLANE('',#7722);
#7722 = AXIS2_PLACEMENT_3D('',#7723,#7724,#7725);
#7723 = CARTESIAN_POINT('',(4.6,-11.4,0.));
#7724 = DIRECTION('',(0.,0.,1.));
#7725 = DIRECTION('',(1.,0.,0.));
#7726 = DEFINITIONAL_REPRESENTATION('',(#7727),#7731);
#7727 = LINE('',#7728,#7729);
#7728 = CARTESIAN_POINT('',(0.,0.));
#7729 = VECTOR('',#7730,1.);
#7730 = DIRECTION('',(0.,1.));
#7731 = ( GEOMETRIC_REPRESENTATION_CONTEXT(2) 
PARAMETRIC_REPRESENTATION_CONTEXT() REPRESENTATION_CONTEXT('2D SPACE',''
  ) );
#7732 = ADVANCED_FACE('',(#7733),#7747,.T.);
#7733 = FACE_BOUND('',#7734,.T.);
#7734 = EDGE_LOOP('',(#7735,#7765,#7788,#7811));
#7735 = ORIENTED_EDGE('',*,*,#7736,.F.);
#7736 = EDGE_CURVE('',#7737,#7739,#7741,.T.);
#7737 = VERTEX_POINT('',#7738);
#7738 = CARTESIAN_POINT('',(7.8,-11.4,-1.6));
#7739 = VERTEX_POINT('',#7740);
#7740 = CARTESIAN_POINT('',(7.8,-11.4,0.));
#7741 = SURFACE_CURVE('',#7742,(#7746,#7758),.PCURVE_S1.);
#7742 = LINE('',#7743,#7744);
#7743 = CARTESIAN_POINT('',(7.8,-11.4,-1.6));
#7744 = VECTOR('',#7745,1.);
#7745 = DIRECTION('',(0.,0.,1.));
#7746 = PCURVE('',#7747,#7752);
#7747 = PLANE('',#7748);
#7748 = AXIS2_PLACEMENT_3D('',#7749,#7750,#7751);
#7749 = CARTESIAN_POINT('',(7.8,-11.4,-1.6));
#7750 = DIRECTION('',(1.,0.,0.));
#7751 = DIRECTION('',(0.,0.,1.));
#7752 = DEFINITIONAL_REPRESENTATION('',(#7753),#7757);
#7753 = LINE('',#7754,#7755);
#7754 = CARTESIAN_POINT('',(0.,0.));
#7755 = VECTOR('',#7756,1.);
#7756 = DIRECTION('',(1.,0.));
#7757 = ( GEOMETRIC_REPRESENTATION_CONTEXT(2) 
PARAMETRIC_REPRESENTATION_CONTEXT() REPRESENTATION_CONTEXT('2D SPACE',''
  ) );
#7758 = PCURVE('',#7639,#7759);
#7759 = DEFINITIONAL_REPRESENTATION('',(#7760),#7764);
#7760 = LINE('',#7761,#7762);
#7761 = CARTESIAN_POINT('',(0.,3.2));
#7762 = VECTOR('',#7763,1.);
#7763 = DIRECTION('',(1.,0.));
#7764 = ( GEOMETRIC_REPRESENTATION_CONTEXT(2) 
PARAMETRIC_REPRESENTATION_CONTEXT() REPRESENTATION_CONTEXT('2D SPACE',''
  ) );
#7765 = ORIENTED_EDGE('',*,*,#7766,.T.);
#7766 = EDGE_CURVE('',#7737,#7767,#7769,.T.);
#7767 = VERTEX_POINT('',#7768);
#7768 = CARTESIAN_POINT('',(7.8,-10.,-1.6));
#7769 = SURFACE_CURVE('',#7770,(#7774,#7781),.PCURVE_S1.);
#7770 = LINE('',#7771,#7772);
#7771 = CARTESIAN_POINT('',(7.8,-11.4,-1.6));
#7772 = VECTOR('',#7773,1.);
#7773 = DIRECTION('',(0.,1.,0.));
#7774 = PCURVE('',#7747,#7775);
#7775 = DEFINITIONAL_REPRESENTATION('',(#7776),#7780);
#7776 = LINE('',#7777,#7778);
#7777 = CARTESIAN_POINT('',(0.,0.));
#7778 = VECTOR('',#7779,1.);
#7779 = DIRECTION('',(0.,-1.));
#7780 = ( GEOMETRIC_REPRESENTATION_CONTEXT(2) 
PARAMETRIC_REPRESENTATION_CONTEXT() REPRESENTATION_CONTEXT('2D SPACE',''
  ) );
#7781 = PCURVE('',#7667,#7782);
#7782 = DEFINITIONAL_REPRESENTATION('',(#7783),#7787);
#7783 = LINE('',#7784,#7785);
#7784 = CARTESIAN_POINT('',(3.2,0.));
#7785 = VECTOR('',#7786,1.);
#7786 = DIRECTION('',(0.,1.));
#7787 = ( GEOMETRIC_REPRESENTATION_CONTEXT(2) 
PARAMETRIC_REPRESENTATION_CONTEXT() REPRESENTATION_CONTEXT('2D SPACE',''
  ) );
#7788 = ORIENTED_EDGE('',*,*,#7789,.T.);
#7789 = EDGE_CURVE('',#7767,#7790,#7792,.T.);
#7790 = VERTEX_POINT('',#7791);
#7791 = CARTESIAN_POINT('',(7.8,-10.,0.));
#7792 = SURFACE_CURVE('',#7793,(#7797,#7804),.PCURVE_S1.);
#7793 = LINE('',#7794,#7795);
#7794 = CARTESIAN_POINT('',(7.8,-10.,-1.6));
#7795 = VECTOR('',#7796,1.);
#7796 = DIRECTION('',(0.,0.,1.));
#7797 = PCURVE('',#7747,#7798);
#7798 = DEFINITIONAL_REPRESENTATION('',(#7799),#7803);
#7799 = LINE('',#7800,#7801);
#7800 = CARTESIAN_POINT('',(0.,-1.4));
#7801 = VECTOR('',#7802,1.);
#7802 = DIRECTION('',(1.,0.));
#7803 = ( GEOMETRIC_REPRESENTATION_CONTEXT(2) 
PARAMETRIC_REPRESENTATION_CONTEXT() REPRESENTATION_CONTEXT('2D SPACE',''
  ) );
#7804 = PCURVE('',#7695,#7805);
#7805 = DEFINITIONAL_REPRESENTATION('',(#7806),#7810);
#7806 = LINE('',#7807,#7808);
#7807 = CARTESIAN_POINT('',(0.,3.2));
#7808 = VECTOR('',#7809,1.);
#7809 = DIRECTION('',(1.,0.));
#7810 = ( GEOMETRIC_REPRESENTATION_CONTEXT(2) 
PARAMETRIC_REPRESENTATION_CONTEXT() REPRESENTATION_CONTEXT('2D SPACE',''
  ) );
#7811 = ORIENTED_EDGE('',*,*,#7812,.F.);
#7812 = EDGE_CURVE('',#7739,#7790,#7813,.T.);
#7813 = SURFACE_CURVE('',#7814,(#7818,#7825),.PCURVE_S1.);
#7814 = LINE('',#7815,#7816);
#7815 = CARTESIAN_POINT('',(7.8,-11.4,0.));
#7816 = VECTOR('',#7817,1.);
#7817 = DIRECTION('',(0.,1.,0.));
#7818 = PCURVE('',#7747,#7819);
#7819 = DEFINITIONAL_REPRESENTATION('',(#7820),#7824);
#7820 = LINE('',#7821,#7822);
#7821 = CARTESIAN_POINT('',(1.6,0.));
#7822 = VECTOR('',#7823,1.);
#7823 = DIRECTION('',(0.,-1.));
#7824 = ( GEOMETRIC_REPRESENTATION_CONTEXT(2) 
PARAMETRIC_REPRESENTATION_CONTEXT() REPRESENTATION_CONTEXT('2D SPACE',''
  ) );
#7825 = PCURVE('',#7721,#7826);
#7826 = DEFINITIONAL_REPRESENTATION('',(#7827),#7831);
#7827 = LINE('',#7828,#7829);
#7828 = CARTESIAN_POINT('',(3.2,0.));
#7829 = VECTOR('',#7830,1.);
#7830 = DIRECTION('',(0.,1.));
#7831 = ( GEOMETRIC_REPRESENTATION_CONTEXT(2) 
PARAMETRIC_REPRESENTATION_CONTEXT() REPRESENTATION_CONTEXT('2D SPACE',''
  ) );
#7832 = ADVANCED_FACE('',(#7833),#7639,.F.);
#7833 = FACE_BOUND('',#7834,.F.);
#7834 = EDGE_LOOP('',(#7835,#7856,#7857,#7878));
#7835 = ORIENTED_EDGE('',*,*,#7836,.F.);
#7836 = EDGE_CURVE('',#7617,#7737,#7837,.T.);
#7837 = SURFACE_CURVE('',#7838,(#7842,#7849),.PCURVE_S1.);
#7838 = LINE('',#7839,#7840);
#7839 = CARTESIAN_POINT('',(4.6,-11.4,-1.6));
#7840 = VECTOR('',#7841,1.);
#7841 = DIRECTION('',(1.,0.,0.));
#7842 = PCURVE('',#7639,#7843);
#7843 = DEFINITIONAL_REPRESENTATION('',(#7844),#7848);
#7844 = LINE('',#7845,#7846);
#7845 = CARTESIAN_POINT('',(0.,0.));
#7846 = VECTOR('',#7847,1.);
#7847 = DIRECTION('',(0.,1.));
#7848 = ( GEOMETRIC_REPRESENTATION_CONTEXT(2) 
PARAMETRIC_REPRESENTATION_CONTEXT() REPRESENTATION_CONTEXT('2D SPACE',''
  ) );
#7849 = PCURVE('',#7667,#7850);
#7850 = DEFINITIONAL_REPRESENTATION('',(#7851),#7855);
#7851 = LINE('',#7852,#7853);
#7852 = CARTESIAN_POINT('',(0.,0.));
#7853 = VECTOR('',#7854,1.);
#7854 = DIRECTION('',(1.,0.));
#7855 = ( GEOMETRIC_REPRESENTATION_CONTEXT(2) 
PARAMETRIC_REPRESENTATION_CONTEXT() REPRESENTATION_CONTEXT('2D SPACE',''
  ) );
#7856 = ORIENTED_EDGE('',*,*,#7616,.T.);
#7857 = ORIENTED_EDGE('',*,*,#7858,.T.);
#7858 = EDGE_CURVE('',#7619,#7739,#7859,.T.);
#7859 = SURFACE_CURVE('',#7860,(#7864,#7871),.PCURVE_S1.);
#7860 = LINE('',#7861,#7862);
#7861 = CARTESIAN_POINT('',(4.6,-11.4,0.));
#7862 = VECTOR('',#7863,1.);
#7863 = DIRECTION('',(1.,0.,0.));
#7864 = PCURVE('',#7639,#7865);
#7865 = DEFINITIONAL_REPRESENTATION('',(#7866),#7870);
#7866 = LINE('',#7867,#7868);
#7867 = CARTESIAN_POINT('',(1.6,0.));
#7868 = VECTOR('',#7869,1.);
#7869 = DIRECTION('',(0.,1.));
#7870 = ( GEOMETRIC_REPRESENTATION_CONTEXT(2) 
PARAMETRIC_REPRESENTATION_CONTEXT() REPRESENTATION_CONTEXT('2D SPACE',''
  ) );
#7871 = PCURVE('',#7721,#7872);
#7872 = DEFINITIONAL_REPRESENTATION('',(#7873),#7877);
#7873 = LINE('',#7874,#7875);
#7874 = CARTESIAN_POINT('',(0.,0.));
#7875 = VECTOR('',#7876,1.);
#7876 = DIRECTION('',(1.,0.));
#7877 = ( GEOMETRIC_REPRESENTATION_CONTEXT(2) 
PARAMETRIC_REPRESENTATION_CONTEXT() REPRESENTATION_CONTEXT('2D SPACE',''
  ) );
#7878 = ORIENTED_EDGE('',*,*,#7736,.F.);
#7879 = ADVANCED_FACE('',(#7880),#7695,.T.);
#7880 = FACE_BOUND('',#7881,.T.);
#7881 = EDGE_LOOP('',(#7882,#7903,#7904,#7925));
#7882 = ORIENTED_EDGE('',*,*,#7883,.F.);
#7883 = EDGE_CURVE('',#7652,#7767,#7884,.T.);
#7884 = SURFACE_CURVE('',#7885,(#7889,#7896),.PCURVE_S1.);
#7885 = LINE('',#7886,#7887);
#7886 = CARTESIAN_POINT('',(4.6,-10.,-1.6));
#7887 = VECTOR('',#7888,1.);
#7888 = DIRECTION('',(1.,0.,0.));
#7889 = PCURVE('',#7695,#7890);
#7890 = DEFINITIONAL_REPRESENTATION('',(#7891),#7895);
#7891 = LINE('',#7892,#7893);
#7892 = CARTESIAN_POINT('',(0.,0.));
#7893 = VECTOR('',#7894,1.);
#7894 = DIRECTION('',(0.,1.));
#7895 = ( GEOMETRIC_REPRESENTATION_CONTEXT(2) 
PARAMETRIC_REPRESENTATION_CONTEXT() REPRESENTATION_CONTEXT('2D SPACE',''
  ) );
#7896 = PCURVE('',#7667,#7897);
#7897 = DEFINITIONAL_REPRESENTATION('',(#7898),#7902);
#7898 = LINE('',#7899,#7900);
#7899 = CARTESIAN_POINT('',(0.,1.4));
#7900 = VECTOR('',#7901,1.);
#7901 = DIRECTION('',(1.,0.));
#7902 = ( GEOMETRIC_REPRESENTATION_CONTEXT(2) 
PARAMETRIC_REPRESENTATION_CONTEXT() REPRESENTATION_CONTEXT('2D SPACE',''
  ) );
#7903 = ORIENTED_EDGE('',*,*,#7679,.T.);
#7904 = ORIENTED_EDGE('',*,*,#7905,.T.);
#7905 = EDGE_CURVE('',#7680,#7790,#7906,.T.);
#7906 = SURFACE_CURVE('',#7907,(#7911,#7918),.PCURVE_S1.);
#7907 = LINE('',#7908,#7909);
#7908 = CARTESIAN_POINT('',(4.6,-10.,0.));
#7909 = VECTOR('',#7910,1.);
#7910 = DIRECTION('',(1.,0.,0.));
#7911 = PCURVE('',#7695,#7912);
#7912 = DEFINITIONAL_REPRESENTATION('',(#7913),#7917);
#7913 = LINE('',#7914,#7915);
#7914 = CARTESIAN_POINT('',(1.6,0.));
#7915 = VECTOR('',#7916,1.);
#7916 = DIRECTION('',(0.,1.));
#7917 = ( GEOMETRIC_REPRESENTATION_CONTEXT(2) 
PARAMETRIC_REPRESENTATION_CONTEXT() REPRESENTATION_CONTEXT('2D SPACE',''
  ) );
#7918 = PCURVE('',#7721,#7919);
#7919 = DEFINITIONAL_REPRESENTATION('',(#7920),#7924);
#7920 = LINE('',#7921,#7922);
#7921 = CARTESIAN_POINT('',(0.,1.4));
#7922 = VECTOR('',#7923,1.);
#7923 = DIRECTION('',(1.,0.));
#7924 = ( GEOMETRIC_REPRESENTATION_CONTEXT(2) 
PARAMETRIC_REPRESENTATION_CONTEXT() REPRESENTATION_CONTEXT('2D SPACE',''
  ) );
#7925 = ORIENTED_EDGE('',*,*,#7789,.F.);
#7926 = ADVANCED_FACE('',(#7927),#7667,.F.);
#7927 = FACE_BOUND('',#7928,.F.);
#7928 = EDGE_LOOP('',(#7929,#7930,#7931,#7932));
#7929 = ORIENTED_EDGE('',*,*,#7651,.F.);
#7930 = ORIENTED_EDGE('',*,*,#7836,.T.);
#7931 = ORIENTED_EDGE('',*,*,#7766,.T.);
#7932 = ORIENTED_EDGE('',*,*,#7883,.F.);
#7933 = ADVANCED_FACE('',(#7934),#7721,.T.);
#7934 = FACE_BOUND('',#7935,.T.);
#7935 = EDGE_LOOP('',(#7936,#7937,#7938,#7939));
#7936 = ORIENTED_EDGE('',*,*,#7707,.F.);
#7937 = ORIENTED_EDGE('',*,*,#7858,.T.);
#7938 = ORIENTED_EDGE('',*,*,#7812,.T.);
#7939 = ORIENTED_EDGE('',*,*,#7905,.F.);
#7940 = ( GEOMETRIC_REPRESENTATION_CONTEXT(3) 
GLOBAL_UNCERTAINTY_ASSIGNED_CONTEXT((#7944)) 
GLOBAL_UNIT_ASSIGNED_CONTEXT((#7941,#7942,#7943)) REPRESENTATION_CONTEXT
('Context #1','3D Context with UNIT and UNCERTAINTY') );
#7941 = ( LENGTH_UNIT() NAMED_UNIT(*) SI_UNIT(.MILLI.,.METRE.) );
#7942 = ( NAMED_UNIT(*) PLANE_ANGLE_UNIT() SI_UNIT($,.RADIAN.) );
#7943 = ( NAMED_UNIT(*) SI_UNIT($,.STERADIAN.) SOLID_ANGLE_UNIT() );
#7944 = UNCERTAINTY_MEASURE_WITH_UNIT(LENGTH_MEASURE(1.E-07),#7941,
  'distance_accuracy_value','confusion accuracy');
#7945 = CONTEXT_DEPENDENT_SHAPE_REPRESENTATION(#7946,#7948);
#7946 = ( REPRESENTATION_RELATIONSHIP('','',#6949,#10) 
REPRESENTATION_RELATIONSHIP_WITH_TRANSFORMATION(#7947) 
SHAPE_REPRESENTATION_RELATIONSHIP() );
#7947 = ITEM_DEFINED_TRANSFORMATION('','',#11,#43);
#7948 = PRODUCT_DEFINITION_SHAPE('Placement','Placement of an item',
  #7949);
#7949 = NEXT_ASSEMBLY_USAGE_OCCURRENCE('8','Resistors','',#5,#6944,$);
#7950 = PRODUCT_RELATED_PRODUCT_CATEGORY('part',$,(#6946));
#7951 = SHAPE_DEFINITION_REPRESENTATION(#7952,#7958);
#7952 = PRODUCT_DEFINITION_SHAPE('','',#7953);
#7953 = PRODUCT_DEFINITION('design','',#7954,#7957);
#7954 = PRODUCT_DEFINITION_FORMATION('','',#7955);
#7955 = PRODUCT('Capacitors','Capacitors','',(#7956));
#7956 = PRODUCT_CONTEXT('',#2,'mechanical');
#7957 = PRODUCT_DEFINITION_CONTEXT('part definition',#2,'design');
#7958 = SHAPE_REPRESENTATION('',(#11,#7959,#8289,#8619),#8949);
#7959 = MANIFOLD_SOLID_BREP('',#7960);
#7960 = CLOSED_SHELL('',(#7961,#8081,#8181,#8228,#8275,#8282));
#7961 = ADVANCED_FACE('',(#7962),#7976,.F.);
#7962 = FACE_BOUND('',#7963,.F.);
#7963 = EDGE_LOOP('',(#7964,#7999,#8027,#8055));
#7964 = ORIENTED_EDGE('',*,*,#7965,.F.);
#7965 = EDGE_CURVE('',#7966,#7968,#7970,.T.);
#7966 = VERTEX_POINT('',#7967);
#7967 = CARTESIAN_POINT('',(-5.8,-13.9,-1.2));
#7968 = VERTEX_POINT('',#7969);
#7969 = CARTESIAN_POINT('',(-5.8,-13.9,0.));
#7970 = SURFACE_CURVE('',#7971,(#7975,#7987),.PCURVE_S1.);
#7971 = LINE('',#7972,#7973);
#7972 = CARTESIAN_POINT('',(-5.8,-13.9,-1.2));
#7973 = VECTOR('',#7974,1.);
#7974 = DIRECTION('',(0.,0.,1.));
#7975 = PCURVE('',#7976,#7981);
#7976 = PLANE('',#7977);
#7977 = AXIS2_PLACEMENT_3D('',#7978,#7979,#7980);
#7978 = CARTESIAN_POINT('',(-5.8,-13.9,-1.2));
#7979 = DIRECTION('',(1.,0.,0.));
#7980 = DIRECTION('',(0.,0.,1.));
#7981 = DEFINITIONAL_REPRESENTATION('',(#7982),#7986);
#7982 = LINE('',#7983,#7984);
#7983 = CARTESIAN_POINT('',(0.,0.));
#7984 = VECTOR('',#7985,1.);
#7985 = DIRECTION('',(1.,0.));
#7986 = ( GEOMETRIC_REPRESENTATION_CONTEXT(2) 
PARAMETRIC_REPRESENTATION_CONTEXT() REPRESENTATION_CONTEXT('2D SPACE',''
  ) );
#7987 = PCURVE('',#7988,#7993);
#7988 = PLANE('',#7989);
#7989 = AXIS2_PLACEMENT_3D('',#7990,#7991,#7992);
#7990 = CARTESIAN_POINT('',(-5.8,-13.9,-1.2));
#7991 = DIRECTION('',(0.,1.,0.));
#7992 = DIRECTION('',(0.,0.,1.));
#7993 = DEFINITIONAL_REPRESENTATION('',(#7994),#7998);
#7994 = LINE('',#7995,#7996);
#7995 = CARTESIAN_POINT('',(0.,0.));
#7996 = VECTOR('',#7997,1.);
#7997 = DIRECTION('',(1.,0.));
#7998 = ( GEOMETRIC_REPRESENTATION_CONTEXT(2) 
PARAMETRIC_REPRESENTATION_CONTEXT() REPRESENTATION_CONTEXT('2D SPACE',''
  ) );
#7999 = ORIENTED_EDGE('',*,*,#8000,.T.);
#8000 = EDGE_CURVE('',#7966,#8001,#8003,.T.);
#8001 = VERTEX_POINT('',#8002);
#8002 = CARTESIAN_POINT('',(-5.8,-12.5,-1.2));
#8003 = SURFACE_CURVE('',#8004,(#8008,#8015),.PCURVE_S1.);
#8004 = LINE('',#8005,#8006);
#8005 = CARTESIAN_POINT('',(-5.8,-13.9,-1.2));
#8006 = VECTOR('',#8007,1.);
#8007 = DIRECTION('',(0.,1.,0.));
#8008 = PCURVE('',#7976,#8009);
#8009 = DEFINITIONAL_REPRESENTATION('',(#8010),#8014);
#8010 = LINE('',#8011,#8012);
#8011 = CARTESIAN_POINT('',(0.,0.));
#8012 = VECTOR('',#8013,1.);
#8013 = DIRECTION('',(0.,-1.));
#8014 = ( GEOMETRIC_REPRESENTATION_CONTEXT(2) 
PARAMETRIC_REPRESENTATION_CONTEXT() REPRESENTATION_CONTEXT('2D SPACE',''
  ) );
#8015 = PCURVE('',#8016,#8021);
#8016 = PLANE('',#8017);
#8017 = AXIS2_PLACEMENT_3D('',#8018,#8019,#8020);
#8018 = CARTESIAN_POINT('',(-5.8,-13.9,-1.2));
#8019 = DIRECTION('',(0.,0.,1.));
#8020 = DIRECTION('',(1.,0.,0.));
#8021 = DEFINITIONAL_REPRESENTATION('',(#8022),#8026);
#8022 = LINE('',#8023,#8024);
#8023 = CARTESIAN_POINT('',(0.,0.));
#8024 = VECTOR('',#8025,1.);
#8025 = DIRECTION('',(0.,1.));
#8026 = ( GEOMETRIC_REPRESENTATION_CONTEXT(2) 
PARAMETRIC_REPRESENTATION_CONTEXT() REPRESENTATION_CONTEXT('2D SPACE',''
  ) );
#8027 = ORIENTED_EDGE('',*,*,#8028,.T.);
#8028 = EDGE_CURVE('',#8001,#8029,#8031,.T.);
#8029 = VERTEX_POINT('',#8030);
#8030 = CARTESIAN_POINT('',(-5.8,-12.5,0.));
#8031 = SURFACE_CURVE('',#8032,(#8036,#8043),.PCURVE_S1.);
#8032 = LINE('',#8033,#8034);
#8033 = CARTESIAN_POINT('',(-5.8,-12.5,-1.2));
#8034 = VECTOR('',#8035,1.);
#8035 = DIRECTION('',(0.,0.,1.));
#8036 = PCURVE('',#7976,#8037);
#8037 = DEFINITIONAL_REPRESENTATION('',(#8038),#8042);
#8038 = LINE('',#8039,#8040);
#8039 = CARTESIAN_POINT('',(0.,-1.4));
#8040 = VECTOR('',#8041,1.);
#8041 = DIRECTION('',(1.,0.));
#8042 = ( GEOMETRIC_REPRESENTATION_CONTEXT(2) 
PARAMETRIC_REPRESENTATION_CONTEXT() REPRESENTATION_CONTEXT('2D SPACE',''
  ) );
#8043 = PCURVE('',#8044,#8049);
#8044 = PLANE('',#8045);
#8045 = AXIS2_PLACEMENT_3D('',#8046,#8047,#8048);
#8046 = CARTESIAN_POINT('',(-5.8,-12.5,-1.2));
#8047 = DIRECTION('',(0.,1.,0.));
#8048 = DIRECTION('',(0.,0.,1.));
#8049 = DEFINITIONAL_REPRESENTATION('',(#8050),#8054);
#8050 = LINE('',#8051,#8052);
#8051 = CARTESIAN_POINT('',(0.,0.));
#8052 = VECTOR('',#8053,1.);
#8053 = DIRECTION('',(1.,0.));
#8054 = ( GEOMETRIC_REPRESENTATION_CONTEXT(2) 
PARAMETRIC_REPRESENTATION_CONTEXT() REPRESENTATION_CONTEXT('2D SPACE',''
  ) );
#8055 = ORIENTED_EDGE('',*,*,#8056,.F.);
#8056 = EDGE_CURVE('',#7968,#8029,#8057,.T.);
#8057 = SURFACE_CURVE('',#8058,(#8062,#8069),.PCURVE_S1.);
#8058 = LINE('',#8059,#8060);
#8059 = CARTESIAN_POINT('',(-5.8,-13.9,0.));
#8060 = VECTOR('',#8061,1.);
#8061 = DIRECTION('',(0.,1.,0.));
#8062 = PCURVE('',#7976,#8063);
#8063 = DEFINITIONAL_REPRESENTATION('',(#8064),#8068);
#8064 = LINE('',#8065,#8066);
#8065 = CARTESIAN_POINT('',(1.2,0.));
#8066 = VECTOR('',#8067,1.);
#8067 = DIRECTION('',(0.,-1.));
#8068 = ( GEOMETRIC_REPRESENTATION_CONTEXT(2) 
PARAMETRIC_REPRESENTATION_CONTEXT() REPRESENTATION_CONTEXT('2D SPACE',''
  ) );
#8069 = PCURVE('',#8070,#8075);
#8070 = PLANE('',#8071);
#8071 = AXIS2_PLACEMENT_3D('',#8072,#8073,#8074);
#8072 = CARTESIAN_POINT('',(-5.8,-13.9,0.));
#8073 = DIRECTION('',(0.,0.,1.));
#8074 = DIRECTION('',(1.,0.,0.));
#8075 = DEFINITIONAL_REPRESENTATION('',(#8076),#8080);
#8076 = LINE('',#8077,#8078);
#8077 = CARTESIAN_POINT('',(0.,0.));
#8078 = VECTOR('',#8079,1.);
#8079 = DIRECTION('',(0.,1.));
#8080 = ( GEOMETRIC_REPRESENTATION_CONTEXT(2) 
PARAMETRIC_REPRESENTATION_CONTEXT() REPRESENTATION_CONTEXT('2D SPACE',''
  ) );
#8081 = ADVANCED_FACE('',(#8082),#8096,.T.);
#8082 = FACE_BOUND('',#8083,.T.);
#8083 = EDGE_LOOP('',(#8084,#8114,#8137,#8160));
#8084 = ORIENTED_EDGE('',*,*,#8085,.F.);
#8085 = EDGE_CURVE('',#8086,#8088,#8090,.T.);
#8086 = VERTEX_POINT('',#8087);
#8087 = CARTESIAN_POINT('',(-3.2,-13.9,-1.2));
#8088 = VERTEX_POINT('',#8089);
#8089 = CARTESIAN_POINT('',(-3.2,-13.9,0.));
#8090 = SURFACE_CURVE('',#8091,(#8095,#8107),.PCURVE_S1.);
#8091 = LINE('',#8092,#8093);
#8092 = CARTESIAN_POINT('',(-3.2,-13.9,-1.2));
#8093 = VECTOR('',#8094,1.);
#8094 = DIRECTION('',(0.,0.,1.));
#8095 = PCURVE('',#8096,#8101);
#8096 = PLANE('',#8097);
#8097 = AXIS2_PLACEMENT_3D('',#8098,#8099,#8100);
#8098 = CARTESIAN_POINT('',(-3.2,-13.9,-1.2));
#8099 = DIRECTION('',(1.,0.,0.));
#8100 = DIRECTION('',(0.,0.,1.));
#8101 = DEFINITIONAL_REPRESENTATION('',(#8102),#8106);
#8102 = LINE('',#8103,#8104);
#8103 = CARTESIAN_POINT('',(0.,0.));
#8104 = VECTOR('',#8105,1.);
#8105 = DIRECTION('',(1.,0.));
#8106 = ( GEOMETRIC_REPRESENTATION_CONTEXT(2) 
PARAMETRIC_REPRESENTATION_CONTEXT() REPRESENTATION_CONTEXT('2D SPACE',''
  ) );
#8107 = PCURVE('',#7988,#8108);
#8108 = DEFINITIONAL_REPRESENTATION('',(#8109),#8113);
#8109 = LINE('',#8110,#8111);
#8110 = CARTESIAN_POINT('',(0.,2.6));
#8111 = VECTOR('',#8112,1.);
#8112 = DIRECTION('',(1.,0.));
#8113 = ( GEOMETRIC_REPRESENTATION_CONTEXT(2) 
PARAMETRIC_REPRESENTATION_CONTEXT() REPRESENTATION_CONTEXT('2D SPACE',''
  ) );
#8114 = ORIENTED_EDGE('',*,*,#8115,.T.);
#8115 = EDGE_CURVE('',#8086,#8116,#8118,.T.);
#8116 = VERTEX_POINT('',#8117);
#8117 = CARTESIAN_POINT('',(-3.2,-12.5,-1.2));
#8118 = SURFACE_CURVE('',#8119,(#8123,#8130),.PCURVE_S1.);
#8119 = LINE('',#8120,#8121);
#8120 = CARTESIAN_POINT('',(-3.2,-13.9,-1.2));
#8121 = VECTOR('',#8122,1.);
#8122 = DIRECTION('',(0.,1.,0.));
#8123 = PCURVE('',#8096,#8124);
#8124 = DEFINITIONAL_REPRESENTATION('',(#8125),#8129);
#8125 = LINE('',#8126,#8127);
#8126 = CARTESIAN_POINT('',(0.,0.));
#8127 = VECTOR('',#8128,1.);
#8128 = DIRECTION('',(0.,-1.));
#8129 = ( GEOMETRIC_REPRESENTATION_CONTEXT(2) 
PARAMETRIC_REPRESENTATION_CONTEXT() REPRESENTATION_CONTEXT('2D SPACE',''
  ) );
#8130 = PCURVE('',#8016,#8131);
#8131 = DEFINITIONAL_REPRESENTATION('',(#8132),#8136);
#8132 = LINE('',#8133,#8134);
#8133 = CARTESIAN_POINT('',(2.6,0.));
#8134 = VECTOR('',#8135,1.);
#8135 = DIRECTION('',(0.,1.));
#8136 = ( GEOMETRIC_REPRESENTATION_CONTEXT(2) 
PARAMETRIC_REPRESENTATION_CONTEXT() REPRESENTATION_CONTEXT('2D SPACE',''
  ) );
#8137 = ORIENTED_EDGE('',*,*,#8138,.T.);
#8138 = EDGE_CURVE('',#8116,#8139,#8141,.T.);
#8139 = VERTEX_POINT('',#8140);
#8140 = CARTESIAN_POINT('',(-3.2,-12.5,0.));
#8141 = SURFACE_CURVE('',#8142,(#8146,#8153),.PCURVE_S1.);
#8142 = LINE('',#8143,#8144);
#8143 = CARTESIAN_POINT('',(-3.2,-12.5,-1.2));
#8144 = VECTOR('',#8145,1.);
#8145 = DIRECTION('',(0.,0.,1.));
#8146 = PCURVE('',#8096,#8147);
#8147 = DEFINITIONAL_REPRESENTATION('',(#8148),#8152);
#8148 = LINE('',#8149,#8150);
#8149 = CARTESIAN_POINT('',(0.,-1.4));
#8150 = VECTOR('',#8151,1.);
#8151 = DIRECTION('',(1.,0.));
#8152 = ( GEOMETRIC_REPRESENTATION_CONTEXT(2) 
PARAMETRIC_REPRESENTATION_CONTEXT() REPRESENTATION_CONTEXT('2D SPACE',''
  ) );
#8153 = PCURVE('',#8044,#8154);
#8154 = DEFINITIONAL_REPRESENTATION('',(#8155),#8159);
#8155 = LINE('',#8156,#8157);
#8156 = CARTESIAN_POINT('',(0.,2.6));
#8157 = VECTOR('',#8158,1.);
#8158 = DIRECTION('',(1.,0.));
#8159 = ( GEOMETRIC_REPRESENTATION_CONTEXT(2) 
PARAMETRIC_REPRESENTATION_CONTEXT() REPRESENTATION_CONTEXT('2D SPACE',''
  ) );
#8160 = ORIENTED_EDGE('',*,*,#8161,.F.);
#8161 = EDGE_CURVE('',#8088,#8139,#8162,.T.);
#8162 = SURFACE_CURVE('',#8163,(#8167,#8174),.PCURVE_S1.);
#8163 = LINE('',#8164,#8165);
#8164 = CARTESIAN_POINT('',(-3.2,-13.9,0.));
#8165 = VECTOR('',#8166,1.);
#8166 = DIRECTION('',(0.,1.,0.));
#8167 = PCURVE('',#8096,#8168);
#8168 = DEFINITIONAL_REPRESENTATION('',(#8169),#8173);
#8169 = LINE('',#8170,#8171);
#8170 = CARTESIAN_POINT('',(1.2,0.));
#8171 = VECTOR('',#8172,1.);
#8172 = DIRECTION('',(0.,-1.));
#8173 = ( GEOMETRIC_REPRESENTATION_CONTEXT(2) 
PARAMETRIC_REPRESENTATION_CONTEXT() REPRESENTATION_CONTEXT('2D SPACE',''
  ) );
#8174 = PCURVE('',#8070,#8175);
#8175 = DEFINITIONAL_REPRESENTATION('',(#8176),#8180);
#8176 = LINE('',#8177,#8178);
#8177 = CARTESIAN_POINT('',(2.6,0.));
#8178 = VECTOR('',#8179,1.);
#8179 = DIRECTION('',(0.,1.));
#8180 = ( GEOMETRIC_REPRESENTATION_CONTEXT(2) 
PARAMETRIC_REPRESENTATION_CONTEXT() REPRESENTATION_CONTEXT('2D SPACE',''
  ) );
#8181 = ADVANCED_FACE('',(#8182),#7988,.F.);
#8182 = FACE_BOUND('',#8183,.F.);
#8183 = EDGE_LOOP('',(#8184,#8205,#8206,#8227));
#8184 = ORIENTED_EDGE('',*,*,#8185,.F.);
#8185 = EDGE_CURVE('',#7966,#8086,#8186,.T.);
#8186 = SURFACE_CURVE('',#8187,(#8191,#8198),.PCURVE_S1.);
#8187 = LINE('',#8188,#8189);
#8188 = CARTESIAN_POINT('',(-5.8,-13.9,-1.2));
#8189 = VECTOR('',#8190,1.);
#8190 = DIRECTION('',(1.,0.,0.));
#8191 = PCURVE('',#7988,#8192);
#8192 = DEFINITIONAL_REPRESENTATION('',(#8193),#8197);
#8193 = LINE('',#8194,#8195);
#8194 = CARTESIAN_POINT('',(0.,0.));
#8195 = VECTOR('',#8196,1.);
#8196 = DIRECTION('',(0.,1.));
#8197 = ( GEOMETRIC_REPRESENTATION_CONTEXT(2) 
PARAMETRIC_REPRESENTATION_CONTEXT() REPRESENTATION_CONTEXT('2D SPACE',''
  ) );
#8198 = PCURVE('',#8016,#8199);
#8199 = DEFINITIONAL_REPRESENTATION('',(#8200),#8204);
#8200 = LINE('',#8201,#8202);
#8201 = CARTESIAN_POINT('',(0.,0.));
#8202 = VECTOR('',#8203,1.);
#8203 = DIRECTION('',(1.,0.));
#8204 = ( GEOMETRIC_REPRESENTATION_CONTEXT(2) 
PARAMETRIC_REPRESENTATION_CONTEXT() REPRESENTATION_CONTEXT('2D SPACE',''
  ) );
#8205 = ORIENTED_EDGE('',*,*,#7965,.T.);
#8206 = ORIENTED_EDGE('',*,*,#8207,.T.);
#8207 = EDGE_CURVE('',#7968,#8088,#8208,.T.);
#8208 = SURFACE_CURVE('',#8209,(#8213,#8220),.PCURVE_S1.);
#8209 = LINE('',#8210,#8211);
#8210 = CARTESIAN_POINT('',(-5.8,-13.9,0.));
#8211 = VECTOR('',#8212,1.);
#8212 = DIRECTION('',(1.,0.,0.));
#8213 = PCURVE('',#7988,#8214);
#8214 = DEFINITIONAL_REPRESENTATION('',(#8215),#8219);
#8215 = LINE('',#8216,#8217);
#8216 = CARTESIAN_POINT('',(1.2,0.));
#8217 = VECTOR('',#8218,1.);
#8218 = DIRECTION('',(0.,1.));
#8219 = ( GEOMETRIC_REPRESENTATION_CONTEXT(2) 
PARAMETRIC_REPRESENTATION_CONTEXT() REPRESENTATION_CONTEXT('2D SPACE',''
  ) );
#8220 = PCURVE('',#8070,#8221);
#8221 = DEFINITIONAL_REPRESENTATION('',(#8222),#8226);
#8222 = LINE('',#8223,#8224);
#8223 = CARTESIAN_POINT('',(0.,0.));
#8224 = VECTOR('',#8225,1.);
#8225 = DIRECTION('',(1.,0.));
#8226 = ( GEOMETRIC_REPRESENTATION_CONTEXT(2) 
PARAMETRIC_REPRESENTATION_CONTEXT() REPRESENTATION_CONTEXT('2D SPACE',''
  ) );
#8227 = ORIENTED_EDGE('',*,*,#8085,.F.);
#8228 = ADVANCED_FACE('',(#8229),#8044,.T.);
#8229 = FACE_BOUND('',#8230,.T.);
#8230 = EDGE_LOOP('',(#8231,#8252,#8253,#8274));
#8231 = ORIENTED_EDGE('',*,*,#8232,.F.);
#8232 = EDGE_CURVE('',#8001,#8116,#8233,.T.);
#8233 = SURFACE_CURVE('',#8234,(#8238,#8245),.PCURVE_S1.);
#8234 = LINE('',#8235,#8236);
#8235 = CARTESIAN_POINT('',(-5.8,-12.5,-1.2));
#8236 = VECTOR('',#8237,1.);
#8237 = DIRECTION('',(1.,0.,0.));
#8238 = PCURVE('',#8044,#8239);
#8239 = DEFINITIONAL_REPRESENTATION('',(#8240),#8244);
#8240 = LINE('',#8241,#8242);
#8241 = CARTESIAN_POINT('',(0.,0.));
#8242 = VECTOR('',#8243,1.);
#8243 = DIRECTION('',(0.,1.));
#8244 = ( GEOMETRIC_REPRESENTATION_CONTEXT(2) 
PARAMETRIC_REPRESENTATION_CONTEXT() REPRESENTATION_CONTEXT('2D SPACE',''
  ) );
#8245 = PCURVE('',#8016,#8246);
#8246 = DEFINITIONAL_REPRESENTATION('',(#8247),#8251);
#8247 = LINE('',#8248,#8249);
#8248 = CARTESIAN_POINT('',(0.,1.4));
#8249 = VECTOR('',#8250,1.);
#8250 = DIRECTION('',(1.,0.));
#8251 = ( GEOMETRIC_REPRESENTATION_CONTEXT(2) 
PARAMETRIC_REPRESENTATION_CONTEXT() REPRESENTATION_CONTEXT('2D SPACE',''
  ) );
#8252 = ORIENTED_EDGE('',*,*,#8028,.T.);
#8253 = ORIENTED_EDGE('',*,*,#8254,.T.);
#8254 = EDGE_CURVE('',#8029,#8139,#8255,.T.);
#8255 = SURFACE_CURVE('',#8256,(#8260,#8267),.PCURVE_S1.);
#8256 = LINE('',#8257,#8258);
#8257 = CARTESIAN_POINT('',(-5.8,-12.5,0.));
#8258 = VECTOR('',#8259,1.);
#8259 = DIRECTION('',(1.,0.,0.));
#8260 = PCURVE('',#8044,#8261);
#8261 = DEFINITIONAL_REPRESENTATION('',(#8262),#8266);
#8262 = LINE('',#8263,#8264);
#8263 = CARTESIAN_POINT('',(1.2,0.));
#8264 = VECTOR('',#8265,1.);
#8265 = DIRECTION('',(0.,1.));
#8266 = ( GEOMETRIC_REPRESENTATION_CONTEXT(2) 
PARAMETRIC_REPRESENTATION_CONTEXT() REPRESENTATION_CONTEXT('2D SPACE',''
  ) );
#8267 = PCURVE('',#8070,#8268);
#8268 = DEFINITIONAL_REPRESENTATION('',(#8269),#8273);
#8269 = LINE('',#8270,#8271);
#8270 = CARTESIAN_POINT('',(0.,1.4));
#8271 = VECTOR('',#8272,1.);
#8272 = DIRECTION('',(1.,0.));
#8273 = ( GEOMETRIC_REPRESENTATION_CONTEXT(2) 
PARAMETRIC_REPRESENTATION_CONTEXT() REPRESENTATION_CONTEXT('2D SPACE',''
  ) );
#8274 = ORIENTED_EDGE('',*,*,#8138,.F.);
#8275 = ADVANCED_FACE('',(#8276),#8016,.F.);
#8276 = FACE_BOUND('',#8277,.F.);
#8277 = EDGE_LOOP('',(#8278,#8279,#8280,#8281));
#8278 = ORIENTED_EDGE('',*,*,#8000,.F.);
#8279 = ORIENTED_EDGE('',*,*,#8185,.T.);
#8280 = ORIENTED_EDGE('',*,*,#8115,.T.);
#8281 = ORIENTED_EDGE('',*,*,#8232,.F.);
#8282 = ADVANCED_FACE('',(#8283),#8070,.T.);
#8283 = FACE_BOUND('',#8284,.T.);
#8284 = EDGE_LOOP('',(#8285,#8286,#8287,#8288));
#8285 = ORIENTED_EDGE('',*,*,#8056,.F.);
#8286 = ORIENTED_EDGE('',*,*,#8207,.T.);
#8287 = ORIENTED_EDGE('',*,*,#8161,.T.);
#8288 = ORIENTED_EDGE('',*,*,#8254,.F.);
#8289 = MANIFOLD_SOLID_BREP('',#8290);
#8290 = CLOSED_SHELL('',(#8291,#8411,#8511,#8558,#8605,#8612));
#8291 = ADVANCED_FACE('',(#8292),#8306,.F.);
#8292 = FACE_BOUND('',#8293,.F.);
#8293 = EDGE_LOOP('',(#8294,#8329,#8357,#8385));
#8294 = ORIENTED_EDGE('',*,*,#8295,.F.);
#8295 = EDGE_CURVE('',#8296,#8298,#8300,.T.);
#8296 = VERTEX_POINT('',#8297);
#8297 = CARTESIAN_POINT('',(-1.3,-13.9,-1.2));
#8298 = VERTEX_POINT('',#8299);
#8299 = CARTESIAN_POINT('',(-1.3,-13.9,0.));
#8300 = SURFACE_CURVE('',#8301,(#8305,#8317),.PCURVE_S1.);
#8301 = LINE('',#8302,#8303);
#8302 = CARTESIAN_POINT('',(-1.3,-13.9,-1.2));
#8303 = VECTOR('',#8304,1.);
#8304 = DIRECTION('',(0.,0.,1.));
#8305 = PCURVE('',#8306,#8311);
#8306 = PLANE('',#8307);
#8307 = AXIS2_PLACEMENT_3D('',#8308,#8309,#8310);
#8308 = CARTESIAN_POINT('',(-1.3,-13.9,-1.2));
#8309 = DIRECTION('',(1.,0.,0.));
#8310 = DIRECTION('',(0.,0.,1.));
#8311 = DEFINITIONAL_REPRESENTATION('',(#8312),#8316);
#8312 = LINE('',#8313,#8314);
#8313 = CARTESIAN_POINT('',(0.,0.));
#8314 = VECTOR('',#8315,1.);
#8315 = DIRECTION('',(1.,0.));
#8316 = ( GEOMETRIC_REPRESENTATION_CONTEXT(2) 
PARAMETRIC_REPRESENTATION_CONTEXT() REPRESENTATION_CONTEXT('2D SPACE',''
  ) );
#8317 = PCURVE('',#8318,#8323);
#8318 = PLANE('',#8319);
#8319 = AXIS2_PLACEMENT_3D('',#8320,#8321,#8322);
#8320 = CARTESIAN_POINT('',(-1.3,-13.9,-1.2));
#8321 = DIRECTION('',(0.,1.,0.));
#8322 = DIRECTION('',(0.,0.,1.));
#8323 = DEFINITIONAL_REPRESENTATION('',(#8324),#8328);
#8324 = LINE('',#8325,#8326);
#8325 = CARTESIAN_POINT('',(0.,0.));
#8326 = VECTOR('',#8327,1.);
#8327 = DIRECTION('',(1.,0.));
#8328 = ( GEOMETRIC_REPRESENTATION_CONTEXT(2) 
PARAMETRIC_REPRESENTATION_CONTEXT() REPRESENTATION_CONTEXT('2D SPACE',''
  ) );
#8329 = ORIENTED_EDGE('',*,*,#8330,.T.);
#8330 = EDGE_CURVE('',#8296,#8331,#8333,.T.);
#8331 = VERTEX_POINT('',#8332);
#8332 = CARTESIAN_POINT('',(-1.3,-12.5,-1.2));
#8333 = SURFACE_CURVE('',#8334,(#8338,#8345),.PCURVE_S1.);
#8334 = LINE('',#8335,#8336);
#8335 = CARTESIAN_POINT('',(-1.3,-13.9,-1.2));
#8336 = VECTOR('',#8337,1.);
#8337 = DIRECTION('',(0.,1.,0.));
#8338 = PCURVE('',#8306,#8339);
#8339 = DEFINITIONAL_REPRESENTATION('',(#8340),#8344);
#8340 = LINE('',#8341,#8342);
#8341 = CARTESIAN_POINT('',(0.,0.));
#8342 = VECTOR('',#8343,1.);
#8343 = DIRECTION('',(0.,-1.));
#8344 = ( GEOMETRIC_REPRESENTATION_CONTEXT(2) 
PARAMETRIC_REPRESENTATION_CONTEXT() REPRESENTATION_CONTEXT('2D SPACE',''
  ) );
#8345 = PCURVE('',#8346,#8351);
#8346 = PLANE('',#8347);
#8347 = AXIS2_PLACEMENT_3D('',#8348,#8349,#8350);
#8348 = CARTESIAN_POINT('',(-1.3,-13.9,-1.2));
#8349 = DIRECTION('',(0.,0.,1.));
#8350 = DIRECTION('',(1.,0.,0.));
#8351 = DEFINITIONAL_REPRESENTATION('',(#8352),#8356);
#8352 = LINE('',#8353,#8354);
#8353 = CARTESIAN_POINT('',(0.,0.));
#8354 = VECTOR('',#8355,1.);
#8355 = DIRECTION('',(0.,1.));
#8356 = ( GEOMETRIC_REPRESENTATION_CONTEXT(2) 
PARAMETRIC_REPRESENTATION_CONTEXT() REPRESENTATION_CONTEXT('2D SPACE',''
  ) );
#8357 = ORIENTED_EDGE('',*,*,#8358,.T.);
#8358 = EDGE_CURVE('',#8331,#8359,#8361,.T.);
#8359 = VERTEX_POINT('',#8360);
#8360 = CARTESIAN_POINT('',(-1.3,-12.5,0.));
#8361 = SURFACE_CURVE('',#8362,(#8366,#8373),.PCURVE_S1.);
#8362 = LINE('',#8363,#8364);
#8363 = CARTESIAN_POINT('',(-1.3,-12.5,-1.2));
#8364 = VECTOR('',#8365,1.);
#8365 = DIRECTION('',(0.,0.,1.));
#8366 = PCURVE('',#8306,#8367);
#8367 = DEFINITIONAL_REPRESENTATION('',(#8368),#8372);
#8368 = LINE('',#8369,#8370);
#8369 = CARTESIAN_POINT('',(0.,-1.4));
#8370 = VECTOR('',#8371,1.);
#8371 = DIRECTION('',(1.,0.));
#8372 = ( GEOMETRIC_REPRESENTATION_CONTEXT(2) 
PARAMETRIC_REPRESENTATION_CONTEXT() REPRESENTATION_CONTEXT('2D SPACE',''
  ) );
#8373 = PCURVE('',#8374,#8379);
#8374 = PLANE('',#8375);
#8375 = AXIS2_PLACEMENT_3D('',#8376,#8377,#8378);
#8376 = CARTESIAN_POINT('',(-1.3,-12.5,-1.2));
#8377 = DIRECTION('',(0.,1.,0.));
#8378 = DIRECTION('',(0.,0.,1.));
#8379 = DEFINITIONAL_REPRESENTATION('',(#8380),#8384);
#8380 = LINE('',#8381,#8382);
#8381 = CARTESIAN_POINT('',(0.,0.));
#8382 = VECTOR('',#8383,1.);
#8383 = DIRECTION('',(1.,0.));
#8384 = ( GEOMETRIC_REPRESENTATION_CONTEXT(2) 
PARAMETRIC_REPRESENTATION_CONTEXT() REPRESENTATION_CONTEXT('2D SPACE',''
  ) );
#8385 = ORIENTED_EDGE('',*,*,#8386,.F.);
#8386 = EDGE_CURVE('',#8298,#8359,#8387,.T.);
#8387 = SURFACE_CURVE('',#8388,(#8392,#8399),.PCURVE_S1.);
#8388 = LINE('',#8389,#8390);
#8389 = CARTESIAN_POINT('',(-1.3,-13.9,0.));
#8390 = VECTOR('',#8391,1.);
#8391 = DIRECTION('',(0.,1.,0.));
#8392 = PCURVE('',#8306,#8393);
#8393 = DEFINITIONAL_REPRESENTATION('',(#8394),#8398);
#8394 = LINE('',#8395,#8396);
#8395 = CARTESIAN_POINT('',(1.2,0.));
#8396 = VECTOR('',#8397,1.);
#8397 = DIRECTION('',(0.,-1.));
#8398 = ( GEOMETRIC_REPRESENTATION_CONTEXT(2) 
PARAMETRIC_REPRESENTATION_CONTEXT() REPRESENTATION_CONTEXT('2D SPACE',''
  ) );
#8399 = PCURVE('',#8400,#8405);
#8400 = PLANE('',#8401);
#8401 = AXIS2_PLACEMENT_3D('',#8402,#8403,#8404);
#8402 = CARTESIAN_POINT('',(-1.3,-13.9,0.));
#8403 = DIRECTION('',(0.,0.,1.));
#8404 = DIRECTION('',(1.,0.,0.));
#8405 = DEFINITIONAL_REPRESENTATION('',(#8406),#8410);
#8406 = LINE('',#8407,#8408);
#8407 = CARTESIAN_POINT('',(0.,0.));
#8408 = VECTOR('',#8409,1.);
#8409 = DIRECTION('',(0.,1.));
#8410 = ( GEOMETRIC_REPRESENTATION_CONTEXT(2) 
PARAMETRIC_REPRESENTATION_CONTEXT() REPRESENTATION_CONTEXT('2D SPACE',''
  ) );
#8411 = ADVANCED_FACE('',(#8412),#8426,.T.);
#8412 = FACE_BOUND('',#8413,.T.);
#8413 = EDGE_LOOP('',(#8414,#8444,#8467,#8490));
#8414 = ORIENTED_EDGE('',*,*,#8415,.F.);
#8415 = EDGE_CURVE('',#8416,#8418,#8420,.T.);
#8416 = VERTEX_POINT('',#8417);
#8417 = CARTESIAN_POINT('',(1.3,-13.9,-1.2));
#8418 = VERTEX_POINT('',#8419);
#8419 = CARTESIAN_POINT('',(1.3,-13.9,0.));
#8420 = SURFACE_CURVE('',#8421,(#8425,#8437),.PCURVE_S1.);
#8421 = LINE('',#8422,#8423);
#8422 = CARTESIAN_POINT('',(1.3,-13.9,-1.2));
#8423 = VECTOR('',#8424,1.);
#8424 = DIRECTION('',(0.,0.,1.));
#8425 = PCURVE('',#8426,#8431);
#8426 = PLANE('',#8427);
#8427 = AXIS2_PLACEMENT_3D('',#8428,#8429,#8430);
#8428 = CARTESIAN_POINT('',(1.3,-13.9,-1.2));
#8429 = DIRECTION('',(1.,0.,0.));
#8430 = DIRECTION('',(0.,0.,1.));
#8431 = DEFINITIONAL_REPRESENTATION('',(#8432),#8436);
#8432 = LINE('',#8433,#8434);
#8433 = CARTESIAN_POINT('',(0.,0.));
#8434 = VECTOR('',#8435,1.);
#8435 = DIRECTION('',(1.,0.));
#8436 = ( GEOMETRIC_REPRESENTATION_CONTEXT(2) 
PARAMETRIC_REPRESENTATION_CONTEXT() REPRESENTATION_CONTEXT('2D SPACE',''
  ) );
#8437 = PCURVE('',#8318,#8438);
#8438 = DEFINITIONAL_REPRESENTATION('',(#8439),#8443);
#8439 = LINE('',#8440,#8441);
#8440 = CARTESIAN_POINT('',(0.,2.6));
#8441 = VECTOR('',#8442,1.);
#8442 = DIRECTION('',(1.,0.));
#8443 = ( GEOMETRIC_REPRESENTATION_CONTEXT(2) 
PARAMETRIC_REPRESENTATION_CONTEXT() REPRESENTATION_CONTEXT('2D SPACE',''
  ) );
#8444 = ORIENTED_EDGE('',*,*,#8445,.T.);
#8445 = EDGE_CURVE('',#8416,#8446,#8448,.T.);
#8446 = VERTEX_POINT('',#8447);
#8447 = CARTESIAN_POINT('',(1.3,-12.5,-1.2));
#8448 = SURFACE_CURVE('',#8449,(#8453,#8460),.PCURVE_S1.);
#8449 = LINE('',#8450,#8451);
#8450 = CARTESIAN_POINT('',(1.3,-13.9,-1.2));
#8451 = VECTOR('',#8452,1.);
#8452 = DIRECTION('',(0.,1.,0.));
#8453 = PCURVE('',#8426,#8454);
#8454 = DEFINITIONAL_REPRESENTATION('',(#8455),#8459);
#8455 = LINE('',#8456,#8457);
#8456 = CARTESIAN_POINT('',(0.,0.));
#8457 = VECTOR('',#8458,1.);
#8458 = DIRECTION('',(0.,-1.));
#8459 = ( GEOMETRIC_REPRESENTATION_CONTEXT(2) 
PARAMETRIC_REPRESENTATION_CONTEXT() REPRESENTATION_CONTEXT('2D SPACE',''
  ) );
#8460 = PCURVE('',#8346,#8461);
#8461 = DEFINITIONAL_REPRESENTATION('',(#8462),#8466);
#8462 = LINE('',#8463,#8464);
#8463 = CARTESIAN_POINT('',(2.6,0.));
#8464 = VECTOR('',#8465,1.);
#8465 = DIRECTION('',(0.,1.));
#8466 = ( GEOMETRIC_REPRESENTATION_CONTEXT(2) 
PARAMETRIC_REPRESENTATION_CONTEXT() REPRESENTATION_CONTEXT('2D SPACE',''
  ) );
#8467 = ORIENTED_EDGE('',*,*,#8468,.T.);
#8468 = EDGE_CURVE('',#8446,#8469,#8471,.T.);
#8469 = VERTEX_POINT('',#8470);
#8470 = CARTESIAN_POINT('',(1.3,-12.5,0.));
#8471 = SURFACE_CURVE('',#8472,(#8476,#8483),.PCURVE_S1.);
#8472 = LINE('',#8473,#8474);
#8473 = CARTESIAN_POINT('',(1.3,-12.5,-1.2));
#8474 = VECTOR('',#8475,1.);
#8475 = DIRECTION('',(0.,0.,1.));
#8476 = PCURVE('',#8426,#8477);
#8477 = DEFINITIONAL_REPRESENTATION('',(#8478),#8482);
#8478 = LINE('',#8479,#8480);
#8479 = CARTESIAN_POINT('',(0.,-1.4));
#8480 = VECTOR('',#8481,1.);
#8481 = DIRECTION('',(1.,0.));
#8482 = ( GEOMETRIC_REPRESENTATION_CONTEXT(2) 
PARAMETRIC_REPRESENTATION_CONTEXT() REPRESENTATION_CONTEXT('2D SPACE',''
  ) );
#8483 = PCURVE('',#8374,#8484);
#8484 = DEFINITIONAL_REPRESENTATION('',(#8485),#8489);
#8485 = LINE('',#8486,#8487);
#8486 = CARTESIAN_POINT('',(0.,2.6));
#8487 = VECTOR('',#8488,1.);
#8488 = DIRECTION('',(1.,0.));
#8489 = ( GEOMETRIC_REPRESENTATION_CONTEXT(2) 
PARAMETRIC_REPRESENTATION_CONTEXT() REPRESENTATION_CONTEXT('2D SPACE',''
  ) );
#8490 = ORIENTED_EDGE('',*,*,#8491,.F.);
#8491 = EDGE_CURVE('',#8418,#8469,#8492,.T.);
#8492 = SURFACE_CURVE('',#8493,(#8497,#8504),.PCURVE_S1.);
#8493 = LINE('',#8494,#8495);
#8494 = CARTESIAN_POINT('',(1.3,-13.9,0.));
#8495 = VECTOR('',#8496,1.);
#8496 = DIRECTION('',(0.,1.,0.));
#8497 = PCURVE('',#8426,#8498);
#8498 = DEFINITIONAL_REPRESENTATION('',(#8499),#8503);
#8499 = LINE('',#8500,#8501);
#8500 = CARTESIAN_POINT('',(1.2,0.));
#8501 = VECTOR('',#8502,1.);
#8502 = DIRECTION('',(0.,-1.));
#8503 = ( GEOMETRIC_REPRESENTATION_CONTEXT(2) 
PARAMETRIC_REPRESENTATION_CONTEXT() REPRESENTATION_CONTEXT('2D SPACE',''
  ) );
#8504 = PCURVE('',#8400,#8505);
#8505 = DEFINITIONAL_REPRESENTATION('',(#8506),#8510);
#8506 = LINE('',#8507,#8508);
#8507 = CARTESIAN_POINT('',(2.6,0.));
#8508 = VECTOR('',#8509,1.);
#8509 = DIRECTION('',(0.,1.));
#8510 = ( GEOMETRIC_REPRESENTATION_CONTEXT(2) 
PARAMETRIC_REPRESENTATION_CONTEXT() REPRESENTATION_CONTEXT('2D SPACE',''
  ) );
#8511 = ADVANCED_FACE('',(#8512),#8318,.F.);
#8512 = FACE_BOUND('',#8513,.F.);
#8513 = EDGE_LOOP('',(#8514,#8535,#8536,#8557));
#8514 = ORIENTED_EDGE('',*,*,#8515,.F.);
#8515 = EDGE_CURVE('',#8296,#8416,#8516,.T.);
#8516 = SURFACE_CURVE('',#8517,(#8521,#8528),.PCURVE_S1.);
#8517 = LINE('',#8518,#8519);
#8518 = CARTESIAN_POINT('',(-1.3,-13.9,-1.2));
#8519 = VECTOR('',#8520,1.);
#8520 = DIRECTION('',(1.,0.,0.));
#8521 = PCURVE('',#8318,#8522);
#8522 = DEFINITIONAL_REPRESENTATION('',(#8523),#8527);
#8523 = LINE('',#8524,#8525);
#8524 = CARTESIAN_POINT('',(0.,0.));
#8525 = VECTOR('',#8526,1.);
#8526 = DIRECTION('',(0.,1.));
#8527 = ( GEOMETRIC_REPRESENTATION_CONTEXT(2) 
PARAMETRIC_REPRESENTATION_CONTEXT() REPRESENTATION_CONTEXT('2D SPACE',''
  ) );
#8528 = PCURVE('',#8346,#8529);
#8529 = DEFINITIONAL_REPRESENTATION('',(#8530),#8534);
#8530 = LINE('',#8531,#8532);
#8531 = CARTESIAN_POINT('',(0.,0.));
#8532 = VECTOR('',#8533,1.);
#8533 = DIRECTION('',(1.,0.));
#8534 = ( GEOMETRIC_REPRESENTATION_CONTEXT(2) 
PARAMETRIC_REPRESENTATION_CONTEXT() REPRESENTATION_CONTEXT('2D SPACE',''
  ) );
#8535 = ORIENTED_EDGE('',*,*,#8295,.T.);
#8536 = ORIENTED_EDGE('',*,*,#8537,.T.);
#8537 = EDGE_CURVE('',#8298,#8418,#8538,.T.);
#8538 = SURFACE_CURVE('',#8539,(#8543,#8550),.PCURVE_S1.);
#8539 = LINE('',#8540,#8541);
#8540 = CARTESIAN_POINT('',(-1.3,-13.9,0.));
#8541 = VECTOR('',#8542,1.);
#8542 = DIRECTION('',(1.,0.,0.));
#8543 = PCURVE('',#8318,#8544);
#8544 = DEFINITIONAL_REPRESENTATION('',(#8545),#8549);
#8545 = LINE('',#8546,#8547);
#8546 = CARTESIAN_POINT('',(1.2,0.));
#8547 = VECTOR('',#8548,1.);
#8548 = DIRECTION('',(0.,1.));
#8549 = ( GEOMETRIC_REPRESENTATION_CONTEXT(2) 
PARAMETRIC_REPRESENTATION_CONTEXT() REPRESENTATION_CONTEXT('2D SPACE',''
  ) );
#8550 = PCURVE('',#8400,#8551);
#8551 = DEFINITIONAL_REPRESENTATION('',(#8552),#8556);
#8552 = LINE('',#8553,#8554);
#8553 = CARTESIAN_POINT('',(0.,0.));
#8554 = VECTOR('',#8555,1.);
#8555 = DIRECTION('',(1.,0.));
#8556 = ( GEOMETRIC_REPRESENTATION_CONTEXT(2) 
PARAMETRIC_REPRESENTATION_CONTEXT() REPRESENTATION_CONTEXT('2D SPACE',''
  ) );
#8557 = ORIENTED_EDGE('',*,*,#8415,.F.);
#8558 = ADVANCED_FACE('',(#8559),#8374,.T.);
#8559 = FACE_BOUND('',#8560,.T.);
#8560 = EDGE_LOOP('',(#8561,#8582,#8583,#8604));
#8561 = ORIENTED_EDGE('',*,*,#8562,.F.);
#8562 = EDGE_CURVE('',#8331,#8446,#8563,.T.);
#8563 = SURFACE_CURVE('',#8564,(#8568,#8575),.PCURVE_S1.);
#8564 = LINE('',#8565,#8566);
#8565 = CARTESIAN_POINT('',(-1.3,-12.5,-1.2));
#8566 = VECTOR('',#8567,1.);
#8567 = DIRECTION('',(1.,0.,0.));
#8568 = PCURVE('',#8374,#8569);
#8569 = DEFINITIONAL_REPRESENTATION('',(#8570),#8574);
#8570 = LINE('',#8571,#8572);
#8571 = CARTESIAN_POINT('',(0.,0.));
#8572 = VECTOR('',#8573,1.);
#8573 = DIRECTION('',(0.,1.));
#8574 = ( GEOMETRIC_REPRESENTATION_CONTEXT(2) 
PARAMETRIC_REPRESENTATION_CONTEXT() REPRESENTATION_CONTEXT('2D SPACE',''
  ) );
#8575 = PCURVE('',#8346,#8576);
#8576 = DEFINITIONAL_REPRESENTATION('',(#8577),#8581);
#8577 = LINE('',#8578,#8579);
#8578 = CARTESIAN_POINT('',(0.,1.4));
#8579 = VECTOR('',#8580,1.);
#8580 = DIRECTION('',(1.,0.));
#8581 = ( GEOMETRIC_REPRESENTATION_CONTEXT(2) 
PARAMETRIC_REPRESENTATION_CONTEXT() REPRESENTATION_CONTEXT('2D SPACE',''
  ) );
#8582 = ORIENTED_EDGE('',*,*,#8358,.T.);
#8583 = ORIENTED_EDGE('',*,*,#8584,.T.);
#8584 = EDGE_CURVE('',#8359,#8469,#8585,.T.);
#8585 = SURFACE_CURVE('',#8586,(#8590,#8597),.PCURVE_S1.);
#8586 = LINE('',#8587,#8588);
#8587 = CARTESIAN_POINT('',(-1.3,-12.5,0.));
#8588 = VECTOR('',#8589,1.);
#8589 = DIRECTION('',(1.,0.,0.));
#8590 = PCURVE('',#8374,#8591);
#8591 = DEFINITIONAL_REPRESENTATION('',(#8592),#8596);
#8592 = LINE('',#8593,#8594);
#8593 = CARTESIAN_POINT('',(1.2,0.));
#8594 = VECTOR('',#8595,1.);
#8595 = DIRECTION('',(0.,1.));
#8596 = ( GEOMETRIC_REPRESENTATION_CONTEXT(2) 
PARAMETRIC_REPRESENTATION_CONTEXT() REPRESENTATION_CONTEXT('2D SPACE',''
  ) );
#8597 = PCURVE('',#8400,#8598);
#8598 = DEFINITIONAL_REPRESENTATION('',(#8599),#8603);
#8599 = LINE('',#8600,#8601);
#8600 = CARTESIAN_POINT('',(0.,1.4));
#8601 = VECTOR('',#8602,1.);
#8602 = DIRECTION('',(1.,0.));
#8603 = ( GEOMETRIC_REPRESENTATION_CONTEXT(2) 
PARAMETRIC_REPRESENTATION_CONTEXT() REPRESENTATION_CONTEXT('2D SPACE',''
  ) );
#8604 = ORIENTED_EDGE('',*,*,#8468,.F.);
#8605 = ADVANCED_FACE('',(#8606),#8346,.F.);
#8606 = FACE_BOUND('',#8607,.F.);
#8607 = EDGE_LOOP('',(#8608,#8609,#8610,#8611));
#8608 = ORIENTED_EDGE('',*,*,#8330,.F.);
#8609 = ORIENTED_EDGE('',*,*,#8515,.T.);
#8610 = ORIENTED_EDGE('',*,*,#8445,.T.);
#8611 = ORIENTED_EDGE('',*,*,#8562,.F.);
#8612 = ADVANCED_FACE('',(#8613),#8400,.T.);
#8613 = FACE_BOUND('',#8614,.T.);
#8614 = EDGE_LOOP('',(#8615,#8616,#8617,#8618));
#8615 = ORIENTED_EDGE('',*,*,#8386,.F.);
#8616 = ORIENTED_EDGE('',*,*,#8537,.T.);
#8617 = ORIENTED_EDGE('',*,*,#8491,.T.);
#8618 = ORIENTED_EDGE('',*,*,#8584,.F.);
#8619 = MANIFOLD_SOLID_BREP('',#8620);
#8620 = CLOSED_SHELL('',(#8621,#8741,#8841,#8888,#8935,#8942));
#8621 = ADVANCED_FACE('',(#8622),#8636,.F.);
#8622 = FACE_BOUND('',#8623,.F.);
#8623 = EDGE_LOOP('',(#8624,#8659,#8687,#8715));
#8624 = ORIENTED_EDGE('',*,*,#8625,.F.);
#8625 = EDGE_CURVE('',#8626,#8628,#8630,.T.);
#8626 = VERTEX_POINT('',#8627);
#8627 = CARTESIAN_POINT('',(3.2,-13.9,-1.2));
#8628 = VERTEX_POINT('',#8629);
#8629 = CARTESIAN_POINT('',(3.2,-13.9,0.));
#8630 = SURFACE_CURVE('',#8631,(#8635,#8647),.PCURVE_S1.);
#8631 = LINE('',#8632,#8633);
#8632 = CARTESIAN_POINT('',(3.2,-13.9,-1.2));
#8633 = VECTOR('',#8634,1.);
#8634 = DIRECTION('',(0.,0.,1.));
#8635 = PCURVE('',#8636,#8641);
#8636 = PLANE('',#8637);
#8637 = AXIS2_PLACEMENT_3D('',#8638,#8639,#8640);
#8638 = CARTESIAN_POINT('',(3.2,-13.9,-1.2));
#8639 = DIRECTION('',(1.,0.,0.));
#8640 = DIRECTION('',(0.,0.,1.));
#8641 = DEFINITIONAL_REPRESENTATION('',(#8642),#8646);
#8642 = LINE('',#8643,#8644);
#8643 = CARTESIAN_POINT('',(0.,0.));
#8644 = VECTOR('',#8645,1.);
#8645 = DIRECTION('',(1.,0.));
#8646 = ( GEOMETRIC_REPRESENTATION_CONTEXT(2) 
PARAMETRIC_REPRESENTATION_CONTEXT() REPRESENTATION_CONTEXT('2D SPACE',''
  ) );
#8647 = PCURVE('',#8648,#8653);
#8648 = PLANE('',#8649);
#8649 = AXIS2_PLACEMENT_3D('',#8650,#8651,#8652);
#8650 = CARTESIAN_POINT('',(3.2,-13.9,-1.2));
#8651 = DIRECTION('',(0.,1.,0.));
#8652 = DIRECTION('',(0.,0.,1.));
#8653 = DEFINITIONAL_REPRESENTATION('',(#8654),#8658);
#8654 = LINE('',#8655,#8656);
#8655 = CARTESIAN_POINT('',(0.,0.));
#8656 = VECTOR('',#8657,1.);
#8657 = DIRECTION('',(1.,0.));
#8658 = ( GEOMETRIC_REPRESENTATION_CONTEXT(2) 
PARAMETRIC_REPRESENTATION_CONTEXT() REPRESENTATION_CONTEXT('2D SPACE',''
  ) );
#8659 = ORIENTED_EDGE('',*,*,#8660,.T.);
#8660 = EDGE_CURVE('',#8626,#8661,#8663,.T.);
#8661 = VERTEX_POINT('',#8662);
#8662 = CARTESIAN_POINT('',(3.2,-12.5,-1.2));
#8663 = SURFACE_CURVE('',#8664,(#8668,#8675),.PCURVE_S1.);
#8664 = LINE('',#8665,#8666);
#8665 = CARTESIAN_POINT('',(3.2,-13.9,-1.2));
#8666 = VECTOR('',#8667,1.);
#8667 = DIRECTION('',(0.,1.,0.));
#8668 = PCURVE('',#8636,#8669);
#8669 = DEFINITIONAL_REPRESENTATION('',(#8670),#8674);
#8670 = LINE('',#8671,#8672);
#8671 = CARTESIAN_POINT('',(0.,0.));
#8672 = VECTOR('',#8673,1.);
#8673 = DIRECTION('',(0.,-1.));
#8674 = ( GEOMETRIC_REPRESENTATION_CONTEXT(2) 
PARAMETRIC_REPRESENTATION_CONTEXT() REPRESENTATION_CONTEXT('2D SPACE',''
  ) );
#8675 = PCURVE('',#8676,#8681);
#8676 = PLANE('',#8677);
#8677 = AXIS2_PLACEMENT_3D('',#8678,#8679,#8680);
#8678 = CARTESIAN_POINT('',(3.2,-13.9,-1.2));
#8679 = DIRECTION('',(0.,0.,1.));
#8680 = DIRECTION('',(1.,0.,0.));
#8681 = DEFINITIONAL_REPRESENTATION('',(#8682),#8686);
#8682 = LINE('',#8683,#8684);
#8683 = CARTESIAN_POINT('',(0.,0.));
#8684 = VECTOR('',#8685,1.);
#8685 = DIRECTION('',(0.,1.));
#8686 = ( GEOMETRIC_REPRESENTATION_CONTEXT(2) 
PARAMETRIC_REPRESENTATION_CONTEXT() REPRESENTATION_CONTEXT('2D SPACE',''
  ) );
#8687 = ORIENTED_EDGE('',*,*,#8688,.T.);
#8688 = EDGE_CURVE('',#8661,#8689,#8691,.T.);
#8689 = VERTEX_POINT('',#8690);
#8690 = CARTESIAN_POINT('',(3.2,-12.5,0.));
#8691 = SURFACE_CURVE('',#8692,(#8696,#8703),.PCURVE_S1.);
#8692 = LINE('',#8693,#8694);
#8693 = CARTESIAN_POINT('',(3.2,-12.5,-1.2));
#8694 = VECTOR('',#8695,1.);
#8695 = DIRECTION('',(0.,0.,1.));
#8696 = PCURVE('',#8636,#8697);
#8697 = DEFINITIONAL_REPRESENTATION('',(#8698),#8702);
#8698 = LINE('',#8699,#8700);
#8699 = CARTESIAN_POINT('',(0.,-1.4));
#8700 = VECTOR('',#8701,1.);
#8701 = DIRECTION('',(1.,0.));
#8702 = ( GEOMETRIC_REPRESENTATION_CONTEXT(2) 
PARAMETRIC_REPRESENTATION_CONTEXT() REPRESENTATION_CONTEXT('2D SPACE',''
  ) );
#8703 = PCURVE('',#8704,#8709);
#8704 = PLANE('',#8705);
#8705 = AXIS2_PLACEMENT_3D('',#8706,#8707,#8708);
#8706 = CARTESIAN_POINT('',(3.2,-12.5,-1.2));
#8707 = DIRECTION('',(0.,1.,0.));
#8708 = DIRECTION('',(0.,0.,1.));
#8709 = DEFINITIONAL_REPRESENTATION('',(#8710),#8714);
#8710 = LINE('',#8711,#8712);
#8711 = CARTESIAN_POINT('',(0.,0.));
#8712 = VECTOR('',#8713,1.);
#8713 = DIRECTION('',(1.,0.));
#8714 = ( GEOMETRIC_REPRESENTATION_CONTEXT(2) 
PARAMETRIC_REPRESENTATION_CONTEXT() REPRESENTATION_CONTEXT('2D SPACE',''
  ) );
#8715 = ORIENTED_EDGE('',*,*,#8716,.F.);
#8716 = EDGE_CURVE('',#8628,#8689,#8717,.T.);
#8717 = SURFACE_CURVE('',#8718,(#8722,#8729),.PCURVE_S1.);
#8718 = LINE('',#8719,#8720);
#8719 = CARTESIAN_POINT('',(3.2,-13.9,0.));
#8720 = VECTOR('',#8721,1.);
#8721 = DIRECTION('',(0.,1.,0.));
#8722 = PCURVE('',#8636,#8723);
#8723 = DEFINITIONAL_REPRESENTATION('',(#8724),#8728);
#8724 = LINE('',#8725,#8726);
#8725 = CARTESIAN_POINT('',(1.2,0.));
#8726 = VECTOR('',#8727,1.);
#8727 = DIRECTION('',(0.,-1.));
#8728 = ( GEOMETRIC_REPRESENTATION_CONTEXT(2) 
PARAMETRIC_REPRESENTATION_CONTEXT() REPRESENTATION_CONTEXT('2D SPACE',''
  ) );
#8729 = PCURVE('',#8730,#8735);
#8730 = PLANE('',#8731);
#8731 = AXIS2_PLACEMENT_3D('',#8732,#8733,#8734);
#8732 = CARTESIAN_POINT('',(3.2,-13.9,0.));
#8733 = DIRECTION('',(0.,0.,1.));
#8734 = DIRECTION('',(1.,0.,0.));
#8735 = DEFINITIONAL_REPRESENTATION('',(#8736),#8740);
#8736 = LINE('',#8737,#8738);
#8737 = CARTESIAN_POINT('',(0.,0.));
#8738 = VECTOR('',#8739,1.);
#8739 = DIRECTION('',(0.,1.));
#8740 = ( GEOMETRIC_REPRESENTATION_CONTEXT(2) 
PARAMETRIC_REPRESENTATION_CONTEXT() REPRESENTATION_CONTEXT('2D SPACE',''
  ) );
#8741 = ADVANCED_FACE('',(#8742),#8756,.T.);
#8742 = FACE_BOUND('',#8743,.T.);
#8743 = EDGE_LOOP('',(#8744,#8774,#8797,#8820));
#8744 = ORIENTED_EDGE('',*,*,#8745,.F.);
#8745 = EDGE_CURVE('',#8746,#8748,#8750,.T.);
#8746 = VERTEX_POINT('',#8747);
#8747 = CARTESIAN_POINT('',(5.8,-13.9,-1.2));
#8748 = VERTEX_POINT('',#8749);
#8749 = CARTESIAN_POINT('',(5.8,-13.9,0.));
#8750 = SURFACE_CURVE('',#8751,(#8755,#8767),.PCURVE_S1.);
#8751 = LINE('',#8752,#8753);
#8752 = CARTESIAN_POINT('',(5.8,-13.9,-1.2));
#8753 = VECTOR('',#8754,1.);
#8754 = DIRECTION('',(0.,0.,1.));
#8755 = PCURVE('',#8756,#8761);
#8756 = PLANE('',#8757);
#8757 = AXIS2_PLACEMENT_3D('',#8758,#8759,#8760);
#8758 = CARTESIAN_POINT('',(5.8,-13.9,-1.2));
#8759 = DIRECTION('',(1.,0.,0.));
#8760 = DIRECTION('',(0.,0.,1.));
#8761 = DEFINITIONAL_REPRESENTATION('',(#8762),#8766);
#8762 = LINE('',#8763,#8764);
#8763 = CARTESIAN_POINT('',(0.,0.));
#8764 = VECTOR('',#8765,1.);
#8765 = DIRECTION('',(1.,0.));
#8766 = ( GEOMETRIC_REPRESENTATION_CONTEXT(2) 
PARAMETRIC_REPRESENTATION_CONTEXT() REPRESENTATION_CONTEXT('2D SPACE',''
  ) );
#8767 = PCURVE('',#8648,#8768);
#8768 = DEFINITIONAL_REPRESENTATION('',(#8769),#8773);
#8769 = LINE('',#8770,#8771);
#8770 = CARTESIAN_POINT('',(0.,2.6));
#8771 = VECTOR('',#8772,1.);
#8772 = DIRECTION('',(1.,0.));
#8773 = ( GEOMETRIC_REPRESENTATION_CONTEXT(2) 
PARAMETRIC_REPRESENTATION_CONTEXT() REPRESENTATION_CONTEXT('2D SPACE',''
  ) );
#8774 = ORIENTED_EDGE('',*,*,#8775,.T.);
#8775 = EDGE_CURVE('',#8746,#8776,#8778,.T.);
#8776 = VERTEX_POINT('',#8777);
#8777 = CARTESIAN_POINT('',(5.8,-12.5,-1.2));
#8778 = SURFACE_CURVE('',#8779,(#8783,#8790),.PCURVE_S1.);
#8779 = LINE('',#8780,#8781);
#8780 = CARTESIAN_POINT('',(5.8,-13.9,-1.2));
#8781 = VECTOR('',#8782,1.);
#8782 = DIRECTION('',(0.,1.,0.));
#8783 = PCURVE('',#8756,#8784);
#8784 = DEFINITIONAL_REPRESENTATION('',(#8785),#8789);
#8785 = LINE('',#8786,#8787);
#8786 = CARTESIAN_POINT('',(0.,0.));
#8787 = VECTOR('',#8788,1.);
#8788 = DIRECTION('',(0.,-1.));
#8789 = ( GEOMETRIC_REPRESENTATION_CONTEXT(2) 
PARAMETRIC_REPRESENTATION_CONTEXT() REPRESENTATION_CONTEXT('2D SPACE',''
  ) );
#8790 = PCURVE('',#8676,#8791);
#8791 = DEFINITIONAL_REPRESENTATION('',(#8792),#8796);
#8792 = LINE('',#8793,#8794);
#8793 = CARTESIAN_POINT('',(2.6,0.));
#8794 = VECTOR('',#8795,1.);
#8795 = DIRECTION('',(0.,1.));
#8796 = ( GEOMETRIC_REPRESENTATION_CONTEXT(2) 
PARAMETRIC_REPRESENTATION_CONTEXT() REPRESENTATION_CONTEXT('2D SPACE',''
  ) );
#8797 = ORIENTED_EDGE('',*,*,#8798,.T.);
#8798 = EDGE_CURVE('',#8776,#8799,#8801,.T.);
#8799 = VERTEX_POINT('',#8800);
#8800 = CARTESIAN_POINT('',(5.8,-12.5,0.));
#8801 = SURFACE_CURVE('',#8802,(#8806,#8813),.PCURVE_S1.);
#8802 = LINE('',#8803,#8804);
#8803 = CARTESIAN_POINT('',(5.8,-12.5,-1.2));
#8804 = VECTOR('',#8805,1.);
#8805 = DIRECTION('',(0.,0.,1.));
#8806 = PCURVE('',#8756,#8807);
#8807 = DEFINITIONAL_REPRESENTATION('',(#8808),#8812);
#8808 = LINE('',#8809,#8810);
#8809 = CARTESIAN_POINT('',(0.,-1.4));
#8810 = VECTOR('',#8811,1.);
#8811 = DIRECTION('',(1.,0.));
#8812 = ( GEOMETRIC_REPRESENTATION_CONTEXT(2) 
PARAMETRIC_REPRESENTATION_CONTEXT() REPRESENTATION_CONTEXT('2D SPACE',''
  ) );
#8813 = PCURVE('',#8704,#8814);
#8814 = DEFINITIONAL_REPRESENTATION('',(#8815),#8819);
#8815 = LINE('',#8816,#8817);
#8816 = CARTESIAN_POINT('',(0.,2.6));
#8817 = VECTOR('',#8818,1.);
#8818 = DIRECTION('',(1.,0.));
#8819 = ( GEOMETRIC_REPRESENTATION_CONTEXT(2) 
PARAMETRIC_REPRESENTATION_CONTEXT() REPRESENTATION_CONTEXT('2D SPACE',''
  ) );
#8820 = ORIENTED_EDGE('',*,*,#8821,.F.);
#8821 = EDGE_CURVE('',#8748,#8799,#8822,.T.);
#8822 = SURFACE_CURVE('',#8823,(#8827,#8834),.PCURVE_S1.);
#8823 = LINE('',#8824,#8825);
#8824 = CARTESIAN_POINT('',(5.8,-13.9,0.));
#8825 = VECTOR('',#8826,1.);
#8826 = DIRECTION('',(0.,1.,0.));
#8827 = PCURVE('',#8756,#8828);
#8828 = DEFINITIONAL_REPRESENTATION('',(#8829),#8833);
#8829 = LINE('',#8830,#8831);
#8830 = CARTESIAN_POINT('',(1.2,0.));
#8831 = VECTOR('',#8832,1.);
#8832 = DIRECTION('',(0.,-1.));
#8833 = ( GEOMETRIC_REPRESENTATION_CONTEXT(2) 
PARAMETRIC_REPRESENTATION_CONTEXT() REPRESENTATION_CONTEXT('2D SPACE',''
  ) );
#8834 = PCURVE('',#8730,#8835);
#8835 = DEFINITIONAL_REPRESENTATION('',(#8836),#8840);
#8836 = LINE('',#8837,#8838);
#8837 = CARTESIAN_POINT('',(2.6,0.));
#8838 = VECTOR('',#8839,1.);
#8839 = DIRECTION('',(0.,1.));
#8840 = ( GEOMETRIC_REPRESENTATION_CONTEXT(2) 
PARAMETRIC_REPRESENTATION_CONTEXT() REPRESENTATION_CONTEXT('2D SPACE',''
  ) );
#8841 = ADVANCED_FACE('',(#8842),#8648,.F.);
#8842 = FACE_BOUND('',#8843,.F.);
#8843 = EDGE_LOOP('',(#8844,#8865,#8866,#8887));
#8844 = ORIENTED_EDGE('',*,*,#8845,.F.);
#8845 = EDGE_CURVE('',#8626,#8746,#8846,.T.);
#8846 = SURFACE_CURVE('',#8847,(#8851,#8858),.PCURVE_S1.);
#8847 = LINE('',#8848,#8849);
#8848 = CARTESIAN_POINT('',(3.2,-13.9,-1.2));
#8849 = VECTOR('',#8850,1.);
#8850 = DIRECTION('',(1.,0.,0.));
#8851 = PCURVE('',#8648,#8852);
#8852 = DEFINITIONAL_REPRESENTATION('',(#8853),#8857);
#8853 = LINE('',#8854,#8855);
#8854 = CARTESIAN_POINT('',(0.,0.));
#8855 = VECTOR('',#8856,1.);
#8856 = DIRECTION('',(0.,1.));
#8857 = ( GEOMETRIC_REPRESENTATION_CONTEXT(2) 
PARAMETRIC_REPRESENTATION_CONTEXT() REPRESENTATION_CONTEXT('2D SPACE',''
  ) );
#8858 = PCURVE('',#8676,#8859);
#8859 = DEFINITIONAL_REPRESENTATION('',(#8860),#8864);
#8860 = LINE('',#8861,#8862);
#8861 = CARTESIAN_POINT('',(0.,0.));
#8862 = VECTOR('',#8863,1.);
#8863 = DIRECTION('',(1.,0.));
#8864 = ( GEOMETRIC_REPRESENTATION_CONTEXT(2) 
PARAMETRIC_REPRESENTATION_CONTEXT() REPRESENTATION_CONTEXT('2D SPACE',''
  ) );
#8865 = ORIENTED_EDGE('',*,*,#8625,.T.);
#8866 = ORIENTED_EDGE('',*,*,#8867,.T.);
#8867 = EDGE_CURVE('',#8628,#8748,#8868,.T.);
#8868 = SURFACE_CURVE('',#8869,(#8873,#8880),.PCURVE_S1.);
#8869 = LINE('',#8870,#8871);
#8870 = CARTESIAN_POINT('',(3.2,-13.9,0.));
#8871 = VECTOR('',#8872,1.);
#8872 = DIRECTION('',(1.,0.,0.));
#8873 = PCURVE('',#8648,#8874);
#8874 = DEFINITIONAL_REPRESENTATION('',(#8875),#8879);
#8875 = LINE('',#8876,#8877);
#8876 = CARTESIAN_POINT('',(1.2,0.));
#8877 = VECTOR('',#8878,1.);
#8878 = DIRECTION('',(0.,1.));
#8879 = ( GEOMETRIC_REPRESENTATION_CONTEXT(2) 
PARAMETRIC_REPRESENTATION_CONTEXT() REPRESENTATION_CONTEXT('2D SPACE',''
  ) );
#8880 = PCURVE('',#8730,#8881);
#8881 = DEFINITIONAL_REPRESENTATION('',(#8882),#8886);
#8882 = LINE('',#8883,#8884);
#8883 = CARTESIAN_POINT('',(0.,0.));
#8884 = VECTOR('',#8885,1.);
#8885 = DIRECTION('',(1.,0.));
#8886 = ( GEOMETRIC_REPRESENTATION_CONTEXT(2) 
PARAMETRIC_REPRESENTATION_CONTEXT() REPRESENTATION_CONTEXT('2D SPACE',''
  ) );
#8887 = ORIENTED_EDGE('',*,*,#8745,.F.);
#8888 = ADVANCED_FACE('',(#8889),#8704,.T.);
#8889 = FACE_BOUND('',#8890,.T.);
#8890 = EDGE_LOOP('',(#8891,#8912,#8913,#8934));
#8891 = ORIENTED_EDGE('',*,*,#8892,.F.);
#8892 = EDGE_CURVE('',#8661,#8776,#8893,.T.);
#8893 = SURFACE_CURVE('',#8894,(#8898,#8905),.PCURVE_S1.);
#8894 = LINE('',#8895,#8896);
#8895 = CARTESIAN_POINT('',(3.2,-12.5,-1.2));
#8896 = VECTOR('',#8897,1.);
#8897 = DIRECTION('',(1.,0.,0.));
#8898 = PCURVE('',#8704,#8899);
#8899 = DEFINITIONAL_REPRESENTATION('',(#8900),#8904);
#8900 = LINE('',#8901,#8902);
#8901 = CARTESIAN_POINT('',(0.,0.));
#8902 = VECTOR('',#8903,1.);
#8903 = DIRECTION('',(0.,1.));
#8904 = ( GEOMETRIC_REPRESENTATION_CONTEXT(2) 
PARAMETRIC_REPRESENTATION_CONTEXT() REPRESENTATION_CONTEXT('2D SPACE',''
  ) );
#8905 = PCURVE('',#8676,#8906);
#8906 = DEFINITIONAL_REPRESENTATION('',(#8907),#8911);
#8907 = LINE('',#8908,#8909);
#8908 = CARTESIAN_POINT('',(0.,1.4));
#8909 = VECTOR('',#8910,1.);
#8910 = DIRECTION('',(1.,0.));
#8911 = ( GEOMETRIC_REPRESENTATION_CONTEXT(2) 
PARAMETRIC_REPRESENTATION_CONTEXT() REPRESENTATION_CONTEXT('2D SPACE',''
  ) );
#8912 = ORIENTED_EDGE('',*,*,#8688,.T.);
#8913 = ORIENTED_EDGE('',*,*,#8914,.T.);
#8914 = EDGE_CURVE('',#8689,#8799,#8915,.T.);
#8915 = SURFACE_CURVE('',#8916,(#8920,#8927),.PCURVE_S1.);
#8916 = LINE('',#8917,#8918);
#8917 = CARTESIAN_POINT('',(3.2,-12.5,0.));
#8918 = VECTOR('',#8919,1.);
#8919 = DIRECTION('',(1.,0.,0.));
#8920 = PCURVE('',#8704,#8921);
#8921 = DEFINITIONAL_REPRESENTATION('',(#8922),#8926);
#8922 = LINE('',#8923,#8924);
#8923 = CARTESIAN_POINT('',(1.2,0.));
#8924 = VECTOR('',#8925,1.);
#8925 = DIRECTION('',(0.,1.));
#8926 = ( GEOMETRIC_REPRESENTATION_CONTEXT(2) 
PARAMETRIC_REPRESENTATION_CONTEXT() REPRESENTATION_CONTEXT('2D SPACE',''
  ) );
#8927 = PCURVE('',#8730,#8928);
#8928 = DEFINITIONAL_REPRESENTATION('',(#8929),#8933);
#8929 = LINE('',#8930,#8931);
#8930 = CARTESIAN_POINT('',(0.,1.4));
#8931 = VECTOR('',#8932,1.);
#8932 = DIRECTION('',(1.,0.));
#8933 = ( GEOMETRIC_REPRESENTATION_CONTEXT(2) 
PARAMETRIC_REPRESENTATION_CONTEXT() REPRESENTATION_CONTEXT('2D SPACE',''
  ) );
#8934 = ORIENTED_EDGE('',*,*,#8798,.F.);
#8935 = ADVANCED_FACE('',(#8936),#8676,.F.);
#8936 = FACE_BOUND('',#8937,.F.);
#8937 = EDGE_LOOP('',(#8938,#8939,#8940,#8941));
#8938 = ORIENTED_EDGE('',*,*,#8660,.F.);
#8939 = ORIENTED_EDGE('',*,*,#8845,.T.);
#8940 = ORIENTED_EDGE('',*,*,#8775,.T.);
#8941 = ORIENTED_EDGE('',*,*,#8892,.F.);
#8942 = ADVANCED_FACE('',(#8943),#8730,.T.);
#8943 = FACE_BOUND('',#8944,.T.);
#8944 = EDGE_LOOP('',(#8945,#8946,#8947,#8948));
#8945 = ORIENTED_EDGE('',*,*,#8716,.F.);
#8946 = ORIENTED_EDGE('',*,*,#8867,.T.);
#8947 = ORIENTED_EDGE('',*,*,#8821,.T.);
#8948 = ORIENTED_EDGE('',*,*,#8914,.F.);
#8949 = ( GEOMETRIC_REPRESENTATION_CONTEXT(3) 
GLOBAL_UNCERTAINTY_ASSIGNED_CONTEXT((#8953)) 
GLOBAL_UNIT_ASSIGNED_CONTEXT((#8950,#8951,#8952)) REPRESENTATION_CONTEXT
('Context #1','3D Context with UNIT and UNCERTAINTY') );
#8950 = ( LENGTH_UNIT() NAMED_UNIT(*) SI_UNIT(.MILLI.,.METRE.) );
#8951 = ( NAMED_UNIT(*) PLANE_ANGLE_UNIT() SI_UNIT($,.RADIAN.) );
#8952 = ( NAMED_UNIT(*) SI_UNIT($,.STERADIAN.) SOLID_ANGLE_UNIT() );
#8953 = UNCERTAINTY_MEASURE_WITH_UNIT(LENGTH_MEASURE(1.E-07),#8950,
  'distance_accuracy_value','confusion accuracy');
#8954 = CONTEXT_DEPENDENT_SHAPE_REPRESENTATION(#8955,#8957);
#8955 = ( REPRESENTATION_RELATIONSHIP('','',#7958,#10) 
REPRESENTATION_RELATIONSHIP_WITH_TRANSFORMATION(#8956) 
SHAPE_REPRESENTATION_RELATIONSHIP() );
#8956 = ITEM_DEFINED_TRANSFORMATION('','',#11,#47);
#8957 = PRODUCT_DEFINITION_SHAPE('Placement','Placement of an item',
  #8958);
#8958 = NEXT_ASSEMBLY_USAGE_OCCURRENCE('9','Capacitors','',#5,#7953,$);
#8959 = PRODUCT_RELATED_PRODUCT_CATEGORY('part',$,(#7955));
#8960 = MECHANICAL_DESIGN_GEOMETRIC_PRESENTATION_REPRESENTATION('',(
    #8961),#763);
#8961 = STYLED_ITEM('color',(#8962),#65);
#8962 = PRESENTATION_STYLE_ASSIGNMENT((#8963));
#8963 = SURFACE_STYLE_USAGE(.BOTH.,#8964);
#8964 = SURFACE_SIDE_STYLE('',(#8965));
#8965 = SURFACE_STYLE_FILL_AREA(#8966);
#8966 = FILL_AREA_STYLE('',(#8967));
#8967 = FILL_AREA_STYLE_COLOUR('',#8968);
#8968 = COLOUR_RGB('',1.999999944121E-02,0.27999999963,0.620000000292);
#8969 = MECHANICAL_DESIGN_GEOMETRIC_PRESENTATION_REPRESENTATION('',(
    #8970,#8978,#8985,#8992),#2451);
#8970 = STYLED_ITEM('color',(#8971),#1131);
#8971 = PRESENTATION_STYLE_ASSIGNMENT((#8972));
#8972 = SURFACE_STYLE_USAGE(.BOTH.,#8973);
#8973 = SURFACE_SIDE_STYLE('',(#8974));
#8974 = SURFACE_STYLE_FILL_AREA(#8975);
#8975 = FILL_AREA_STYLE('',(#8976));
#8976 = FILL_AREA_STYLE_COLOUR('',#8977);
#8977 = COLOUR_RGB('',0.750000000934,0.750000000934,0.700000005816);
#8978 = STYLED_ITEM('color',(#8979),#1461);
#8979 = PRESENTATION_STYLE_ASSIGNMENT((#8980));
#8980 = SURFACE_STYLE_USAGE(.BOTH.,#8981);
#8981 = SURFACE_SIDE_STYLE('',(#8982));
#8982 = SURFACE_STYLE_FILL_AREA(#8983);
#8983 = FILL_AREA_STYLE('',(#8984));
#8984 = FILL_AREA_STYLE_COLOUR('',#8977);
#8985 = STYLED_ITEM('color',(#8986),#1791);
#8986 = PRESENTATION_STYLE_ASSIGNMENT((#8987));
#8987 = SURFACE_STYLE_USAGE(.BOTH.,#8988);
#8988 = SURFACE_SIDE_STYLE('',(#8989));
#8989 = SURFACE_STYLE_FILL_AREA(#8990);
#8990 = FILL_AREA_STYLE('',(#8991));
#8991 = FILL_AREA_STYLE_COLOUR('',#8977);
#8992 = STYLED_ITEM('color',(#8993),#2121);
#8993 = PRESENTATION_STYLE_ASSIGNMENT((#8994));
#8994 = SURFACE_STYLE_USAGE(.BOTH.,#8995);
#8995 = SURFACE_SIDE_STYLE('',(#8996));
#8996 = SURFACE_STYLE_FILL_AREA(#8997);
#8997 = FILL_AREA_STYLE('',(#8998));
#8998 = FILL_AREA_STYLE_COLOUR('',#8977);
#8999 = MECHANICAL_DESIGN_GEOMETRIC_PRESENTATION_REPRESENTATION('',(
    #9000),#1112);
#9000 = STYLED_ITEM('color',(#9001),#782);
#9001 = PRESENTATION_STYLE_ASSIGNMENT((#9002));
#9002 = SURFACE_STYLE_USAGE(.BOTH.,#9003);
#9003 = SURFACE_SIDE_STYLE('',(#9004));
#9004 = SURFACE_STYLE_FILL_AREA(#9005);
#9005 = FILL_AREA_STYLE('',(#9006));
#9006 = FILL_AREA_STYLE_COLOUR('',#9007);
#9007 = COLOUR_RGB('',5.000000142576E-02,5.000000142576E-02,
  5.000000142576E-02);
#9008 = MECHANICAL_DESIGN_GEOMETRIC_PRESENTATION_REPRESENTATION('',(
    #9009,#9017,#9024),#7940);
#9009 = STYLED_ITEM('color',(#9010),#6950);
#9010 = PRESENTATION_STYLE_ASSIGNMENT((#9011));
#9011 = SURFACE_STYLE_USAGE(.BOTH.,#9012);
#9012 = SURFACE_SIDE_STYLE('',(#9013));
#9013 = SURFACE_STYLE_FILL_AREA(#9014);
#9014 = FILL_AREA_STYLE('',(#9015));
#9015 = FILL_AREA_STYLE_COLOUR('',#9016);
#9016 = COLOUR_RGB('',6.000000074816E-02,6.000000074816E-02,
  6.000000074816E-02);
#9017 = STYLED_ITEM('color',(#9018),#7280);
#9018 = PRESENTATION_STYLE_ASSIGNMENT((#9019));
#9019 = SURFACE_STYLE_USAGE(.BOTH.,#9020);
#9020 = SURFACE_SIDE_STYLE('',(#9021));
#9021 = SURFACE_STYLE_FILL_AREA(#9022);
#9022 = FILL_AREA_STYLE('',(#9023));
#9023 = FILL_AREA_STYLE_COLOUR('',#9016);
#9024 = STYLED_ITEM('color',(#9025),#7610);
#9025 = PRESENTATION_STYLE_ASSIGNMENT((#9026));
#9026 = SURFACE_STYLE_USAGE(.BOTH.,#9027);
#9027 = SURFACE_SIDE_STYLE('',(#9028));
#9028 = SURFACE_STYLE_FILL_AREA(#9029);
#9029 = FILL_AREA_STYLE('',(#9030));
#9030 = FILL_AREA_STYLE_COLOUR('',#9016);
#9031 = MECHANICAL_DESIGN_GEOMETRIC_PRESENTATION_REPRESENTATION('',(
    #9032,#9040),#6931);
#9032 = STYLED_ITEM('color',(#9033),#6271);
#9033 = PRESENTATION_STYLE_ASSIGNMENT((#9034));
#9034 = SURFACE_STYLE_USAGE(.BOTH.,#9035);
#9035 = SURFACE_SIDE_STYLE('',(#9036));
#9036 = SURFACE_STYLE_FILL_AREA(#9037);
#9037 = FILL_AREA_STYLE('',(#9038));
#9038 = FILL_AREA_STYLE_COLOUR('',#9039);
#9039 = COLOUR_RGB('',1.,0.850000012718,5.000000142576E-02);
#9040 = STYLED_ITEM('color',(#9041),#6601);
#9041 = PRESENTATION_STYLE_ASSIGNMENT((#9042));
#9042 = SURFACE_STYLE_USAGE(.BOTH.,#9043);
#9043 = SURFACE_SIDE_STYLE('',(#9044));
#9044 = SURFACE_STYLE_FILL_AREA(#9045);
#9045 = FILL_AREA_STYLE('',(#9046));
#9046 = FILL_AREA_STYLE_COLOUR('',#9039);
#9047 = MECHANICAL_DESIGN_GEOMETRIC_PRESENTATION_REPRESENTATION('',(
    #9048),#2752);
#9048 = STYLED_ITEM('color',(#9049),#2470);
#9049 = PRESENTATION_STYLE_ASSIGNMENT((#9050));
#9050 = SURFACE_STYLE_USAGE(.BOTH.,#9051);
#9051 = SURFACE_SIDE_STYLE('',(#9052));
#9052 = SURFACE_STYLE_FILL_AREA(#9053);
#9053 = FILL_AREA_STYLE('',(#9054));
#9054 = FILL_AREA_STYLE_COLOUR('',#9055);
#9055 = COLOUR_RGB('',0.720000003324,0.720000003324,0.720000003324);
#9056 = MECHANICAL_DESIGN_GEOMETRIC_PRESENTATION_REPRESENTATION('',(
    #9057),#5813);
#9057 = STYLED_ITEM('color',(#9058),#2771);
#9058 = PRESENTATION_STYLE_ASSIGNMENT((#9059));
#9059 = SURFACE_STYLE_USAGE(.BOTH.,#9060);
#9060 = SURFACE_SIDE_STYLE('',(#9061));
#9061 = SURFACE_STYLE_FILL_AREA(#9062);
#9062 = FILL_AREA_STYLE('',(#9063));
#9063 = FILL_AREA_STYLE_COLOUR('',#9064);
#9064 = COLOUR_RGB('',7.999999887273E-02,7.999999887273E-02,
  7.999999887273E-02);
#9065 = MECHANICAL_DESIGN_GEOMETRIC_PRESENTATION_REPRESENTATION('',(
    #9066),#6252);
#9066 = STYLED_ITEM('color',(#9067),#5832);
#9067 = PRESENTATION_STYLE_ASSIGNMENT((#9068));
#9068 = SURFACE_STYLE_USAGE(.BOTH.,#9069);
#9069 = SURFACE_SIDE_STYLE('',(#9070));
#9070 = SURFACE_STYLE_FILL_AREA(#9071);
#9071 = FILL_AREA_STYLE('',(#9072));
#9072 = FILL_AREA_STYLE_COLOUR('',#9073);
#9073 = COLOUR_RGB('',9.999999991362E-02,0.299999996101,0.750000000934);
#9074 = MECHANICAL_DESIGN_GEOMETRIC_PRESENTATION_REPRESENTATION('',(
    #9075,#9082,#9089),#8949);
#9075 = STYLED_ITEM('color',(#9076),#7959);
#9076 = PRESENTATION_STYLE_ASSIGNMENT((#9077));
#9077 = SURFACE_STYLE_USAGE(.BOTH.,#9078);
#9078 = SURFACE_SIDE_STYLE('',(#9079));
#9079 = SURFACE_STYLE_FILL_AREA(#9080);
#9080 = FILL_AREA_STYLE('',(#9081));
#9081 = FILL_AREA_STYLE_COLOUR('',#9016);
#9082 = STYLED_ITEM('color',(#9083),#8289);
#9083 = PRESENTATION_STYLE_ASSIGNMENT((#9084));
#9084 = SURFACE_STYLE_USAGE(.BOTH.,#9085);
#9085 = SURFACE_SIDE_STYLE('',(#9086));
#9086 = SURFACE_STYLE_FILL_AREA(#9087);
#9087 = FILL_AREA_STYLE('',(#9088));
#9088 = FILL_AREA_STYLE_COLOUR('',#9016);
#9089 = STYLED_ITEM('color',(#9090),#8619);
#9090 = PRESENTATION_STYLE_ASSIGNMENT((#9091));
#9091 = SURFACE_STYLE_USAGE(.BOTH.,#9092);
#9092 = SURFACE_SIDE_STYLE('',(#9093));
#9093 = SURFACE_STYLE_FILL_AREA(#9094);
#9094 = FILL_AREA_STYLE('',(#9095));
#9095 = FILL_AREA_STYLE_COLOUR('',#9016);
ENDSEC;
END-ISO-10303-21;
